date,strategy,soc_start_kwh,soc_end_kwh,plan_kwh,charge_kwh,discharge_kwh,emergency_kwh,spill_kwh,original_plan_kwh,increase_kwh,decrease_kwh,original_cost_yuan,increase_cost_yuan,decrease_cost_yuan,emergency_cost_yuan,total_cost_yuan,emergency_intervals
2025-02-01,q3_bias_ablation,9902.8112878703687,5965.0023200651467,36942.325306685627,15533.663544909567,16126.295542401445,25.29140240705712,3182.0727732512305,39992.170686951256,0,3049.8453802656222,21375.839322582422,0,-1037.5211893134754,124.82571658003042,20463.143849848977,1
2025-02-02,q3_bias_ablation,5965.0023200651467,6205.2544235856558,86363.838944053306,22814.211300852308,18263.284260521923,131.5612438962205,3588.1951976191358,90839.348824520712,0,4475.5098804674108,57125.123033167372,0,-1611.566736380043,917.77123742003425,56431.327534207361,1
2025-02-03,q3_bias_ablation,6205.2544235856558,6159.8918602449858,87434.855670087185,22721.549841250762,18445.28167841972,91.307043639601829,3032.9780508957529,92407.577292810529,57.333006932973376,5030.0546296563152,58287.587067151573,110.77596934554451,-1772.7603005803376,636.95793642986234,57262.560672346634,1
2025-02-04,q3_bias_ablation,6159.8918602449858,6501.4363478610139,89028.804806588363,23336.202129357385,18594.933685925062,0,3092.6724131560532,95118.10240016086,829.50390490777056,6918.8014984802703,60411.120041988186,1552.4755007279773,-2549.829421578746,0,59413.766121137422,0
2025-02-05,q3_bias_ablation,6501.4363478610139,6031.1220248377522,84355.02840327294,23454.976172812749,19421.813590699261,704.70310170281471,278.14193952894789,83102.249900068156,1395.3418334326029,142.5633302278178,51755.751691479541,2160.5015795261775,-48.58766663275614,3687.2817318824764,57554.947336255434,9
2025-02-06,q3_bias_ablation,6031.1220248377522,6096.5671163599618,85495.137753404793,23493.292283568844,18970.666167320789,8.1797199875314845,709.63414047761239,90524.022340106705,1484.4221557434728,6513.3067424453811,56988.033782600607,2678.1363502779459,-2352.4684551074497,47.633561440505972,57361.335239211607,2
2025-02-07,q3_bias_ablation,6096.5671163599618,5528.2884800291986,37258.767402610945,20305.102006572401,16958.583398021332,960.27344106581222,3066.8425684590206,39501.919777118354,0,2243.1523745074087,20182.704275703312,0,-694.46247583868205,4962.8641508086312,24451.105950673264,7
2025-02-08,q3_bias_ablation,5528.2884800291986,5891.2830324075994,34867.929794307231,18935.094445913252,15010.731404049171,1633.2106312489225,999.61466702540451,32776.321609276711,2091.6081850305172,0,16278.696115938768,2881.7677832602858,0,8132.3486832973158,27292.812582496372,10
2025-02-09,q3_bias_ablation,5891.2830324075994,5885.1308254965597,85402.121639099409,24283.701664322827,19675.335334321426,75.868186162144568,1314.2075285935048,81685.053996817558,3717.0676422818642,0,50474.211267814462,4668.9522117209017,0,360.31090039198233,55503.474379927342,4
2025-02-10,q3_bias_ablation,5885.1308254965597,5598.0950040142052,78401.382183581081,22488.059193330279,18473.66018593164,474.61234031256913,534.95793316169136,79005.94515425706,745.19194332700044,1349.7549140029694,48863.246044809799,1148.4315498316732,-380.65801325656338,2658.2910606187338,52289.310642003642,10
2025-02-11,q3_bias_ablation,5598.0950040142052,5886.072599106139,78292.267239429377,23604.331180162175,18860.328420348626,1811.9802468820214,139.64759316453058,79341.429472125892,1128.3568115158582,2177.5190442123571,49059.03074525304,1924.2942507511034,-862.58314286040672,9323.7480492259929,59444.489902369722,17
2025-02-12,q3_bias_ablation,5886.072599106139,5932.1985337938995,80234.736459240696,22554.427462953499,18227.572903773347,197.32583160289585,838.47159833012233,81722.098717518325,1184.3865608047117,2671.7488190823201,50774.287493560347,2201.450755718563,-840.07838999715136,1040.8253883056027,53176.485247587363,9
2025-02-13,q3_bias_ablation,5932.1985337938995,6015.7397011664052,77163.697715063419,22733.31489472762,18338.798014094118,308.37558676155555,1748.0774045248104,76670.895906874546,922.70595438125747,429.90414619238129,46890.116810124789,1167.4173563355957,-112.30153025187749,1858.3805628766952,49803.613199085201,8
2025-02-14,q3_bias_ablation,6015.7397011664052,5610.1520165984966,34544.062004580206,18651.651222064498,15472.866405983361,917.21293513218461,2480.6883069645883,33640.578135366435,926.02641860096196,22.542549387193276,17142.118430993902,1217.5377024192596,-5.0242262096513404,4880.7634684074528,23235.395375610962,10
2025-02-15,q3_bias_ablation,5610.1520165984966,5678.0166847407991,34322.081513713783,18171.462427963721,14657.806365322545,1218.3139051166622,2746.6482561892635,34255.718133562426,386.833945708295,320.47056555694132,17716.205192554684,562.85694336177403,-128.75508615240807,5517.8156228999533,23668.122672664002,13
2025-02-16,q3_bias_ablation,5678.0166847407991,6287.5916729043811,80746.758251516963,22557.354594230306,17722.839731979322,60.089159931799145,594.95344919778279,83248.528429027676,2297.8813123044119,4799.6514898151208,51548.518800284211,4299.0574104952284,-1678.9048065158688,275.42131439707947,54444.092718660657,2
2025-02-17,q3_bias_ablation,6287.5916729043811,5897.7167509941173,76665.489690184884,19434.550500030491,16092.873334743939,131.70465387455113,2271.6540121062299,82427.363546059583,1374.9819040167386,7136.8557598914322,50782.810023516395,2584.9928125660631,-2018.6465980700623,873.50404982051737,52222.660287832914,3
2025-02-18,q3_bias_ablation,5897.7167509941173,6615.7884107587406,77247.706337482945,22565.886688359831,17632.103723783301,60.630732483316137,283.16632205640519,73718.024889351582,3529.6814481313663,0,45314.717654552871,4797.3946157091605,0,274.30814420235708,50386.420414464388,4
2025-02-19,q3_bias_ablation,6615.7884107587406,5873.9212597818123,77135.599457624296,23280.822506076853,19525.146665801487,117.76193825307853,618.35817226867937,74308.126634317217,2829.208344852239,1.7355215451568711,46025.175986895563,3046.0911655601581,-0.37494363438995165,527.22127643932345,49598.113485260648,4
2025-02-20,q3_bias_ablation,5873.9212597818123,6329.0999591646469,77281.899820017599,22272.565036417422,17631.11685005356,44.749493398165896,1692.0673937185825,78451.047445543314,690.78069987519734,1859.9283254009028,47974.710229547869,1117.5964246045062,-522.92022544127735,209.60662707700905,48778.993055788109,1
2025-02-21,q3_bias_ablation,6329.0999591646469,5569.8302323452044,33113.549099080665,17983.634032815924,15250.086320718394,437.8820675074636,5257.6214211572697,33163.907234745202,96.070563750079941,146.42869941461527,16974.136376848786,125.69013431366898,-50.92546987183524,2303.385238891894,19352.28628018251,7
2025-02-22,q3_bias_ablation,5569.8302323452044,5998.6626431093146,34785.200660313814,18300.998294416997,14437.85944879007,335.256461789105,3412.5553931426621,34811.32067510765,253.08822132510332,279.20823611893735,17991.466557540931,400.79895755395535,-94.634745695616118,1844.5232207014847,20142.153990100753,4
2025-02-23,q3_bias_ablation,5998.6626431093146,6223.1350874887685,76582.746844733862,23515.071806640808,18845.182963437554,23.466642487940476,404.47096068520682,77763.49737412596,603.29448463513882,1784.0450140272521,47619.219801140818,1082.9646392955842,-612.58439615286102,106.84667791351318,48196.446722197055,2
2025-02-24,q3_bias_ablation,6223.1350874887685,6198.2250938097341,72902.43568235953,21418.859277278672,17371.695008906849,52.87557581176145,705.11337313280899,73989.975447146848,316.56152312183758,1404.1012879091465,46003.544635291924,602.33391459540428,-563.15510788988763,239.68010335229064,46282.403545349734,2
2025-02-25,q3_bias_ablation,6198.2250938097341,5896.0786770421428,71844.388476698616,20011.941492869966,16481.604384315506,62.847672778132349,2555.5758075889648,76600.524285947497,390.84240717439457,5146.9782164232784,46959.562152457445,742.86040032217102,-1371.9414562558018,277.60406397819492,46608.085160502014,4
2025-02-26,q3_bias_ablation,5896.0786770421428,6428.1819408224674,74419.244206145377,23014.199550701022,18162.608698665535,11.225448775833797,764.03076955240181,71034.729175309913,3485.5324100699936,101.0173792345247,43314.687157137232,3502.4211497696206,-31.587782626266375,49.159333029907629,46834.67985731049,2
2025-02-27,q3_bias_ablation,6428.1819408224674,6305.9080180487035,72427.594100714166,22710.676958672964,18505.694867021484,16.702291071779655,1282.7301001344763,71027.323312223714,1555.1908675906084,154.9200791001511,43608.518554791277,2182.6339516407161,-38.453271691231784,73.139332603323112,45825.838567344079,1
2025-02-28,q3_bias_ablation,6305.9080180487035,5772.9186318647298,31710.434052574037,16980.533957493481,14233.922953135299,1034.1905432978758,6705.4200415137338,32491.36293413087,0,780.92888155682863,16779.270689382942,0,-330.77804606589842,4735.9128099066211,21184.405453223662,8
2025-03-01,q3_bias_ablation,5772.9186318647298,5986.002650542765,35464.412343516051,16836.720769438762,13445.968206435165,244.03479983543843,8658.9286470145635,36801.491247954466,211.82200605004965,1548.9009104884622,18880.66224417679,304.82586409952393,-566.86238827047282,1333.8685309527664,19952.494250958611,4
2025-03-02,q3_bias_ablation,5986.002650542765,6129.843362691081,78295.01529392309,23181.224578576934,18647.335267713825,0,1402.8189163933152,79742.233941057551,1380.7124003081944,2827.9310474426593,49022.972643690315,2468.3932831162751,-1070.200290438187,0,50421.165636368401,0
2025-03-03,q3_bias_ablation,6129.843362691081,5937.4450625880791,77714.623443112854,21248.250334219818,17384.241240810756,137.15470044562989,1970.6224168160954,82217.089203362368,1329.9949664759888,5832.4607267255005,50821.510021852868,2134.507166558084,-1725.4000678989423,653.48015690305522,51884.097277415072,6
2025-03-04,q3_bias_ablation,5937.4450625880791,6109.4440217712727,74420.102568064496,21442.792422108767,17213.862798643222,0,991.71501126562646,73950.203943826156,1517.705371840847,1047.8067476024985,45434.260319177542,2860.316492230374,-398.61363980254816,0,47895.963171605363,0
2025-03-05,q3_bias_ablation,6109.4440217712727,6103.2305704733199,72054.555319124484,19756.629711987702,16008.462172878195,0,2175.9157633483201,77311.242266391928,1520.8217831798811,6777.5087304473054,47392.999485307497,2886.2630663387895,-2027.3447421636147,0,48251.917809482671,0
2025-03-06,q3_bias_ablation,6103.2305704733199,6312.2541227493994,70801.242338899217,21433.780691583943,17173.241163134531,0,600.04867711647762,71881.208879955622,1126.1682631135816,2206.1348041699825,43980.323612290871,1985.4376477005519,-734.71892369085276,0,45231.042336300568,0
2025-03-07,q3_bias_ablation,6312.2541227493994,5772.0770912509806,31211.71009482559,15646.799386346655,13160.066831289361,153.44414463407767,7956.1361510690404,32755.419868100864,423.16813346952375,1966.8779067448017,17271.186676802477,580.52675814441693,-831.0964222301443,726.22435298804066,17746.841365704789,4
2025-03-08,q3_bias_ablation,5772.0770912509806,6019.4571340634502,30629.244640142504,16230.741412744826,12924.258505792088,718.27933092203443,8977.9015474451353,30484.667115826669,171.08817264765969,26.510648331823631,15772.573137145522,224.39958929196752,-7.4188045273677599,2801.064267035551,18790.618188945671,6
2025-03-09,q3_bias_ablation,6019.4571340634502,6404.4207132571946,69869.189042438025,22009.177409344222,17480.966480294454,0,2007.4530633882673,73676.958716522829,269.63160101941673,4077.4012751042119,44655.558678478585,405.62582381626123,-1123.7993874925389,0,43937.38511480231,0
2025-03-10,q3_bias_ablation,6404.4207132571946,6021.6009781293587,71129.56809146078,21768.699837127337,17977.184629688203,1266.4955797628677,562.47701378451632,70136.778132862048,1096.3402642189862,103.55030562024547,42384.8888760794,1170.4779408892416,-39.173859639040742,6408.6196913229487,49924.812648652551,9
2025-03-11,q3_bias_ablation,6021.6009781293587,6535.4786679939907,68959.837270183634,22549.687535615212,17802.756982970161,700.2291077568982,974.21702529548418,61839.998959353739,7121.2099393234603,1.3716284935630938,37740.687052842157,7280.2198266720388,-0.80814417352328183,3602.3006291022243,48622.399364442899,5
2025-03-12,q3_bias_ablation,6535.4786679939907,6044.8548785920766,67065.011631798756,21491.788285316819,17849.909921568345,0,987.59858471695247,70582.172208593751,171.31525689989849,3688.475833694888,42914.632679606984,306.36978041523548,-1104.2145649834677,0,42116.787895038753,0
2025-03-13,q3_bias_ablation,6044.8548785920766,6102.3567238395899,73455.064850852737,22116.990790263197,17863.010879390429,177.12741995773092,1832.5943432710428,71260.711027284298,2455.0211057839124,260.66728221545986,43009.653648063701,2658.3985438051427,-133.20666777152866,1230.9839893364117,46765.829513433731,2
2025-03-14,q3_bias_ablation,6102.3567238395899,5807.973789912201,29269.987757060157,16129.492359216802,13329.833451500261,764.61082612497739,11205.51369213526,29000.504451064662,533.19772583478289,263.7144198392902,14942.83028182956,713.77389046294172,-108.42791194144688,3142.9097764268686,18691.086036777924,6
2025-03-15,q3_bias_ablation,5807.973789912201,5753.3944466269568,30125.242780608503,16049.182663562307,13048.95936644219,675.17846964338673,6876.0728031317703,29607.662872934037,551.65122631507688,34.071318640612162,14980.26240393507,748.36516255030392,-15.058195619391212,2982.5709757764776,18696.14034664246,11
2025-03-16,q3_bias_ablation,5753.3944466269568,6593.8636347731708,69332.523949244642,22521.010194311173,17485.595988060464,1.6400000000001,947.70280966059715,68814.776852257492,682.62999352634915,164.88289653918821,41866.109022945551,798.87608765178561,-55.686130091631924,7.4611800000004553,42616.760160505706,1
2025-03-17,q3_bias_ablation,6593.8636347731708,6192.2543217182647,63140.928440336858,21370.651278823509,17671.675917596469,224.05534535435964,1807.8769911308448,63744.951592406062,1063.9109727070704,1667.9341247762761,38005.398552982719,1346.7683354932924,-409.95730687846265,1159.4828235063187,40101.692405103866,4
2025-03-18,q3_bias_ablation,6192.2543217182647,6173.490083474906,67996.567396225757,20050.339583981528,16257.662877444061,0,3077.9323230216287,71992.521089584712,313.21871289851066,4309.172406257474,43692.239722251332,557.88893295994922,-1101.0121903000913,0,43149.116464911189,0
2025-03-19,q3_bias_ablation,6173.490083474906,6437.9547804808617,65425.012846414043,22064.655659847827,17634.352857171387,328.74619195852227,1857.9857856961203,59206.72556541588,6224.4013782742722,6.1140972761079411,36230.42301405123,6011.8899074427673,-3.8114783159901378,1600.5438003895624,43839.045243567569,3
2025-03-20,q3_bias_ablation,6437.9547804808617,6168.1971948137752,65434.780273873563,21247.961219474655,17453.630414874853,1007.0214517201061,438.50910432721082,67553.532350521069,500.893730331999,2619.645806979488,41133.524948027145,951.58987364004417,-936.84696496371794,5098.5097133870204,46246.777570090489,8
2025-03-21,q3_bias_ablation,6168.1971948137752,5590.1910494086214,27421.44471624463,15841.271973920677,13351.635829740386,1704.1781952091162,14602.522250606788,28276.91181562989,72.993920148200687,928.46101953345965,14553.045496368801,105.8006128374292,-390.92647295967782,7517.2171132461081,21785.13674949266,13
2025-03-22,q3_bias_ablation,5590.1910494086214,6131.180566886379,30319.450240357204,16083.225920056118,12540.522429515468,0,10895.547016483219,30977.717039331885,36.944538932431186,695.21133790711087,16081.923533757179,57.882565457258622,-302.18798283417698,0,15837.618116380259,0
2025-03-23,q3_bias_ablation,6131.180566886379,6266.6941420351523,64700.934401490857,20559.712032100761,16531.404528367719,8.9719804218588699,1911.8787615130182,69335.151144325326,379.2604895378837,5013.4772323723337,41856.016640775328,655.86275969417761,-1487.8061747069733,50.889003613207052,41074.962229375735,2
2025-03-24,q3_bias_ablation,6266.6941420351523,5799.5578236188994,63865.472279703317,21176.108165338541,17573.070300498854,0,2263.9373315302955,64937.413359036582,1235.9911721988547,2307.932251532126,39037.314211931065,1517.5011263758524,-583.48962709155717,0,39971.325711215359,0
2025-03-25,q3_bias_ablation,5799.5578236188994,6044.3492666943603,66832.266650243997,21170.096452854075,16927.465828043889,52.052688959260173,1691.563997726407,72251.479388402891,432.39659610444664,5851.6093342633449,43427.226514653201,705.58427269694334,-1614.6223480942213,243.89287411861358,42762.08131337454,2
2025-03-26,q3_bias_ablation,6044.3492666943603,6090.2968483236355,59567.756659716833,21633.188907863132,17481.530191902792,705.57547290441562,529.118549994256,62026.733432528657,166.21426179862806,2625.1910346104469,37505.888324913874,245.42722443825545,-863.52935545653781,3645.4275612579245,40533.21375515352,6
2025-03-27,q3_bias_ablation,6090.2968483236355,6138.0252876322538,63380.831002580708,20744.890475697779,16760.405689937452,0,679.35681682038148,65943.587643481515,313.41904740463013,2876.1756883054377,39800.803663996528,474.55776174659252,-752.66031581652203,0,39522.701109926602,0
2025-03-28,q3_bias_ablation,6138.0252876322538,5748.5826286434585,28334.285965540192,15944.626769123906,13265.646076080278,423.8780189649633,15257.302524794866,28991.132914427479,21.187254297171002,678.0342031844566,14718.096832708959,26.954871147452728,-281.62625421097141,2080.4344194835044,16543.859869128944,2
2025-03-29,q3_bias_ablation,5748.5826286434585,5998.7755825018785,28781.990203367368,16158.016181251249,12862.819448340939,270.9168765459151,18050.501163669636,28296.150866828582,578.12168879969886,92.282352260909647,13997.374915059347,792.34284645552759,-39.520209076559922,1312.10318092477,16062.300733363083,5
2025-03-30,q3_bias_ablation,5998.7755825018785,6190.2956838980817,62743.284190234634,20813.591770210413,16686.641242613856,0,3270.7139626380877,65842.308677713518,379.94641331771095,3478.9709007965957,39209.077031160981,636.5121141550743,-946.13759201166999,0,38899.451553304389,0
2025-03-31,q3_bias_ablation,6190.2956838980817,6190.4131578940023,61123.413946754939,21272.865223067594,17230.915104088424,43.447585444649306,173.52192988709373,56535.419376766338,4623.8222065462724,35.82763655766405,34196.770361365852,4616.6025589278888,-11.867628366168031,201.10969688669684,39002.614988814275,5
2025-04-01,q3_bias_ablation,6190.4131578940023,6146.6460455363167,65771.325715487241,19723.308008623681,16015.269888107096,0,1854.4360783039979,69287.384427576151,707.34743921009635,4223.4061512990047,40845.256835431486,1029.5569519022113,-1000.3696265401674,0,40874.44416079353,0
2025-04-02,q3_bias_ablation,6146.6460455363167,6042.5389855534177,65252.246367358799,20534.141766072429,16726.351184503277,199.41395058051373,1208.5343363701688,66294.70330947706,372.48911316187912,1414.9460552801411,39493.04972778674,473.97632044849956,-329.07695529983567,1326.2259126239903,40964.175005559388,7
2025-04-03,q3_bias_ablation,6042.5389855534177,6162.8800338967794,63759.802443688415,19752.899672141713,15891.541790925759,0,4034.9142958057964,67493.038222649557,183.46026851454633,3916.6960474756852,40861.239840271643,302.20521434332898,-1209.2779209547562,0,39954.167133660216,0
2025-04-04,q3_bias_ablation,6162.8800338967794,5824.3205916424249,26822.622007026934,16093.903410030292,13340.765260153454,627.52865214512065,18266.210259295218,27179.609308260086,0,356.98730123315346,13512.883483804548,0,-152.32111505126625,2797.6366813317973,16158.199050085077,5
2025-04-05,q3_bias_ablation,5824.3205916424249,5857.4476077511617,27991.876932350089,16246.681081730461,13129.997361703809,147.91947131703611,12978.997700307145,27692.894289738368,356.60485890013666,57.622216288408026,13680.959255763009,535.46597351417336,-18.202523293123093,707.02297378270623,14905.245679766767,5
2025-04-06,q3_bias_ablation,5857.4476077511617,6142.8663448781081,62471.297570840718,21042.972653401448,16787.930985840921,149.9777036441412,3956.1573402576719,64701.031336941785,621.53388250853141,2851.2676486095988,37846.829986193799,836.56399774316333,-698.02428220739216,849.13437114364524,38834.504072873213,5
2025-04-07,q3_bias_ablation,6142.8663448781081,5664.2650623939526,56545.108844477458,20680.822033401404,17182.207001290881,375.78604891593142,179.5605779495362,55321.1743576601,1651.1291247440058,427.19463792665016,32809.048769720859,1712.8268479890105,-202.09411320320314,2452.7740890922314,36772.555593598896,4
2025-04-08,q3_bias_ablation,5664.2650623939526,5976.1537459824285,61707.416961272364,20677.478573150111,16468.057829021964,59.254885465432906,3204.0574859429826,65156.371515400344,573.21326947861689,4022.1678236066114,38893.154437883008,1018.4852891268139,-1150.7905148873995,313.99630323837823,39074.845515360801,4
2025-04-09,q3_bias_ablation,5976.1537459824285,6124.1680573699596,64525.474551150808,21243.719187048224,17074.199661260278,0,1221.6440086962032,63470.563404209446,1077.0351190494048,22.123972108032376,37748.350662005614,1094.3418653713027,-7.1061670123664413,0,38835.586360364541,0
2025-04-10,q3_bias_ablation,6124.1680573699596,6183.6969016813109,58882.725493462975,21071.930373139476,17014.687642362755,142.16753597798547,507.01239866423782,61176.4680226778,367.55165960430367,2661.2941888191444,36951.334416908241,699.10004196386865,-991.89616448423226,786.50753954731795,37445.04583393519,5
2025-04-11,q3_bias_ablation,6183.6969016813109,5558.6337856049968,25573.15835658347,15961.931844850889,13491.721598797903,1226.4897738660788,19012.787717729894,25607.297595550197,65.184861984135765,99.324100950864818,12465.862294810515,96.190854345773161,-22.577053070491992,5524.1998936878208,18063.675989773612,9
2025-04-12,q3_bias_ablation,5558.6337856049968,5945.8870361884638,27642.550573772391,16086.341136630992,12681.408395145987,14.97560356863886,15227.43288585602,28285.675605233278,23.746542346181656,666.87157380706981,14201.779410560725,29.984395587555998,-294.5366257851245,73.912091413017095,14011.139271776172,1
2025-04-13,q3_bias_ablation,5945.8870361884638,6369.9779319103964,59255.203692072362,20839.36529539022,16498.204083116339,0,637.6839964651424,58018.99353834831,1258.6442176940616,22.434063970012858,34263.53028854428,1930.516712229916,-4.9993021149824228,0,36189.047698659218,0
2025-04-14,q3_bias_ablation,6369.9779319103964,6070.7786700948318,56738.286650148948,19162.810718777393,15791.156017843696,201.52969917781365,1040.1298483930664,60847.044579328329,919.86572568199108,5028.623654861377,36415.751002929952,1635.6407148305811,-1735.8221154784153,1389.9499814907842,37705.519583772904,2
2025-04-15,q3_bias_ablation,6070.7786700948318,6261.1224917055115,55097.31095349203,20124.89127635254,16129.852494395942,0,962.84333820209986,53523.631517617308,1865.8888112341372,292.20937535942039,31744.669404295451,2567.4528825728385,-60.092858042664801,0,34252.029428825626,0
2025-04-16,q3_bias_ablation,6261.1224917055115,5916.2206311107602,59975.303279158725,20151.352284562847,16633.007025031191,145.59504182404712,822.96111145111468,59333.194235763644,1515.3680686058124,873.25902521072771,34583.441555577527,1957.4791072560836,-236.09278462340862,811.95908133020794,37116.786959540412,6
2025-04-17,q3_bias_ablation,5916.2206311107602,6117.2750244064546,56918.393654185777,20188.675578052535,16171.878264256426,221.10794464898873,254.36193503865832,54014.502892936238,2910.6716608455322,6.7808995959926506,32753.061012974358,2798.7077721160417,-2.6921751827026137,1401.1938022261527,36950.270412133847,4
2025-04-18,q3_bias_ablation,6117.2750244064546,5931.7951528027415,25502.581654842274,16129.410760263794,13231.754600257012,837.27590881983974,17088.084220321998,26101.311299381872,0,598.72964453960446,12738.26833525964,0,-253.80086239968125,3809.6086874833659,16294.076160343326,7
2025-04-19,q3_bias_ablation,5931.7951528027415,5856.9873746354679,26013.431739276166,16182.290694402702,13174.982462816733,504.66609044506953,16726.110348135266,25763.097028016029,739.18100395361012,488.84629269347329,12215.759966372498,1031.6721801794486,-202.37774969076614,2434.6782027995855,15479.732599660765,3
2025-04-20,q3_bias_ablation,5856.9873746354679,6033.632256205261,56986.120089733406,21644.967068378028,17373.442931973386,9.9638915899158746,766.81496158534924,55469.21084986419,1811.3933351859687,294.48409531675554,32985.702897360148,1774.4899273260796,-149.11189076385932,69.508107731253148,34680.58904165362,1
2025-04-21,q3_bias_ablation,6033.632256205261,5914.745910344378,55650.326671852192,19120.994749212092,15595.003458136594,118.46756853817965,3725.892565981545,59485.72776360884,106.11559915575117,3941.5166909123968,35151.563337514483,162.94021041737764,-1178.7702365683037,660.16422680266442,34795.897538166224,6
2025-04-22,q3_bias_ablation,5914.745910344378,5835.8321522698097,56018.526493568635,20156.20118614945,16397.545343048172,0.48179564635345073,107.42312944704366,53716.988631364846,2576.6481245129685,275.11026230918139,31816.148949181181,2688.0644643048854,-138.04258169787653,2.3779024125774564,34368.548734200769,1
2025-04-23,q3_bias_ablation,5835.8321522698097,6190.4754712596705,56167.262309002734,20181.486969933801,16027.825458555508,63.071820969958225,676.75590192772813,51534.096195737548,4652.7994489290631,19.633335663879279,30544.16578412777,4224.9589991149469,-5.3308093074764153,327.68910677499878,35091.483080710241,2
2025-04-24,q3_bias_ablation,6190.4754712596705,6039.7182347803846,53534.398977266857,19307.079449994148,15774.415867326616,0,2911.6286945993334,52304.3813487433,1239.9804456380871,9.9628171145290025,31169.33936969432,1693.9561764263608,-6.2561087887193079,0,32857.039437331958,0
2025-04-25,q3_bias_ablation,6039.7182347803846,5671.1114295053949,24477.764420999461,16005.5621899664,13296.251498620279,604.320118968727,20372.416198622064,25032.416005004223,142.55061570821647,697.20219971297593,12204.770597665798,184.78195901273827,-327.76393047429406,2782.4348232676225,14844.223449471865,5
2025-04-26,q3_bias_ablation,5671.1114295053949,5830.3884726374099,25876.484847007276,16188.73980728578,12969.529905082667,334.90205238291361,22921.983363853746,25873.992216527287,220.95724426317321,218.46461378318514,12477.126335770972,296.1379069301488,-96.178251937887154,1609.0200008446791,14286.105991607914,3
2025-04-27,q3_bias_ablation,5830.3884726374099,6391.1761829129309,53427.768759239021,20408.268385887135,16025.988453320608,95.687163226542992,567.70480656571021,51613.445245895753,1973.6056910809486,159.28217773767847,30580.352323901072,3374.2876948318262,-58.786400304979963,491.93546143849267,34387.789079866408,2
2025-04-28,q3_bias_ablation,6391.1761829129309,5990.8073676688637,60732.806571734465,19869.36908861425,16454.520895497204,246.45216881818052,942.4432307689342,62850.454052412562,92.540414728885821,2210.1878954069812,36821.160647859986,145.17525922603929,-688.75014762573983,1518.1848181900027,37795.770577650284,5
2025-04-29,q3_bias_ablation,5990.8073676688637,6368.3936392791684,53069.59645445794,18601.579698780828,14727.451911563196,196.05470444370883,1958.3096550173536,52618.17027324409,1074.6849453222228,623.25876410836759,31343.346320417164,1502.3660209880327,-130.72729258468186,1367.6776181993127,34082.662667019824,1
2025-04-30,q3_bias_ablation,6368.3936392791684,6028.6636438201022,51186.576864243645,18181.569831668781,15032.828559564874,320.70043335580829,101.68159216221488,49984.200595588729,1213.8959025877766,11.519633932855413,30326.187781666147,878.80138358430668,-2.4249692511690695,1722.3425803924838,32924.90677639177,7
2025-05-01,q3_bias_ablation,6028.6636438201022,5426.4082041482352,53383.058435694402,19343.804049992093,16210.511176198273,1585.5175304611694,823.90429236176124,52423.110322374079,1017.3267049349853,57.378591614651782,31708.755592141766,1722.7787709679033,-27.911432670406583,9759.0049955205832,43162.627925959845,13
2025-05-02,q3_bias_ablation,5426.4082041482352,5319.8563108690814,27196.486194214678,15784.475711741054,12881.322030461495,1880.8707479869456,11883.883177588727,26927.411114911036,580.18867481100699,311.11359550736779,13557.415255342439,803.40090648038836,-147.44362014707846,9833.2509969448583,24046.62353862061,15
2025-05-03,q3_bias_ablation,5319.8563108690814,5718.534261324623,27244.8537239855,16023.604188226251,12620.309237053276,1446.1808105208079,16420.567933333328,25969.329092051816,1291.6467113147528,16.122079381070662,12441.408020755229,1803.6598876865296,-7.6387361191895646,8100.3425955309085,22337.771767853475,12
2025-05-04,q3_bias_ablation,5718.534261324623,5655.6706480164794,54452.45519718303,18740.585423462595,15236.451444982027,980.11120329633604,193.76508866547039,53453.371224803843,2633.8230774218009,1634.7391050426111,31577.896083605054,4536.109407040165,-590.18446534937141,5924.866227363701,41448.687252659554,8
2025-05-05,q3_bias_ablation,5655.6706480164794,5472.8489133744688,57899.874425751565,20132.005767756058,16471.464233060215,910.47881860723828,73.804909662968498,55307.42398596165,2592.4504397899209,0,33020.72219239355,4017.2522628082434,0,5847.9954817855714,42885.969936987356,8
2025-05-06,q3_bias_ablation,5472.8489133744688,5377.2690792169897,52394.934697089244,18276.8981349362,14890.309340040059,3894.7394661991252,33.003001725564033,48539.26768536563,3855.6670117236072,0,28855.129694164796,5365.3619833956609,0,20559.205148169647,54779.696825730105,23
2025-05-07,q3_bias_ablation,5377.2690792169897,5941.5194034726355,59519.13643004281,20937.070995378373,16451.202214426405,371.804348085247,337.2260471760959,57422.882016396048,2194.9265699763591,98.672156329591303,34953.026649716296,2067.9042787899116,-32.2502809405199,2523.6978574143286,39512.378504980021,3
2025-05-08,q3_bias_ablation,5941.5194034726355,6608.8432672869494,63446.425549612424,19759.38492004092,15404.510307800263,35.999250000000075,3301.0377873717716,66539.447301710214,39.843801640521121,3132.8655537383152,39923.88380808902,46.699703372291623,-786.85257048155688,243.22893262500051,39426.959873604756,1
2025-05-09,q3_bias_ablation,6608.8432672869494,6304.4448749337334,28860.582176012191,15983.702786875197,13220.757810486808,81.993947237253209,17680.245296861052,29743.346049186592,111.12286261641657,993.88673579081456,15802.544380099116,165.54952596924338,-470.1176324251868,474.69629679692378,15972.672570440096,2
2025-05-10,q3_bias_ablation,6304.4448749337334,6213.9276619342991,29300.093072871441,15678.542539106249,12781.084948375556,0,14281.590198807415,29691.138157383219,230.86473041249948,621.90981492427568,15675.493471975675,312.46692376851672,-306.57166760744889,0,15681.388728136746,0
2025-05-11,q3_bias_ablation,6213.9276619342991,6383.8071561344523,60483.880124561314,18923.041220880674,15174.77184413322,72.119721097419188,1323.651385577959,62563.624444966263,334.01892850775755,2413.76324891271,37684.124725483067,466.49202472147664,-617.72313924967102,493.19153436726288,38026.085145322133,3
2025-05-12,q3_bias_ablation,6383.8071561344523,6501.7855086930613,56106.781493003356,17419.962489600599,14003.98909927374,0,759.61286934316627,54783.890455589099,1818.2577848733181,495.36674745906362,33873.93779184005,1819.1178014735335,-241.63402039335426,0,35451.421572920226,0
2025-05-13,q3_bias_ablation,6501.7855086930613,6568.7124509429159,63268.287435985614,17897.708970769934,14436.91001829878,0,6678.2757168477938,64991.23733896971,676.92098861996783,2399.8708916040632,38754.6739112219,821.98567655798661,-601.54235850556825,0,38975.117229274314,0
2025-05-14,q3_bias_ablation,6568.7124509429159,6590.0273922414526,57315.372121637629,18390.766325411911,14877.337276414964,0,787.79428930734969,60624.299043577441,360.53709832591915,3669.4640202657374,37443.712999754178,722.75954304117363,-1251.9538987627707,0,36914.518644032578,0
2025-05-15,q3_bias_ablation,6590.0273922414526,6927.1596542185725,57010.172828841882,19329.771050630276,15353.695515231117,0,269.03901010938068,58339.485754603571,28.34288523575799,1357.6558109974512,36853.812839490667,55.635838748727288,-647.01794885608206,0,36262.430729383312,0
2025-05-16,q3_bias_ablation,6927.1596542185725,5263.5651577656017,25009.251593516321,15902.953168394284,14378.62711320704,629.74428919784066,21399.163294193582,26488.247509888741,0,1478.9959163724191,14171.637322227292,0,-722.12851216420995,2889.3251544830732,16338.83396454616,12
2025-05-17,q3_bias_ablation,5263.5651577656017,6050.0213370958445,28580.779419825121,16425.406294592209,12596.76853722247,236.02011309093791,14539.362692212986,29189.638030500333,0,608.85861067521296,15281.144610441657,0,-266.68321443284185,1486.0610466003131,16500.52244260913,2
2025-05-18,q3_bias_ablation,6050.0213370958445,6493.9574608110188,59968.987691531001,18941.662395911728,14943.204029344844,5.2366666666666788,2299.5978916307877,64039.429514820149,105.29076123248717,4175.7325845216319,38468.212079427067,169.04059513225258,-1191.7700983899388,35.318698333333415,37480.801274502715,1
2025-05-19,q3_bias_ablation,6493.9574608110188,5893.0177509317473,55518.171131028066,17827.855656311731,14981.40882050385,141.88836372610638,5298.3961089462964,56298.916897786432,502.43365304358701,1283.1794198019534,34054.574511014347,599.02368263726794,-365.35944576539549,974.30195368665136,35262.540701572871,2
2025-05-20,q3_bias_ablation,5893.0177509317473,5922.7345912394439,58270.626422705012,18975.46747916803,15343.383501849174,144.35166692190739,255.49929564139404,56122.110778661314,2402.3076836648279,253.79203962112695,34160.411959783276,1900.4446481388682,-126.42858526817344,989.62320789985154,36924.051230553829,2
2025-05-21,q3_bias_ablation,5922.7345912394439,5927.2231766485293,54940.962964350736,17801.81119972848,14415.427344911888,25.233591191152165,217.19741739196934,52116.269132044254,3033.2603846879597,208.56655238147357,32545.305936225355,2652.3473359768577,-86.909025682540658,114.40910246068394,35225.153348980348,1
2025-05-22,q3_bias_ablation,5927.2231766485293,6427.097761524984,54810.383474269191,19141.865062483157,15055.023574222549,235.54854898138444,142.45971832329928,54626.895748677431,392.78045476078131,209.29272916902471,33687.349277939415,287.08200856639826,-89.877432934884226,1642.5917226941378,35527.145576265066,2
2025-05-23,q3_bias_ablation,6427.097761524984,6133.4464077862112,26745.81865063342,16359.113900491462,13515.168477762983,694.44877157272435,18175.373116144332,26097.221284855921,824.28263676283325,175.68527098533406,13271.463929181265,1168.1249385937426,-83.434729795815173,3331.8327448972364,17687.98688287643,8
2025-05-24,q3_bias_ablation,6133.4464077862112,5989.1547074632645,27219.674314580665,16241.462392895484,13285.447068535994,0,20509.157606887838,28153.860134454164,0,934.18581987349853,14812.008145538519,0,-478.08778105238639,0,14333.920364486134,0
2025-05-25,q3_bias_ablation,5989.1547074632645,6448.9751057875756,56559.09047171913,18113.177023355722,14257.835030426248,0,4158.7382954563218,56419.395764310648,995.858428430549,856.16372102206788,33742.599948948744,1528.9914657877325,-182.01889628576899,0,35089.572518450703,0
2025-05-26,q3_bias_ablation,6448.9751057875756,6076.7850869094173,58601.768136064464,19101.605114727397,15807.271159919535,87.856973556166011,815.4582048127653,53156.069510792688,5624.8082525974578,179.10962732567816,32954.072102410981,5043.0944249954036,-97.657672697221841,451.60006729593988,38351.108922005107,2
2025-05-27,q3_bias_ablation,6076.7850869094173,6169.1266164149292,53392.954424589727,17470.463270655164,14067.967872675721,585.80404049803963,1185.895767108336,51042.475185360003,2507.2056301069565,156.72639087722251,31835.973641592504,2032.4043294198154,-80.478688549964346,3158.0284705732611,36945.927753035612,4
2025-05-28,q3_bias_ablation,6169.1266164149292,6617.3736893181613,57362.376463219356,18816.687281423754,14838.094332340339,0,1109.9594141359403,58499.080001706228,928.04781265589622,2064.7513511427687,34974.360637809339,1318.862138904384,-454.29409572311977,0,35838.928680990604,0
2025-05-29,q3_bias_ablation,6617.3736893181613,6445.484731766508,58013.298335235319,19372.906684900339,15846.754476565764,0,377.02262690075997,56238.161384577841,1775.1369506574831,0,33862.957434868484,2969.2389090888068,0,0,36832.196343957286,0
2025-05-30,q3_bias_ablation,6445.484731766508,5784.1334261852999,26304.252600264961,16102.212951118745,13638.008665429272,155.47306353862643,17399.288111447448,26628.763441225336,45.457302748740645,369.96814370911522,13889.339257929498,62.229129065289555,-178.58781971908348,646.68707911320882,14419.667646388914,3
2025-05-31,q3_bias_ablation,5784.1334261852999,5990.0775041565548,28039.748963661896,16150.220920442371,12896.329275384191,67.014116694183087,16463.689885297899,29482.195939886882,0,1442.4469762249851,15504.072023280321,0,-677.33765282999593,409.65729535154117,15236.391665801866,1
2025-06-01,q3_bias_ablation,5990.0775041565548,5351.0277901707104,74487.050414565543,20795.559842208255,17419.548214775943,1117.4038671565199,1003.6163542897498,72945.324411512905,5335.9265973033289,3794.2005942506862,43818.817878529502,9676.5249160908334,-1497.9628547767159,5616.3690176846449,57613.748957528267,16
2025-06-02,q3_bias_ablation,5351.0277901707104,5586.0637744380047,74790.493138421036,20758.190189923411,16602.601667997395,201.99091118817478,2196.0880776832078,78488.001719362743,3898.1845105809043,7595.6930915226021,48119.980825210492,7086.0276769196635,-2389.3920100553528,1362.3881983647477,54179.004690439557,4
2025-06-03,q3_bias_ablation,5586.0637744380047,6070.8227443130327,72837.510539868876,20272.385703696909,15984.349347106971,20.448174365648356,377.55552431127012,70698.524144961804,5074.2058368420376,2935.2194419349566,42649.632103144308,9025.2230986090362,-721.36852843215536,137.91945290902697,51091.406126230213,2
2025-06-04,q3_bias_ablation,6070.8227443130327,5524.6099985496603,74718.8022953732,18939.648971776158,15832.707138325732,368.7198569164035,2335.319502172526,81931.446950446814,1967.1798530995979,9179.8245081732093,50427.99792641282,3376.8048495461462,-2793.6556791087514,2075.1053245780226,53086.252421428238,9
2025-06-05,q3_bias_ablation,5524.6099985496603,5340.4399616629144,75139.296812823915,21417.214493547785,17513.696772971773,331.41423436343376,417.87530994467306,72362.315874808468,4070.465802002765,1293.4848639873194,43460.435094945889,6680.9036217665316,-336.26725893685631,2086.6413758109911,51891.712833586556,8
2025-06-06,q3_bias_ablation,5340.4399616629144,5362.8449101846363,34573.037174295998,15825.896835442654,12798.811983039002,1509.1203166897803,2200.0772385821315,33356.815319515837,2993.3979379782004,1777.1760831980362,18553.860604663565,5031.7589507210878,-828.99550355479789,7606.1349657138298,30362.759017543685,14
2025-06-07,q3_bias_ablation,5362.8449101846363,5773.9859019463629,38996.208297420329,14595.979022819069,11452.716115897891,38.104110659626258,4764.5363344921125,37203.10705036523,2799.0501403050025,1005.948893249905,19395.575687818928,4385.6071024355761,-287.05519746912739,265.81427596155277,23759.94186874693,1
2025-06-08,q3_bias_ablation,5773.9859019463629,6959.2976281201391,75082.372767624271,19119.298617390072,14419.851326529566,0,5198.0022100971128,77095.036841477238,1457.2119011738355,3469.8759750267855,47393.29089554536,1497.2664813647539,-827.48075077870601,0,48063.076626131406,0
2025-06-09,q3_bias_ablation,6959.2976281201391,6290.1743020785761,76932.541696055137,19350.511889248854,16276.125623728982,190.47996035587721,3115.9226575578141,83514.158385697738,0,6581.6166896425966,52840.021639311875,0,-2143.2529603747535,1291.5775649782645,51988.346243915381,6
2025-06-10,q3_bias_ablation,6290.1743020785761,6126.856039065844,78010.801168832273,22120.497490551374,18064.589404058075,139.5746476612818,2476.0234966669277,78292.118580577677,736.26264412994578,1017.5800558753524,48558.899776201448,811.74343393801223,-491.53822847098644,882.01251306735298,49761.117494735823,5
2025-06-11,q3_bias_ablation,6126.856039065844,6875.2367042432734,83124.097107130481,24222.136493425343,18946.38796101484,335.59165846960678,2099.4939165229193,83673.180960553349,172.45250555143991,721.53635897431764,52833.842965495096,233.48274852682411,-329.48824554129641,1642.6557159644181,54380.493184445048,5
2025-06-12,q3_bias_ablation,6875.2367042432734,6637.2622628085792,78296.815242522105,20629.241278592282,16923.862432950977,0,2139.0449635474642,81444.598188072239,0,3147.7829455501355,51266.400248643127,0,-996.22436507331736,0,50270.175883569813,0
2025-06-13,q3_bias_ablation,6637.2622628085792,5953.0197339109427,35052.912031592357,15508.124474653188,13177.399100476956,401.18112195148058,4778.0540793676046,36495.232859979486,37.726981631884314,1480.0478100190112,21243.292143673352,64.552575315310307,-693.25772107572368,2577.2268087806133,23191.81380669355,3
2025-06-14,q3_bias_ablation,5953.0197339109427,5980.7421465558491,35578.813824877136,15715.442137757535,12704.55796020319,88.646158053823882,6463.2330553766151,37296.431498657257,0,1717.617673780122,21708.766307475187,0,-771.2145543062004,420.03561932503499,21357.587372494021,3
2025-06-15,q3_bias_ablation,5980.7421465558491,6920.6213549693903,79262.997017967951,23516.872453516138,18202.775399775888,29.607768482630831,3351.5333993770118,76355.505017921198,3494.8622826381988,587.37028259143335,47383.808044685677,3399.6219369316614,-293.40803101835922,199.72930617698103,50689.751256775955,4
2025-06-16,q3_bias_ablation,6920.6213549693903,6318.7365925882559,76950.932460633863,22811.755388178164,19019.218150567336,489.16239610996598,953.50480246632969,77639.161061769933,72.375991824132939,760.60459296022304,48506.805836580934,134.23027622395102,-358.51038461602502,2538.7494802630572,50821.275208451923,9
2025-06-17,q3_bias_ablation,6318.7365925882559,6447.4970146866017,81011.458413625034,23774.181503879208,19141.202638253642,103.87309102816005,1845.3414223609689,79633.264697624574,1695.7858051296025,317.59208912914107,49476.78672791196,1759.0667130074221,-152.93825297177474,705.81568471003084,51788.730872657638,4
2025-06-18,q3_bias_ablation,6447.4970146866017,6360.635481481936,76773.925434481091,21821.122304270804,17753.284446343558,96.661316769450309,1874.3579933232941,79173.939934756287,30.809246612059837,2430.8237468872617,49047.310105538651,45.349184414118398,-950.87294233732234,652.00747216503783,48793.793819780491,3
2025-06-19,q3_bias_ablation,6360.635481481936,6106.8639649003881,74389.203843361567,19979.661804616724,16411.920426662939,227.54034187101144,2789.4986072787915,73712.547485623829,3349.3650917444311,2672.708734006691,45317.228681068322,3790.2405623015861,-640.96204835731066,1388.8054855780993,49855.312680590694,9
2025-06-20,q3_bias_ablation,6106.8639649003881,5405.8692405730253,32381.113688129179,15761.651795693022,13397.833206405976,571.2350851585777,8187.9493340007157,34341.877569103024,0,1960.7638809738457,20081.494790443652,0,-954.27768514587751,3245.3155315816671,22372.532636879441,8
2025-06-21,q3_bias_ablation,5405.8692405730253,6185.8522427595362,34791.582994414275,16299.751140702314,12500.813722001012,0,11657.905175712973,35525.15115420986,135.42419745455737,868.99235725014455,19959.860022086163,234.04504402612869,-420.61064348868683,0,19773.294422623607,0
2025-06-22,q3_bias_ablation,6185.8522427595362,6185.4600226428374,72785.456825345318,21482.096858954174,17400.851453857911,94.288116967490623,1341.1584372165573,71857.775620430184,2629.3772247387983,1701.6960198236548,43584.888646315376,3162.294586742265,-477.59407676975889,639.58922717869859,46909.178383466584,6
2025-06-23,q3_bias_ablation,6185.4600226428374,5740.9752583114323,71109.642545350653,21206.111415291736,17576.986534284573,188.82089771524841,608.05256205875003,72293.920762468581,633.52220166003644,1817.8004187779638,44873.838371737773,1275.6882857140963,-463.82171902240879,1175.4139359951978,46861.118874424661,6
2025-06-24,q3_bias_ablation,5740.9752583114323,6672.021040982564,83195.761535320256,25134.006447422686,19520.604018008366,6.9126657972695966,1320.4795217032124,84611.188341479312,214.48239346079208,1629.9091996198522,52855.570939117839,327.67786607716886,-590.75638174326173,46.739989788238375,52639.232413239981,1
2025-06-25,q3_bias_ablation,6672.021040982564,5992.1546604812575,75021.510607318953,20425.38018068752,17156.437688808073,168.51899550670811,1483.6657442795536,74212.128634028835,3072.1739380921413,2262.7919648020134,45334.481462277661,3594.6122853422253,-688.06376021823689,1027.0810260458804,49268.111013447531,8
2025-06-26,q3_bias_ablation,5992.1546604812575,6125.2227474597767,72853.172253090888,20798.164137255611,16726.751672896375,93.753971460570369,1328.1299268588859,70786.587633345363,2158.9405480299019,92.355928284378479,44026.742547883092,2054.1947010892836,-51.12027763784063,633.0975519650159,46662.914523299551,5
2025-06-27,q3_bias_ablation,6125.2227474597767,5661.6559858075716,31673.125211103466,15815.18291913814,13227.508249988878,549.79388988037113,9863.5985651679148,34048.280517391715,0,2375.1553062882513,19318.176165437639,0,-1060.5870383132537,3805.7603687128571,22063.349495837247,3
2025-06-28,q3_bias_ablation,5661.6559858075716,5760.4807180436719,33056.553469079634,16383.738427308013,13181.885867106997,169.74949418666378,8247.5242863986168,33197.821255598777,160.37879188824564,301.64657840738596,18354.658350972324,221.72089824597285,-155.57919248852707,781.99311211106442,19202.793168840835,4
2025-06-29,q3_bias_ablation,5760.4807180436719,6633.5540790516034,75881.805694959068,21823.018480086088,16890.878943962602,0,1681.8976255022606,70162.159154542533,5719.6465404165483,0,42492.07930874158,6462.3291507174363,0,0,48954.408459459017,0
2025-06-30,q3_bias_ablation,6633.5540790516034,5855.2842016566956,73899.632247183094,20868.470787350583,17603.904227409381,144.53334764455678,901.91505155312495,74821.743454809883,376.75982316862007,1298.8710307954073,46246.637003006588,607.90663809473062,-463.08427553330318,974.25571852089058,47365.715084088908,4
2025-07-01,q3_bias_ablation,5855.2842016566956,5541.5918273881589,78375.464575104386,20187.435197441475,16634.145646769277,4215.5112901434932,171.14228124235558,66176.236258074641,12199.228317029736,0,40145.792430310234,16587.337863246328,0,22542.153561557836,79275.283855114394,21
2025-07-02,q3_bias_ablation,5541.5918273881589,6356.9073810932532,77829.274189243995,20683.732563321133,16020.039377955527,101.61327088374446,362.42790809548018,77556.395069993203,1091.8684142331697,818.98929498237567,48475.603761848222,2038.1754885388104,-317.85866729750319,687.574960763018,50883.495543852543,4
2025-07-03,q3_bias_ablation,6356.9073810932532,6017.9623597028922,83796.810042002617,21565.07874019321,17772.76429880783,76.19860622756164,320.27527351146171,80160.04778459284,3700.1383799071427,63.376122497364122,49989.575110563514,5979.8784206406162,-18.751132095935496,524.93727973355146,56475.639678841733,2
2025-07-04,q3_bias_ablation,6017.9623597028922,5077.9556929945902,36744.029601120739,15472.034473805747,13378.353923820121,3991.5079488648821,9760.9895333333297,34571.049176596665,2172.9804245240748,0,19388.163184974932,3490.1392737136598,0,17096.061760102661,39974.364218791248,22
2025-07-05,q3_bias_ablation,5077.9556929945902,5569.1692729080587,40103.279925179333,15882.319120114707,12422.586265370792,2554.9517533059898,10408.418857074743,36469.699496949695,3633.580428229644,0,20054.090453648758,5938.7966044100012,0,11161.391725478748,37154.278783537506,16
2025-07-06,q3_bias_ablation,5569.1692729080587,5548.6244995696552,81423.063967177033,22167.832193882641,17974.434373049502,2632.199071976615,67.883668320509059,69219.995691574091,12203.068275602949,0,42893.302991824356,15921.264445469751,0,14170.888805733459,72985.456243027569,23
2025-07-07,q3_bias_ablation,5548.6244995696552,5524.0656766800785,75265.421864945238,20974.708784157123,17011.617055767892,2216.233677536165,109.08104742552359,68682.771001419256,6587.5519743431832,4.9011108172021522,42323.902988789836,8671.2012499643643,-1.0809399907339348,12148.577133968298,63142.600432731764,20
2025-07-08,q3_bias_ablation,5524.0656766800785,6415.2796793561502,84090.221342491088,20807.385000117931,16051.889247687064,105.43890715898533,3868.7774805525373,88184.74222687383,565.76109326725077,4660.2819776499928,55389.697834127946,724.64114826199216,-1207.1025300433098,720.01645905425448,55627.252911400887,2
2025-07-09,q3_bias_ablation,6415.2796793561502,6545.7777554043723,82483.118040770743,19572.518749720628,15736.291918830302,65.278545822288152,4653.4447390360401,89908.330719374339,127.88230600510985,7553.0949846087133,56466.032056202792,187.97450688782945,-2278.4733649662753,440.18663527815607,54815.719833402502,2
2025-07-10,q3_bias_ablation,6545.7777554043723,6679.3858856304732,79697.722360597167,21475.923490354609,17275.250709983738,46.66746552963366,2690.0936624225997,82693.001321188451,0,2995.2789605912844,52263.410629582075,0,-889.86360434441531,314.54865101809025,51688.09567625574,4
2025-07-11,q3_bias_ablation,6679.3858856304732,5743.8520611452004,42417.065520156932,14957.11946865083,12957.247211643926,502.60459465281599,8401.0207078028507,45863.872571849584,0,3446.8070516926446,27673.736662074389,0,-1625.4662575899069,3121.6966981446622,29169.967102629143,6
2025-07-12,q3_bias_ablation,5743.8520611452004,6035.4839079799131,45280.005475917969,15055.744654389089,11932.684507903921,209.85701591215872,11282.55901201163,45978.910128803895,631.33846806830979,1330.2431209542353,27093.205883022179,788.81334898218574,-650.25594258586648,1462.9917820158898,28694.755071434382,2
2025-07-13,q3_bias_ablation,6035.4839079799131,6957.6271570367771,81623.102694037196,19507.877008754011,14971.451452939571,26.34642975910981,7845.3031679818523,90026.522243608691,614.15790839276156,9017.5774579642602,57755.072547890326,1232.8199538034023,-3287.3224600458811,177.60128300615924,55878.171324654002,1
2025-07-14,q3_bias_ablation,6957.6271570367771,6720.6094915746726,80150.440068417985,17880.923744065349,14696.864131608827,24.579353879296832,5183.2805931740986,82993.807063525805,886.25795766143972,3729.6249527692571,51800.756592703387,1191.571181793307,-873.67604568357501,165.49278966930558,52284.144518482412,1
2025-07-15,q3_bias_ablation,6720.6094915746726,6784.2977235324315,80350.737809834129,19249.412322082484,15534.704572124831,6.8285637453365098,3893.8080402884789,88376.068123563149,223.60703069290435,8248.9373444219218,55391.182608802876,449.45013169273778,-2501.9355404243461,45.905019778024688,53384.602219849286,1
2025-07-16,q3_bias_ablation,6784.2977235324315,6852.181295063383,76649.376917504036,19537.293222185741,15764.112295592591,55.541500044436816,797.17410762198142,77740.267738718045,931.23373603004018,2022.1245572440498,49447.634059463322,1570.9831676046724,-718.84822637814318,374.92562064985685,50674.694621339702,2
2025-07-17,q3_bias_ablation,6852.181295063383,5940.2085932983064,76918.564444688367,20337.380505768426,17294.053641260998,42.930342495591276,1197.7518560098647,77556.25398634946,1769.9871226307132,2407.6766642918083,48771.88306800284,2116.8699033203184,-550.00375484668257,248.7835449628414,50587.532761439325,4
2025-07-18,q3_bias_ablation,5940.2085932983064,5402.095158869929,39771.747864685305,15774.27489588422,13261.46475665176,535.91008401043939,6520.5997094632839,43375.316156266548,0,3603.5682915812449,25920.996367288499,0,-1475.3714999787398,3551.7479432697801,27997.372810579542,3
2025-07-19,q3_bias_ablation,5402.095158869929,5892.340283430337,42639.82651918372,15838.136942532499,12387.670311346963,242.22766625036803,12248.768504248552,45362.825906931386,0,2722.999387747665,27154.24086891751,0,-1114.6545046584224,1396.41767018571,27436.004034444799,7
2025-07-20,q3_bias_ablation,5892.340283430337,7008.0075645571924,80371.53461919949,21014.583346582585,16017.711957717725,0,3284.6850136679777,84995.714531598729,795.48173920604097,5419.6616516052718,52613.04624738956,1200.7453781780764,-1458.027256349945,0,52355.764369217693,0
2025-07-21,q3_bias_ablation,7008.0075645571924,5965.437492955155,79458.854082245147,19788.861520359584,16967.290895933089,153.03648325784783,2800.5705910764982,82927.184670015093,58.398009052123371,3526.7285968220676,52278.156366047449,89.063168887919417,-1066.4703742301806,873.78154940308684,52174.530710108265,8
2025-07-22,q3_bias_ablation,5965.437492955155,6761.9340127661571,80056.890071821719,21952.711343457137,17064.849320370384,92.675994386235629,1466.5594264545305,78926.196205701373,1137.7621191597709,7.0682530394302603,49418.592390605962,1640.9881466230836,-1.746990481768788,625.26022217439606,51683.093768921666,3
2025-07-23,q3_bias_ablation,6761.9340127661571,6005.5016471972494,80975.090554260431,18795.063960746891,15904.790937217,495.71988978869314,4363.9903038525727,88154.468815688073,151.30808088860294,7330.6863423162486,55874.284051484647,273.43149595293505,-2323.0566049480558,2844.9473586362865,56669.606301125816,13
2025-07-24,q3_bias_ablation,6005.5016471972494,6778.3238271741311,80488.205185861079,20779.726908825189,16136.038834169209,50.930004448784189,2278.9751156538905,87604.827416331886,193.77335050419185,7310.3955809749978,55324.822680123849,377.09247595244227,-2279.1687898623072,343.33221532692846,53766.078581540918,2
2025-07-25,q3_bias_ablation,6778.3238271741311,5474.8433477651797,37020.896299226348,15963.858464629691,14103.857787818106,2176.0020492283561,10831.578104976445,38783.121648572225,0,1762.2253493458825,22840.259589485162,0,-817.86170463597853,11940.887254304322,33963.285139153508,17
2025-07-26,q3_bias_ablation,5474.8433477651797,5971.9879765988717,41263.343864060371,16333.805983541954,12782.952680718654,350.11979643038131,9593.5187910007917,41406.671968222159,236.59899250296348,379.92709666475048,23851.631814292097,354.14263344749969,-156.1047555768277,2174.8618100432959,26224.531502206068,6
2025-07-27,q3_bias_ablation,5971.9879765988717,6440.65349958358,80321.191948243766,20754.931917331352,16389.695882352156,6.9020372405228727,2277.668150505111,80140.561709697358,2852.5987661023796,2671.9685275559514,49779.355374134306,3812.7861770237464,-607.80684949213162,46.471416740440503,53030.806118406355,1
2025-07-28,q3_bias_ablation,6440.65349958358,6070.9315242090206,82416.578963262087,21992.324952816805,18146.53298961871,21.763750807322708,637.67351753799676,81429.477759157104,1344.7600404919201,357.65883638692912,50709.606229787722,2189.2037663629953,-112.78642700119262,146.78561731998801,52932.809186469516,1
2025-07-29,q3_bias_ablation,6070.9315242090206,6257.5591464880526,82625.595678956044,22508.988511598523,18064.315834343681,207.18723183814524,2318.8642835393462,80043.797746463155,2998.8220091543717,417.02407666149327,49859.253113902116,2878.7296170866794,-203.72395588115751,1387.6286710181412,53921.887446125773,7
2025-07-30,q3_bias_ablation,6257.5591464880526,6602.5451962299267,79856.304355264627,21871.21337023352,17405.19538512146,349.69890487132216,1636.731225023897,70923.192270493601,8957.2742524374698,24.162167666443224,44644.767305071873,9904.0278844598906,-6.810303289662885,1737.1655218579267,56279.150408100024,7
2025-07-31,q3_bias_ablation,6602.5451962299267,6074.7846594595576,79595.348520742322,22222.994282448784,18475.609851876841,252.77934260089273,1405.7471661046163,75006.665215404879,4603.2569230413346,14.573617703901732,46512.2632860636,5169.1159110549597,-3.4139696094908274,1701.0521532818166,53379.017380790887,9
2025-08-01,q3_bias_ablation,6074.7846594595576,5691.4711476797293,37203.89857050404,15967.911874216099,13278.990778716883,2063.2859405986123,15326.903748936773,38599.281141319385,71.093063246353381,1466.4756340617,22802.82132425392,133.53707215416847,-662.88576776515652,10089.153917282152,32362.626545925083,17
2025-08-02,q3_bias_ablation,5691.4711476797293,6064.3495495987954,40496.267974096671,15966.327876280546,12597.135018060086,446.04368975707047,16646.093872299945,41921.1095262659,0,1424.8415521692323,24580.496580649502,0,-623.17222536873953,2968.175840552819,26925.500195833578,3
2025-08-03,q3_bias_ablation,6064.3495495987954,6432.0206459165047,67690.459595297609,19608.868672426666,15552.279637979667,111.19678705269735,905.58736456997246,65795.850995358735,1894.6085999388738,0,41649.446817762677,3367.3941521199622,0,749.72030253083278,45766.56127241347,4
2025-08-04,q3_bias_ablation,6432.0206459165047,6596.6309199352499,69804.155891617615,19284.284352988288,15472.121079303644,13.080839803074582,589.41837440271672,70523.989144167717,1682.8054494573503,2402.6387020074508,45172.875161612268,3273.2165289229438,-939.16266592155966,88.352424716429454,47595.281449330083,2
2025-08-05,q3_bias_ablation,6596.6309199352499,6461.2337090311448,69884.949539606256,19839.182817343863,16191.595571862221,28.450307443131578,1113.5028682344123,69392.583033310017,649.58889608246227,157.22238978621647,44091.760670682532,564.81286740146686,-50.619779672773092,191.87435067359544,44797.828109084818,2
2025-08-06,q3_bias_ablation,6461.2337090311448,5829.1277958405708,71578.181638663213,19973.738733752136,16747.62369621075,149.75727452140308,387.42460897656758,73033.815821464435,377.75517283054239,1833.3893556317655,47066.185402640825,720.63235215743271,-762.39727683495016,796.17445022156039,47820.594928184873,7
2025-08-07,q3_bias_ablation,5829.1277958405708,5956.800003208381,74252.293838083307,19935.685603969698,16033.000352584424,196.94493310999837,7158.5682698080327,76437.629106866414,1224.3980852683621,3409.7333540514692,46976.355294195382,1739.6856107232388,-849.98790002575038,1349.68278877593,49215.735793668799,8
2025-08-08,q3_bias_ablation,5956.800003208381,5578.2400005036998,37756.528009454516,16026.670358696418,13322.306992978314,889.07560561006972,20166.06899934648,38683.807887522344,0,927.27987806782926,22371.938284647535,0,-421.50451901266763,5337.8741228038389,27288.3078884387,10
2025-08-09,q3_bias_ablation,5578.2400005036998,5845.24441270238,39618.049825459479,16079.995551601798,12784.492425818647,172.77063499197675,17573.388334668303,39858.807986460248,0,240.75816100076423,23091.888668688262,0,-101.22985699582755,781.40885177025871,23772.067663462687,4
2025-08-10,q3_bias_ablation,5845.24441270238,6933.3206137856805,71105.423731532646,19623.080941074499,14915.42698129537,25.056709732061677,1118.2074314855888,71287.986744730544,851.58384940516351,1034.1468626030637,45382.556267926338,1546.3408796092319,-380.14234362979317,171.33221223582689,46720.087016141602,2
2025-08-11,q3_bias_ablation,6933.3206137856805,5946.6169892553735,68846.419551080209,19014.895016891795,16290.098225759639,537.15646097292108,2097.5258875876389,70034.154920909321,1392.69449137062,2580.4298611997356,43873.112928232033,1689.4241234094441,-706.67257902105371,3519.2301844391613,48375.094657059599,15
2025-08-12,q3_bias_ablation,5946.6169892553735,6665.3368595640959,74879.146353806515,19504.168650523716,15151.528723646366,57.142187701791499,2823.1049646309548,75853.216212771513,1768.937869456543,2743.0077284215522,46979.350191596743,2621.3547543540953,-615.21355634957035,384.77699722860325,49370.268386829863,3
2025-08-13,q3_bias_ablation,6665.3368595640959,6621.1700337125321,71251.79131738939,19641.450875792394,15949.325352658248,70.329778056524106,1509.0161223117711,66246.186200403783,5005.6051169856109,0,41514.101355037739,5592.6893148775571,0,477.79561279225038,47584.586282707547,3
2025-08-14,q3_bias_ablation,6621.1700337125321,6472.5820485402,71151.383604604795,21282.253507838061,17372.354528003933,54.491075451893948,1369.6847168892305,68845.991058216721,2305.3925463880801,0,43840.155365872182,2389.2498719069608,0,377.25529271416241,46606.660530493304,2
2025-08-15,q3_bias_ablation,6472.5820485402,5378.8356109675533,36189.277646630813,16153.911185024475,14069.039853685208,2197.9027512199782,19142.582183178187,38049.811459867735,0,1860.5338132369232,22571.574907304501,0,-891.5572387105409,10823.329068538656,32503.346737132615,15
2025-08-16,q3_bias_ablation,5378.8356109675533,5888.1474338241433,38357.35048118759,16206.061644668678,12668.529291610697,1448.3584561102598,19338.896217573205,41487.615973683751,0,3130.2654924961598,24746.127562091897,0,-1407.4428114677798,7879.9245998075494,31218.609350431667,12
2025-08-17,q3_bias_ablation,5888.1474338241433,6536.165620499326,72143.504231929532,20133.607461316875,15725.005675659002,52.600010930935014,4622.1088405359333,73264.239772613146,1691.9060163035383,2812.6415569871506,45308.845387959926,2789.0081254470797,-625.3622839009978,354.70705059664829,47827.198280102661,2
2025-08-18,q3_bias_ablation,6536.165620499326,6451.4932282862992,68744.590840571182,20305.16514353043,16523.388919251382,176.61139932322567,745.31039894869093,69830.49276239684,663.30236980757184,1749.2042916332184,44472.85055110111,1255.9657435724916,-534.44956581487713,1201.3616194834617,46395.728348342192,4
2025-08-19,q3_bias_ablation,6451.4932282862992,6040.4860072797446,68671.748831794132,19149.053541449292,15880.639867479822,407.21774372675503,1492.8928515514231,69805.518426236653,319.65787519137257,1453.4274696338989,44372.330198529715,336.89297732990281,-444.9155433985311,2394.2917173769174,46658.599349837998,8
2025-08-20,q3_bias_ablation,6040.4860072797446,6443.2213086754227,76185.363283461251,21699.09961706437,17213.808918566036,214.55472814795633,1263.9362464442004,76970.63791929718,2761.2051001086243,3546.4797359445633,47459.806126809199,4952.6700303179023,-977.9683939294049,1249.8948198114231,52684.40258300912,5
2025-08-21,q3_bias_ablation,6443.2213086754227,5971.7742941717506,69779.243498515891,18785.065777664084,15640.205592961214,332.84734901102718,1122.8121794907138,72246.176624403524,445.22238787900073,2912.1555137666364,45268.694028018916,607.90469021201693,-739.4587045040538,2184.106071230668,47321.246084957544,10
2025-08-22,q3_bias_ablation,5971.7742941717506,5512.8708398363005,37133.232734210033,15880.671379629704,13276.356926401962,2517.9829678650754,15816.331848847369,38373.353285484802,30.673639391574397,1270.7941906663414,22655.919570070084,57.617154543390754,-556.25389654144612,13075.693854489895,35232.976682561915,17
2025-08-23,q3_bias_ablation,5512.8708398363005,5847.1939146495306,40464.867558215366,15571.00337282582,12311.621964657006,281.46068044499526,14956.940680491549,39955.088876274196,904.38216193397363,394.60347999280737,22890.985487196805,1302.5414055189806,-176.00922789783723,1428.7301774979621,25446.247842315912,6
2025-08-24,q3_bias_ablation,5847.1939146495306,6629.6128377822988,70018.932144238221,21379.142138111674,16612.928101050959,3.684321467560153,1522.8129453117344,69034.815769058419,1141.3484824343336,157.23210725454146,44329.540006930867,1629.1426359896268,-51.886595393998682,25.701826557699626,45932.497874084198,1
2025-08-25,q3_bias_ablation,6629.6128377822988,6117.3054960521868,78750.282409518244,18957.44513733697,15816.607168800045,87.7820678812908,4924.1394921959491,90474.126093050872,63.901230239781057,11787.744913772402,57250.854362287078,117.18888108332061,-3739.9474757998955,591.91900777797673,54220.014775348478,3
2025-08-26,q3_bias_ablation,6117.3054960521868,7225.9346242939264,71241.215041735151,21233.432516638815,16201.314123059878,16.763715080893689,697.04197990378452,69855.567632819439,1385.6474089157205,0,45011.08587020186,1737.5286469361126,0,116.94367640431437,46865.558193542296,1
2025-08-27,q3_bias_ablation,7225.9346242939264,6034.2764873138403,71744.489500201918,19788.502557790373,17101.17939509228,320.30660395087659,1463.3240747880468,68068.989833013591,4063.1566410235537,387.65697383522638,43670.161535479281,4088.9493127807204,-189.77917924181827,1867.8938447987593,49437.225513816935,9
2025-08-28,q3_bias_ablation,6034.2764873138403,6431.1419719745172,76523.365802406304,22258.644218358866,17672.322880676074,118.91922649339688,1288.1687078835841,68440.285248976958,8088.1596145345102,5.0790611051673977,42796.313194053924,9174.083787801339,-1.0691984981536673,801.52267111749666,52770.85045447461,3
2025-08-29,q3_bias_ablation,6431.1419719745172,5374.28398933066,38725.584613161976,15918.372160115519,13845.05363407304,1033.289660221584,15130.335397341085,40688.762782425503,0,1963.17816926353,24464.191066601226,0,-922.90306785673067,5910.114130843268,29451.402129587768,10
2025-08-30,q3_bias_ablation,5374.28398933066,5800.8874775340992,40416.123115857074,16222.553921030994,12756.325536652013,126.18618765038465,18563.361085795139,40963.128507721216,99.998849706532496,647.00424157067857,24017.954346628791,180.1520114606146,-255.1949638611392,745.20123756764383,24688.112631795906,4
2025-08-31,q3_bias_ablation,5800.8874775340992,7057.4926554604299,72921.391931985825,21339.164137492255,16153.778291235032,68.529495428894961,1157.9124978241593,70457.837728582352,2471.9738188730025,8.4196154695382575,45111.716401407437,3219.2175247228774,-1.7724221128001152,468.23715448696942,48797.398658504477,3
2025-09-01,q3_bias_ablation,7057.4926554604299,7207.6322571703931,70355.537771712785,17180.879483791585,13781.386740332222,11.877033333333316,13393.787528253419,77628.654290131584,183.21051048154095,7456.3270289003367,48377.105406897645,224.46266776108331,-2605.6433158035875,80.306560883333205,46076.231319738472,1
2025-09-02,q3_bias_ablation,7207.6322571703931,6791.9842363786329,58681.754086955109,20316.91351725459,16830.783167688802,272.30737609352923,1410.1752634828572,56576.787049508588,2943.3963173603133,838.42927991378826,35632.838746656656,3058.944596891437,-417.82227730225418,1402.0880978944213,39676.049164140262,5
2025-09-03,q3_bias_ablation,6791.9842363786329,6799.2289890597085,60365.132169035132,18988.360151694946,15374.051445459943,0,1203.106212800139,59923.038898866645,1584.538398886169,1142.4451287176757,37786.160740679035,2176.4498450318952,-429.34716609017119,0,39533.263419620765,0
2025-09-04,q3_bias_ablation,6799.2289890597085,6484.0504964132288,56705.201031477482,18734.873671762609,15458.908317509542,1578.2542047786469,1081.92433200307,56855.161643783991,1041.683814585301,1191.6444268918046,36773.048696024576,1465.4607864879938,-513.6908167174031,8792.630175740891,46517.448841536054,10
2025-09-05,q3_bias_ablation,6484.0504964132288,5545.6368041806909,26898.43031741396,15880.76649389345,13707.993183062979,2875.9027922861815,20777.298132203003,28741.852842718439,95.616557013733825,1939.039082318214,16244.279590457798,106.92277174157249,-919.00121806988921,13614.399254473226,29046.60039860271,17
2025-09-06,q3_bias_ablation,5545.6368041806909,6216.4409192701205,31249.947994651968,16884.116032438273,13072.410282694516,928.75610646935934,20645.914651377574,32289.14561790269,305.58315869792386,1344.7807819486466,18062.038153624097,444.43536109489844,-642.57145159632842,3880.4301044658932,21744.33216758856,8
2025-09-07,q3_bias_ablation,6216.4409192701205,6583.5199854621242,59930.295611773909,19520.217922111991,15481.005357337912,1390.6194911035559,2320.7189214367186,57033.531003435899,4168.6066147574948,1271.84200641949,36534.3802419688,3972.4010283608013,-640.34115813814515,7621.2088184397544,47487.648930631214,7
2025-09-08,q3_bias_ablation,6583.5199854621242,5547.2537316622902,61141.091224780743,20782.96891025432,17766.844445725845,1632.4360727598826,361.83329967882457,53255.976409731564,7897.7669655203663,12.652150471181244,32329.924148787883,9871.3371551921355,-2.7904317864190231,8901.8028277925205,51100.273699986115,11
2025-09-09,q3_bias_ablation,5547.2537316622902,5830.2689808599462,55200.503212310752,19081.138410035535,15201.008387850892,3144.7375641557642,1362.2764876152037,49780.442547482824,5420.0606648279208,0,30562.891475094166,8182.4140062539136,0,14557.044801328271,53302.350282676343,16
2025-09-10,q3_bias_ablation,5830.2689808599462,5897.626165813138,64800.712239582441,21607.625812877286,17441.555441972734,1484.7868565385215,803.43007521641664,60451.843332948454,4704.2052713651019,355.33636473110721,36078.895188659735,6704.7040111877395,-78.011885901897671,7744.3526305763553,50449.939944521931,9
2025-09-11,q3_bias_ablation,5897.626165813138,5960.651845260365,57879.389221422563,21218.337115230039,17130.12995183382,1181.1812760952846,1476.2775507883075,59149.251814490824,2115.7437528277596,3385.606345896017,36180.332103487744,3682.7411588700124,-925.79208307725435,6187.8185009330064,45125.099680213505,11
2025-09-12,q3_bias_ablation,5960.651845260365,5218.6560846048051,27504.866683695946,15584.468897296854,13291.215991400459,3623.4568966073311,17283.414474406884,26356.738338729039,1148.1283449669086,0,13896.724885442334,1721.1305708907232,0,15857.696418005497,31475.551874338558,20
2025-09-13,q3_bias_ablation,5218.6560846048051,5680.4361598763526,30186.96496170279,15895.981696402818,12460.143106341886,1810.8042116914728,20554.829099999999,28462.903946098861,1724.0610156039279,0,14835.93863568945,2820.9630592214144,0,7843.2230100734405,25500.124704984304,13
2025-09-14,q3_bias_ablation,5680.4361598763526,6178.2932771037613,65184.382740704656,20499.509636735111,16156.531400250766,0,742.07975422031848,63987.292188076775,3149.5294251622008,1952.4388725343183,38862.525271965191,5381.11133644248,-462.70934125190365,0,43780.92726715577,0
2025-09-15,q3_bias_ablation,6178.2932771037613,5678.2773811597699,56593.931996776264,20337.056741258239,16923.030266768768,2684.019836186194,796.8947251396587,54736.518519545883,1867.3010099903836,9.8875327600027276,33925.932351101597,2635.829764291324,-2.5404152514310514,15349.230032823474,51908.451732964953,16
2025-09-16,q3_bias_ablation,5678.2773811597699,5921.1410074427531,64209.344158844775,21783.938756439835,17426.413129061581,327.64720769621795,687.69575582941127,65728.030985371312,2470.8670408516618,3989.5538673782003,39756.631963942426,4197.3851129594623,-1148.0775038291683,1695.7788964201027,44501.718469492829,5
2025-09-17,q3_bias_ablation,5921.1410074427531,6044.0198992938977,64597.60672514086,21694.58918939827,17462.026240746571,24.295972886947176,429.22134937611577,65683.880042152829,610.86210011353091,1697.1354171255041,40834.54903271918,1107.906848701834,-704.59326945432031,113.88854562569381,41351.751157592385,4
2025-09-18,q3_bias_ablation,6044.0198992938977,5951.0846619102376,63070.435932053515,21706.332135398272,17665.770743317895,835.86287669999547,909.68630000648045,58099.036798954374,4971.3991330991521,0,36120.153340229765,5065.5112715475007,0,4239.6912904585515,45425.355902235817,10
2025-09-19,q3_bias_ablation,5951.0846619102376,5404.861814212185,29619.386269184881,15827.0951196645,13311.547609856494,1925.9186060136333,12928.405048723842,30274.745311667895,61.558277167735582,716.91731965075087,16731.240750648034,112.89172449791027,-332.24399468215944,9052.5971103219144,25564.485590785698,16
2025-09-20,q3_bias_ablation,5404.861814212185,6054.3953255075176,31967.929396798165,16471.59114892943,12757.408670467041,990.14245720265774,13598.455642205099,31888.059118622514,639.97450895801944,560.10423078237181,17314.172255825171,1097.859828394747,-252.12481921061783,4450.6348899353052,22610.542154944604,9
2025-09-21,q3_bias_ablation,6054.3953255075176,6333.1498023201966,63724.230835855487,20742.168196302558,16550.277209873668,0,1244.8523660932699,64845.832906690601,902.66296665729772,2024.2650374924219,39685.111270855654,1410.7043456455294,-467.09085586126537,0,40628.724760639918,0
2025-09-22,q3_bias_ablation,6333.1498023201966,6115.3241241075466,64538.999481455248,21170.041814723463,17343.776980317398,199.31244951351806,298.02721322937134,68330.149061067394,1624.3494918538383,5415.4990714659816,42463.736554751726,2890.0903486416883,-1776.6158224735759,1050.1608587800238,44627.371939699857,5
2025-09-23,q3_bias_ablation,6115.3241241075466,6425.7285413316968,68313.452961103045,21841.92736480325,17412.597189988905,6.375,1773.8822029553608,69748.428735898749,576.04064290487941,2011.0164177005895,43151.304573317429,1022.5551891463391,-555.06471439275765,42.996187500000005,43661.791235571007,1
2025-09-24,q3_bias_ablation,6425.7285413316968,6452.0459881695442,65530.718309260774,21105.249538029766,17071.566423650052,0,433.81009488106906,60961.923738892961,4569.3835113851474,0.58894101732767012,38281.251495008211,4389.9030326431448,-0.12426655465613839,0,42671.030261096705,0
2025-09-25,q3_bias_ablation,6452.0459881695442,6053.8613642349774,64677.88751295182,20539.712147503073,16995.533001018601,15.37166666666667,813.63113313401504,64936.510007613615,686.13290044559835,944.75539510739554,40602.319347971425,858.46653431910727,-219.11600971762735,103.4974316666667,41345.167304239571,1
2025-09-26,q3_bias_ablation,6053.8613642349774,5211.0714421333087,29914.284305150937,15888.939732662446,13628.55211334808,1176.3005248439488,11135.953710680524,32470.302214616411,0,2556.0179094654732,18145.186843680902,0,-1161.5558368396364,6077.9633587695735,23061.594365610843,10
2025-09-27,q3_bias_ablation,5211.0714421333087,5523.5393680165062,33048.920708570105,16331.778572663305,12947.519510562399,976.06429943897842,12839.423695908172,32622.034739616356,529.50269223376597,102.61672328001907,17613.099487468495,689.86629785096591,-37.39181441236034,5022.8897652868363,23288.463736193935,10
2025-09-28,q3_bias_ablation,5523.5393680165062,6919.2027454033732,70760.107976192725,22749.815249261061,17171.25331225328,5.8683333333333394,1699.7852058516153,67913.100117841677,2867.6137467040207,20.605888352964485,41963.877541389178,3296.0417694332255,-5.3807491444023299,39.561369166666708,45294.09993084467,1
2025-09-29,q3_bias_ablation,6919.2027454033732,5856.1589135186914,65775.454149767,20207.332870487851,17324.679073791376,308.41518609667719,441.32393916720491,68715.740877289776,288.10035080076307,3228.3870783235388,43127.697846931515,558.24671059314596,-1068.1739135120192,2090.4085842663362,44708.179228278976,3
2025-09-30,q3_bias_ablation,5856.1589135186914,6143.7945994426027,71620.154606840922,22653.437733516024,18090.412446816452,691.10117296531507,2326.0557264400049,70447.838557024588,1638.5138333559839,466.19778353964591,44530.187320840225,1369.4246447219416,-223.3268466036528,3490.7838054669155,49167.068924425424,7
2025-10-01,q3_bias_ablation,6143.7945994426027,7359.2110619224859,62702.53081492841,20991.841494380518,15909.51679421633,0,7958.6845814308963,66242.054926220706,0,3539.5241112922936,40843.037879703159,0,-1124.2906818504541,0,39718.747197852703,0
2025-10-02,q3_bias_ablation,7359.2110619224859,7391.4190382442202,62482.373872544253,19472.836338244153,15744.010255288198,0,7022.7646729216303,67299.445792467042,154.99158218599752,4972.063502108791,41669.069539866527,241.89211304462643,-1606.6106757779889,0,40304.350977133166,0
2025-10-03,q3_bias_ablation,7391.4190382442202,5854.9591040234809,27251.790606687406,16063.8088655674,14394.499121908262,750.72249262342427,18516.049655651692,28190.073522165236,246.53702905527018,1184.819944533097,15064.503992159276,328.55820655021193,-511.29396703181061,3049.2782005051408,17931.046432182819,6
2025-10-04,q3_bias_ablation,5854.9591040234809,6504.9489604570863,32125.975023003695,16073.888077104964,12434.858471664775,0,15390.962984230173,33898.194611019149,0,1772.2195880154525,18508.682635008256,0,-816.89028212555434,0,17691.792352882701,0
2025-10-05,q3_bias_ablation,6504.9489604570863,7651.4809641959664,67634.436198886673,19538.708016099532,14794.47468967563,0,8154.2418057961086,70112.688655296894,354.82265529613551,2833.0751117063501,43078.19515528898,458.99336987235728,-788.25156181236127,0,42748.93696334897,0
2025-10-06,q3_bias_ablation,7651.4809641959664,6660.1790165102539,61685.230322115436,20088.111097771492,17163.541742112044,111.84769941821632,1139.3994158742007,59591.53186556427,3258.1232676058098,1164.4248110546464,37785.462847652176,2709.4388088920296,-581.58665067548327,552.7608536233206,40466.075859492033,3
2025-10-07,q3_bias_ablation,6660.1790165102539,7440.8587604815712,65384.541018868651,21487.011789719294,16701.867780098437,62.843191412448576,2890.6772006602578,63979.263649908309,2147.1406685851398,741.86329962479272,39607.439767396769,2349.3929733135305,-371.31317835430775,302.66236598370892,41888.181928339705,2
2025-10-08,q3_bias_ablation,7440.8587604815712,6042.0607116555448,58953.803724157558,19858.681968270612,17344.450638242619,578.37334816490147,539.4500756278054,56390.254163965175,2584.424144316145,20.87458412375986,34275.256211071544,2723.9043209216725,-6.0369508266581065,3221.1627668422898,40214.286348008849,10
2025-10-09,q3_bias_ablation,6042.0607116555448,6038.0041015520219,65079.745009933074,20020.439830761388,16220.207212009893,157.05644678444997,5676.5871546327053,68518.323587646446,1053.4229311685326,4492.0015088819127,41432.908323895987,1888.2377184804534,-1377.5022735970279,904.66842183826498,42848.312190617682,5
2025-10-10,q3_bias_ablation,6038.0041015520219,5187.4528288545698,28349.838934801643,15639.632190556898,13433.598219778794,1523.5373026431266,18323.731349999998,29193.724062108002,140.04405285779649,983.92918016415319,15148.720256073051,207.35622686389638,-414.11702601084863,6826.0117119936585,21767.971168919757,12
2025-10-11,q3_bias_ablation,5187.4528288545698,5926.7203037009713,32198.455991017145,16942.110308551062,13057.768622564599,279.60778968339213,14487.408511380741,32018.788171322041,436.25877464415237,256.59095494905392,16157.738425378435,652.04827709627489,-105.85532545645812,1684.3652589275769,18388.296635945826,3
2025-10-12,q3_bias_ablation,5926.7203037009713,6096.5041460956636,63887.645169509371,20880.546765163697,16760.437421627375,20.929933333333338,1273.5097759730534,60802.736732718302,3084.90843679107,0,36354.739950622556,4997.1749976431929,0,98.035807733333357,41449.950755999089,1
2025-10-13,q3_bias_ablation,6096.5041460956636,5982.6014432686898,60900.329422766656,21461.021165439059,17485.939576549918,999.21855930086588,897.07109317838183,63373.561259013513,933.49764345062033,3406.7294796974747,38232.54816476717,1761.2060577914692,-987.54074233480264,5336.8380735907713,44343.051553814614,14
2025-10-14,q3_bias_ablation,5982.6014432686898,6168.3967158415871,65459.623255585997,21639.817655997398,17361.036556042287,918.38447372685528,1325.3973460244149,67270.066777260014,858.14753502507108,2668.5910566990706,40651.060189205906,1492.541206845455,-790.08089276723467,4653.2332853938833,46006.753788678012,6
2025-10-15,q3_bias_ablation,6168.3967158415871,6035.7709552456245,66340.772770650205,21644.764759134745,17651.622639435504,125.31240097306716,552.91940192402637,69843.856958373872,566.14301778612776,4069.2272055098056,42535.000792609339,1048.2468793378043,-1348.2447970114797,575.75053481601788,42810.753409751676,6
2025-10-16,q3_bias_ablation,6035.7709552456245,6164.7471543083848,67164.120095989987,22546.02371305944,18146.20062842167,449.33244689941102,247.1565082516347,65770.547096037582,1401.2561467365103,7.6831467840925143,40274.10759093066,1873.9373077635498,-2.5354384387505298,2261.1386920722821,44406.64815232774,5
2025-10-17,q3_bias_ablation,6164.7471543083848,5215.7558833795229,28172.801287384271,15618.806975982145,13505.325794381513,2051.8413490923908,12106.962138209363,28441.177627443511,787.48165245080668,1055.8579925100498,14489.487347078115,1013.4695525045888,-429.53847997604908,9066.1013318235455,24139.519751430205,11
2025-10-18,q3_bias_ablation,5215.7558833795229,5867.9369128316639,31656.194127976501,16784.943665498486,13008.841442546844,264.36489380168143,12067.863532159876,32162.677355843858,396.37848839776433,902.86171626512078,16812.820670324152,635.12672127339465,-387.09292996486442,1043.3210278183597,18104.175489451045,4
2025-10-19,q3_bias_ablation,5867.9369128316639,6425.4175769641643,68846.840619066556,22061.789441429843,17368.31684983892,258.05355265635058,525.69904679864533,67013.802999621985,1902.5278015531621,69.490182108601175,40946.287379114052,3389.1113895500457,-22.931760095838388,1266.8652366936615,45579.332245261925,4
2025-10-20,q3_bias_ablation,6425.4175769641643,5765.2415141314814,68682.976557214715,21249.950026290204,17806.617977844482,53.037521657829735,851.89966376016173,71775.26645840428,342.63497350367845,3434.924874693239,44565.759493208781,593.93810268003699,-1100.8023592660829,248.50730772776123,44307.402544350494,2
2025-10-21,q3_bias_ablation,5765.2415141314814,6518.7386118985405,72420.424301544306,22976.990567465589,17933.21497165678,494.77483040369486,1408.8421861392017,72335.123384383071,468.77893126127771,383.47801410003569,44110.207385518414,793.07672018491974,-162.69923884756236,2383.8351523660635,47124.420019221834,6
2025-10-22,q3_bias_ablation,6518.7386118985405,6030.1963374261741,70194.866685400048,22182.0065799929,18407.113376819376,69.809739144242883,934.88652137077793,67372.281275836154,2822.5854095638988,0,41484.36364579291,3058.6824563819191,0,338.01358049420594,44881.059682669031,2
2025-10-23,q3_bias_ablation,6030.1963374261741,6245.8241873935131,74235.986126843607,19158.070636619101,15323.972150690865,0,7022.3906075820396,79285.77352057879,1141.70711729494,6191.4945110301287,48732.348714888962,1689.5220130104269,-1650.9420484312941,0,48770.928679468096,0
2025-10-24,q3_bias_ablation,6245.8241873935131,5437.231883759443,29922.379336960155,16186.526368000903,13838.819431351396,1776.4146626416727,10931.036346285649,29930.368771774498,72.241578028499163,80.23101284284246,15546.257424414256,89.827680970357321,-17.762863837640751,8172.6753730196078,23790.997614566582,13
2025-10-25,q3_bias_ablation,5437.231883759443,5864.6978442631635,32547.974543479177,17243.489668128466,13582.507266730714,415.78233694119865,9904.3417456892876,32187.909437472052,371.18247436522597,11.117368358097565,16458.161715386901,510.80532264825212,-2.3622881445110901,2181.1298487129425,19147.73459860358,5
2025-10-26,q3_bias_ablation,5864.6978442631635,6890.2252154695088,72646.861138330365,20864.469012100344,15977.24526571557,0,3215.3253752789269,73159.385403303924,2132.9853918254053,2645.5096567989553,44665.173242300756,3046.8573838227844,-597.45680697049124,0,47114.573819153047,0
2025-10-27,q3_bias_ablation,6890.2252154695088,5875.3993574935976,67281.771868342243,20970.290547563738,17899.278615704945,120.4578257528178,778.63609556961705,64930.297122091812,2351.4747462504415,0,40306.566855576617,2649.9702607654731,0,629.58601482948688,43586.123131171575,7
2025-10-28,q3_bias_ablation,5875.3993574935976,6452.981022380307,71852.407774571679,22022.103691630189,17318.080491822413,0,1175.9628747639165,67650.931182829372,4266.7190558927969,65.242464150488104,41721.044053200392,4632.7298642722653,-23.016484588503832,0,46330.757432884158,0
2025-10-29,q3_bias_ablation,6452.981022380307,6055.9723405708037,74609.599299269277,23294.426803415223,19225.793524394881,29.307573580741177,1258.0167938296777,74781.024245885041,556.57996118105063,728.00490779681832,46001.04421704897,841.06428304592623,-230.03100649130118,137.3206360125628,46749.398129616151,2
2025-10-30,q3_bias_ablation,6055.9723405708037,6086.0276650061169,69690.890296629907,22013.542919613898,17803.919972895477,0,693.44969991148582,66157.832600774942,3573.3164781916444,40.258782336684988,40890.858251252976,3880.090231228769,-13.297725006278075,0,44757.650757475465,0
2025-10-31,q3_bias_ablation,6086.0276650061169,5450.7773503147901,31305.753081772466,16960.08796120746,14309.396531800243,1561.4588725070464,6312.2284582056282,33046.589683261976,0,1740.836601489505,17759.433536452496,0,-713.17373001482792,7083.1139848420271,24129.373791279693,12
2025-11-01,q3_bias_ablation,5450.7773503147901,5935.3182554768455,33690.896131448215,17971.736443602666,14121.019704672313,0,7296.1409591845331,33915.191380119868,164.18100817121558,388.47625684286345,17776.939927478488,218.12669852646326,-170.12355270555437,0,17824.943073299401,0
2025-11-02,q3_bias_ablation,5935.3182554768455,6271.4762316703273,73860.132621164958,23091.958260797175,18401.944012671582,868.03401090492491,1241.7684506109695,72315.979444411059,1606.5663481452252,62.413171391328206,44675.74902540358,1514.0375631034417,-20.596346559138308,4431.4563614899471,50600.646603437839,9
2025-11-03,q3_bias_ablation,6271.4762316703273,6325.5173212204318,75224.566803158901,21857.326007891967,17655.7970857974,0,1518.1075977310143,77506.768759269908,121.27610766404052,2403.4780637750273,47879.066653194837,182.30705401585681,-660.38440951059761,0,47400.989297700085,0
2025-11-04,q3_bias_ablation,6325.5173212204318,6117.6492051459609,72660.174182924005,22128.16792139507,18110.897320797034,106.63485856092127,1169.4664075535675,71850.249192589181,1094.9679643671179,285.04297403228566,44352.206773650949,1374.9002704983136,-69.190629945504526,621.27654458698942,46279.192958790743,5
2025-11-05,q3_bias_ablation,6117.6492051459609,6388.3075850946925,75793.869499122098,22560.419410582996,18030.34718061837,0,1585.7772024908013,80245.933215009893,117.10792692559789,4569.171642813395,49880.164828271372,225.95932743434864,-1470.2009754615046,0,48635.923180244223,0
2025-11-06,q3_bias_ablation,6388.3075850946925,5999.4371239500424,75909.074669518115,22762.439497550484,18787.559408046083,925.27114126548383,1489.8811712792049,74542.902332708487,1582.3878657774387,216.21552896781952,46000.382553084513,1730.1681582386952,-96.43128934755822,4476.3177761366205,52110.437198112268,15
2025-11-07,q3_bias_ablation,5999.4371239500424,5527.3695199647846,33247.362563339528,18398.403337223077,15327.567546737424,388.29774119145338,7246.3627307120023,33508.054247506836,139.39350547908779,400.08518964639876,17499.276112736996,166.51387885935429,-159.92542184573188,2098.8075658352741,19604.672135585894,6
2025-11-08,q3_bias_ablation,5527.3695199647846,5844.7884610647116,33749.10770588692,18070.524499207524,14351.447797368155,349.17822181580084,6588.0021258633606,33778.5882818838,165.11049454294209,194.59107053982103,17485.988631390108,200.59095376903974,-78.497309189126867,1719.3812150162662,19327.463490986287,2
2025-11-09,q3_bias_ablation,5844.7884610647116,6544.8435043807876,77375.840102050643,23480.375646728768,18389.054734865837,0,937.70200685437771,76520.297896683333,1543.6789818887396,688.13677652143042,47201.012509277658,2345.506706426288,-198.47680474477988,0,49348.04241095917,0
2025-11-10,q3_bias_ablation,6544.8435043807876,6002.4556819213994,78180.512334063911,23340.674809804019,19394.095636154707,538.16271206730573,913.65277248191421,77824.366493882015,705.30445189210661,349.15861171020254,48561.840823381906,714.62230275952095,-151.71623693925653,3093.7028526882295,52218.449741890399,9
2025-11-11,q3_bias_ablation,6002.4556819213994,6518.6552493640756,77882.146652241281,21709.826542212912,17120.379888494055,0,1733.6803318557602,80372.295122357362,335.35270738542204,2825.5011775015,50321.487193040055,546.05496889182575,-768.9162987522493,0,50098.62586317963,0
2025-11-12,q3_bias_ablation,6518.6552493640756,6012.6020586770719,75959.331646359758,23336.978080101169,19358.400116500256,136.54189231242833,1161.3078250712892,76108.435977734858,409.67817685000784,558.7825082251095,47160.388678526455,713.80989990383227,-146.54532541278448,921.94678077149979,48649.600033789,2
2025-11-13,q3_bias_ablation,6012.6020586770719,6400.1961907278437,77536.980648002005,22141.172109358795,17585.514689734937,2.0105333333333419,587.46244504482274,74509.767565939532,3455.8965805746357,428.68349851214703,46348.681280721154,4586.9968221942745,-105.00901085183821,9.4173381333333737,50840.086430196927,1
2025-11-14,q3_bias_ablation,6400.1961907278437,5801.6960794685829,33492.138036029384,17588.249798805093,14785.132437165461,533.52290452019236,3624.0882789099451,34144.818944021725,0,652.68090799234415,18186.601621262351,0,-274.40320478100642,2564.9452502069821,20477.143666688327,5
2025-11-15,q3_bias_ablation,5801.6960794685829,5888.2392467053096,35400.909758930378,18872.764652421793,15209.050517948599,332.89555310078657,3858.2042608913061,36401.634088838589,0,1000.7243299082069,19079.613790095478,0,-331.5885647150406,1590.1679705400529,20338.193195920492,4
2025-11-16,q3_bias_ablation,5888.2392467053096,6426.4852619867388,80558.938688971772,24485.403403544351,19348.755343117642,142.42985908345094,1130.1761042951919,77483.204745260213,3075.7339437115697,0,48151.45710956477,3518.7108823803819,0,666.68724642669179,52336.855238371842,2
2025-11-17,q3_bias_ablation,6426.4852619867388,5980.1633467528991,77489.636207791307,23579.817044000112,19501.341529350553,31.371369303173033,746.77772911159627,74239.115698027221,3487.1292474187871,236.60873765470353,46648.427161757201,3369.350273757017,-115.06398384918225,133.93496279529296,50036.648414460331,2
2025-11-18,q3_bias_ablation,5980.1633467528991,6305.8907990278612,79787.806616841553,24670.41556221473,19689.881898346466,385.6646957707145,302.38581541066719,77906.267710759013,2044.2607648544235,162.72185877188576,48366.36415803797,2441.5495247901654,-53.969280979668746,1846.4340694688758,52600.378471317345,6
2025-11-19,q3_bias_ablation,6305.8907990278612,5923.7773915483385,78825.093002689362,23945.444158914717,19739.71183545249,1321.9999446213692,573.04902384851096,76682.982959086599,2166.0683954873475,23.958351884588524,47703.381029652039,2349.4394328449907,-11.747140822298913,6374.856386459337,56415.92970813407,11
2025-11-20,q3_bias_ablation,5923.7773915483385,6000.956714343396,80181.875250254088,24838.028272849595,20049.341510492624,49.562046505708466,649.67450106949298,77700.838485730113,2523.6444934161855,42.607728892210616,48284.18781449597,2689.8367641171194,-15.659377508517142,232.22296890249703,51190.588170007068,2
2025-11-21,q3_bias_ablation,6000.956714343396,5594.3369353602347,34263.423386212002,18341.705040106062,15222.73888357075,760.66942755737921,3040.7425905674031,34651.189440464157,94.353582466211037,482.11963671837259,18391.62046489077,103.4962353039912,-199.551583740323,4033.7254734715552,22329.290589925993,5
2025-11-22,q3_bias_ablation,5594.3369353602347,5869.4308528482261,38385.079686292527,19323.138243509056,15404.157451503139,1.4455159151440853,4247.7149268684243,38797.576510361185,272.11974239014683,684.61656645880726,20107.382542045816,431.34627671974545,-183.41462364143044,5.6114927825893384,20360.925687906722,1
2025-11-23,q3_bias_ablation,5869.4308528482261,6098.9299615010086,79077.893289525397,24099.573628110276,19314.105440981824,1241.8169034590119,302.14572252262576,78499.977982191078,736.06464559802453,158.14933826370077,48928.029096832681,729.33781992198851,-74.277780608298229,6043.9582870922195,55627.04742323859,11
2025-11-24,q3_bias_ablation,6098.9299615010086,5642.8687053505428,77970.081250580406,23853.841492860265,19732.06673975223,454.09225289660645,140.45505036897248,76172.326100735954,1904.2448382512212,106.48968840678367,47481.239639890104,2027.5838960197038,-35.445402463594988,2868.7499325176118,52342.128065963829,9
2025-11-25,q3_bias_ablation,5642.8687053505428,5930.9369173169389,82110.594049216103,23054.616190228226,18414.977723315118,99.435406158970608,1401.7305217952994,88481.594964654723,47.646515809296034,6418.647431247924,55846.73663836519,83.979620879269703,-2118.3631878305291,590.76648870994347,54403.119560123872,3
2025-11-26,q3_bias_ablation,5930.9369173169389,6349.0066700822326,82964.065259854673,25173.224012714621,20014.04867281008,159.18283232759148,1206.4058689443846,83371.756064563844,295.03281732084815,702.72362203002888,52034.221151012331,460.89127955609058,-222.31944930169769,740.95626482984562,53013.749246096566,3
2025-11-27,q3_bias_ablation,6349.0066700822326,6183.4937905645284,81007.982774239208,24087.612882031099,19659.928026011123,0,799.40518488590499,80265.629661822371,753.28240116877555,10.929288751932063,50274.585024331733,879.10927373784841,-3.4521270866415548,0,51150.242170982936,0
2025-11-28,q3_bias_ablation,6183.4937905645284,5879.4401478966947,35537.622960621709,19344.976408076756,15943.079168943224,372.53345780459597,1587.0206292927751,35622.168921289071,0,84.545960667360362,18751.054790108803,0,-34.22935704492911,2014.6226759344279,20731.448108998302,2
2025-11-29,q3_bias_ablation,5879.4401478966947,5713.0773021135119,42037.003587316445,18495.135088124716,15130.78598258588,219.25782658892501,3962.4622083665399,45452.662486552814,0,3415.6588992363627,23453.605189828137,0,-844.16059648875535,1082.1470031296394,23691.591596469021,1
2025-11-30,q3_bias_ablation,5713.0773021135119,6100.711773406204,86259.65524708986,25817.325446803836,20563.162587747684,72.767260437106131,833.43153180414788,83593.089441663484,2699.3875475340942,32.821742107714385,52090.147117777575,3165.5160111501004,-7.329987326992109,356.55074047034356,55604.88388207103,2
2025-12-01,q3_bias_ablation,6100.711773406204,6164.3659449035504,88159.377860343826,24659.01772697956,19916.515604505832,3970.8645356942507,1088.8125402310268,87026.891065132164,1607.0812026384656,474.59440742679521,55371.65631739128,2235.3632410642731,-226.82414586475213,19351.881939496874,76732.077352087668,13
2025-12-02,q3_bias_ablation,6164.3659449035504,6247.9764571464784,91586.1451118267,24699.207887117394,19931.108927546462,3447.656671535749,1627.8928737915278,91684.002266852243,953.41504804919202,1051.2722030747323,57992.190157513171,1408.3577908906939,-347.08683008268815,16914.286796867877,75967.747915189058,12
2025-12-03,q3_bias_ablation,6247.9764571464784,6696.3938819117611,94510.231801258444,24783.546876802,19671.097287920875,389.48253546054349,2624.5161811712019,89664.606865635898,6061.4100941259403,1215.7851585033902,57351.357031187472,6793.6610410888088,-609.82048085698841,1834.1194543826709,65369.317045801959,3
2025-12-04,q3_bias_ablation,6696.3938819117611,6994.1928815302344,93341.733172957014,24892.44048044963,19894.857689507578,1145.7582753363554,2718.6999073513239,98114.602435757755,79.491397102926044,4852.3606599036639,63773.192707637885,125.67152494674423,-2023.0351872412207,5572.9761833791972,67448.805228722616,7
2025-12-05,q3_bias_ablation,6994.1928815302344,6308.8448405784011,47378.809614942656,19789.973032719463,16646.691393359419,0,2923.9002922492755,51079.043339223615,118.7441337475978,3818.9778580285579,28021.54441393862,130.44688458821858,-1285.4223987351056,0,26866.568899791731,0
2025-12-06,q3_bias_ablation,6308.8448405784011,6784.6643522609756,50088.272673570616,20771.255346339498,16396.479270020674,0,2048.8657805851344,52744.498999448369,70.676257159045406,2726.9025830367991,28497.391629294965,98.59762016679791,-954.09437715984132,0,27641.89487230192,0
2025-12-07,q3_bias_ablation,6784.6643522609756,6928.041592482552,96359.415252950537,24213.036401070101,19483.519968667366,49.367861221572639,4026.5854317693716,100596.82232020696,109.47792618944754,4346.8849934458822,65222.881797109767,157.73164253351942,-1703.6121050436313,286.75322190550463,63963.754556505162,1
2025-12-08,q3_bias_ablation,6928.041592482552,6653.4916988713421,98666.475503732785,22026.939911880265,18088.916232873104,0,6881.2407080589637,106866.92983824655,0,8200.454334513759,69714.206629354885,0,-2760.9846575433603,0,66953.221971811523,0
2025-12-09,q3_bias_ablation,6653.4916988713421,6767.4134461558751,98252.19948663676,23553.62646515252,18975.907864217465,0,6286.0266190350485,104988.06808224734,0,6735.8685956105855,68261.862300001012,0,-2312.5195878662098,0,65949.342712134792,0
2025-12-10,q3_bias_ablation,6767.4134461558751,6347.5248271259152,94332.109261299367,24830.776338144169,20490.828591023746,293.47694826185767,1898.0199957741306,95028.255515494006,22.894386377737192,719.04064057237804,60814.131096811558,14.124691675744961,-328.96179061319003,1305.4526058872175,61804.746603761341,2
2025-12-11,q3_bias_ablation,6347.5248271259152,6389.53304869973,93825.658757997735,23441.565127406131,18949.86035378254,0,3372.6992843741418,99265.747430691903,240.6050282565746,5680.6937009507365,63787.281298345479,464.88500534594061,-2033.3507113367743,0,62218.815592354651,0
2025-12-12,q3_bias_ablation,6389.53304869973,5870.1930808171392,47889.841046346992,19717.452819169877,16438.542754621936,377.95737925356951,1274.474877719284,50587.425200841179,320.92337053755574,3018.5075250317468,26613.034265585819,343.43101987810167,-884.09633505809484,1865.4086453059924,27937.777595711814,1
2025-12-13,q3_bias_ablation,5870.1930808171392,6132.2239977755953,49915.422558150502,19755.252034613579,15765.926322774385,137.67733953834772,2265.2408025163272,53174.524882613936,98.108591005660628,3357.2109154690957,28064.628906664359,100.19431538043342,-940.33141845101102,657.42458307610445,27881.916386669887,2
2025-12-14,q3_bias_ablation,6132.2239977755953,6540.6135309305055,96389.927821189631,25401.905000260107,20207.992470371268,417.5466122346466,2834.8401035354473,94672.30325305539,2124.1542846922612,406.52971655802207,60432.665886379487,2284.3798130786336,-203.99232169156346,1952.8252012948351,64465.878579061398,3
2025-12-15,q3_bias_ablation,6540.6135309305055,6307.4735159364809,95069.188840007482,24432.305779893468,19999.993695208326,430.32414743352336,1597.6429360892093,93400.052815403964,1892.5860846077148,223.45006000418914,59721.769697243093,2030.8724256262158,-71.927014789650002,2034.9595356989532,63715.674643778613,4
2025-12-16,q3_bias_ablation,6307.4735159364809,6246.7031567532331,95787.487263410352,24370.711715144273,19794.969812531788,0,1793.6540274645499,98167.340141553927,0,2379.8528781435689,63425.895200319697,0,-974.65354864057826,0,62451.241651679113,0
2025-12-17,q3_bias_ablation,6246.7031567532331,6183.3742115343684,94506.109591349566,23617.444009640378,19187.12569850569,0,1883.9442135482191,97287.446636619308,480.64259478577969,3261.9796400555251,62178.740601734266,928.67358951534425,-1024.720221141094,0,62082.693970108521,0
2025-12-18,q3_bias_ablation,6183.3742115343684,6053.1544276654122,92597.377880296553,25474.707820334013,20751.711139952604,45.319972989508756,553.43420623798477,92294.235366380526,673.41093311759528,370.26841920157329,59129.905250629075,773.09092861621457,-174.43124087475763,207.72980049596615,59936.294738866505,2
2025-12-19,q3_bias_ablation,6053.1544276654122,5682.8759364092402,46066.710170054517,20111.377839887264,16623.466692439237,426.4254674426586,96.833190049148811,46794.99764535376,413.04667022988804,1141.3341455291313,24739.401455481326,757.48628853459161,-454.47307588259298,2658.4268137855302,27700.841481918855,6
2025-12-20,q3_bias_ablation,5682.8759364092402,5960.2493588091711,47351.745444818174,20989.895600006443,16752.179355845281,0,257.67695065701469,49925.734550770489,261.44352235109665,2835.4326283034106,26247.708021292801,479.4612756396761,-803.29498818488241,0,25923.874308747596,0
2025-12-21,q3_bias_ablation,5960.2493588091711,6171.7377870029213,95700.980355016451,24909.256301798843,19986.158019082686,182.45574665150866,1922.5559522851349,95775.841756900685,446.97909953293794,521.84050141717921,61081.88868653556,500.36500018290815,-244.63179467159807,1232.1881468470299,62569.810038893906,2
2025-12-22,q3_bias_ablation,6171.7377870029213,5997.0287458051635,93542.113434625324,24708.362169972643,20171.011494755825,376.21128476839442,443.54696084356988,93495.668278672601,228.29481178444848,181.84965583173255,59969.051864471905,147.32462666056227,-59.969427377808259,2233.2108683368724,62289.61793209154,6
2025-12-23,q3_bias_ablation,5997.0287458051635,6471.3963214136184,94497.439394720583,24055.581394024783,19058.090111112459,0,2241.8555784749387,95933.132333382426,1119.9217980058841,2555.6147366677296,61260.585659926444,2149.4512308992857,-796.18442750081692,0,62613.852463324911,0
2025-12-24,q3_bias_ablation,6471.3963214136184,6092.4277086566863,92892.407722458913,24321.386568600472,20041.394872047626,131.02602467943734,888.88273391884161,93329.968687543209,912.32320297453236,1349.884168058833,59910.000551038102,1742.2420807449671,-552.22713017065917,883.64659138504339,61983.662092997445,2
2025-12-25,q3_bias_ablation,6092.4277086566863,6144.1472935353067,93551.523683399369,25570.161117784693,20665.282879014841,32.651565471071649,866.84847676726952,90749.18922164067,2855.2099718852423,52.875510126537506,57521.62644869517,3199.1200258285339,-17.059990491032405,224.71699340519598,60928.403477437867,2
2025-12-26,q3_bias_ablation,6144.1472935353067,5782.5749188048094,46290.452910778127,20633.574284141971,17038.610307412444,427.07469821859502,114.94119893385744,46374.344524857661,208.99574954097613,292.8873636205193,24361.383730161408,262.01402362173712,-88.691518460148146,2239.4283463767592,26774.134581699756,10
2025-12-27,q3_bias_ablation,5782.5749188048094,6208.5791862177739,48381.142555926781,21824.315518336382,17294.291729180808,0,512.30970010453996,48604.672548917544,313.24466492506673,536.77465791583404,25150.204382725762,549.35388494110589,-153.07096420874302,0,25546.487303458125,0
2025-12-28,q3_bias_ablation,6208.5791862177739,6712.5524824280901,92901.476493534545,24565.633126438734,19444.586865826088,0,971.17548292191475,93429.433642271397,953.33803035921835,1481.295179096064,59722.711086168601,1714.4271670000719,-611.72038497188214,0,60825.417868196782,0
2025-12-29,q3_bias_ablation,6712.5524824280901,5889.0978927073857,92061.033873304405,24409.546081696273,20512.841456922608,81.402622561610357,721.96560442568887,91647.119092033361,751.61378753969893,337.69900626865547,58310.012533546913,872.93234466791273,-162.44696941847849,475.34798061268344,59495.845889409029,5
2025-12-30,q3_bias_ablation,5889.0978927073857,6084.4233100078782,91539.446059597176,25077.222601091744,20136.757431313868,533.64179411582631,908.22008393513806,92589.284077366116,113.24744216131978,1163.0854599302627,58802.173454480922,171.45776218451778,-444.91253829790026,2570.716731198781,61099.435409566315,8
2025-12-31,q3_bias_ablation,6084.4233100078782,5907.6924519224367,94781.954758028354,25310.202143001377,20660.32150810802,104.39282615244937,1590.0440159541233,94399.650022093047,581.75566193385407,199.45092599854172,59991.873390764158,887.55216411238689,-45.840089173184637,484.77959585107999,61318.365061554447,3
