date,strategy,normal_cost_yuan,emergency_cost_yuan,total_cost_yuan,plan_kwh,emergency_kwh,emergency_intervals,spill_kwh,charge_kwh,discharge_kwh,soc_start_kwh,soc_end_kwh,solve_seconds,mip_gap
2025-02-01,seasonal_q0,20122.384276869507,0.0,20122.384276869507,38257.07934063786,0.0,0,4203.96034032922,15564.427225308638,15889.484158333333,9902.811287870369,6255.813392499999,0.02939620000142895,0.0
2025-02-02,seasonal_q0,37546.69485646067,96286.79250613437,133833.48736259504,64958.49361584362,16097.63233775,41,0.0,18757.06968251029,16057.221678916663,6255.813392499999,5295.818685740741,0.02803969999877154,0.0
2025-02-03,seasonal_q0,54019.82933732954,151.142929274678,54170.972266604214,86675.88961893003,21.666130916668294,1,1011.8386231481421,25170.955012448558,19702.15438575,5295.818685740741,6058.395546111111,0.025763699999515666,0.0
2025-02-04,seasonal_q0,55348.480341601724,0.0,55348.480341601724,88211.53420462963,0.0,0,2095.2724419753126,24764.194495987653,19842.796683333334,6058.395546111111,6298.618722129627,0.013550300000133575,0.0
2025-02-05,seasonal_q0,53526.59385630072,2760.4531119593803,56287.0469682601,85576.34376810699,528.430857250001,6,896.3892846707716,24291.844441769557,19831.88608441667,6298.618722129627,6125.849737037036,0.048816300000908086,0.0
2025-02-06,seasonal_q0,54435.33048406826,145.35134114999994,54580.681825218264,86713.27968281892,24.90809999999999,2,1899.7257076131837,23529.10648353908,18961.701624999998,6125.849737037036,6233.488211111112,0.045727000000624685,0.0
2025-02-07,seasonal_q0,36455.26627347241,0.0,36455.26627347241,63380.03328960905,0.0,0,25300.113126028813,17415.312621913574,11141.072124999999,6233.488211111112,9528.300543055551,0.03317349999997532,0.0
2025-02-08,seasonal_q0,17841.728161833875,364.64437250833333,18206.37253434221,33679.808552916664,59.65064166666667,1,2352.283772222214,15686.160869444451,15876.148163749996,9528.300543055551,6005.680699166666,0.04481619999933173,0.0
2025-02-09,seasonal_q0,33754.160996128674,130252.23333562928,164006.39433175797,59072.55023076131,22440.86238408333,59,0.0,14860.107755761315,12902.111107583332,6005.680699166666,5044.098670925927,0.02876300000025367,0.0
2025-02-10,seasonal_q0,53071.60058099424,309.7626514208361,53381.36323241508,85513.6099260288,69.79764166666726,4,6173.955763991768,22849.219553703697,17766.40533333333,5044.098670925927,5867.945898888888,0.023342299999058014,0.0
2025-02-11,seasonal_q0,51260.78338328268,1503.4612745291613,52764.24465781184,82391.81744043209,238.47294166666597,8,2836.4387169753045,23150.59479012346,18577.340258333334,5867.945898888888,6061.992034074073,0.023607799999808776,0.0
2025-02-12,seasonal_q0,51262.14437793293,870.487490371034,52132.631868303964,82424.60788600822,151.89671475000495,6,3056.5958603909367,22865.501742283956,18612.329135249995,6061.992034074073,5960.577896296296,0.020631599998523598,0.0
2025-02-13,seasonal_q0,51252.396721078054,546.7770398580059,51799.17376093606,82292.75043909464,85.5915717500009,3,6959.457805349803,20730.889983744848,16641.484794916665,5960.577896296296,6127.840220648147,0.02149920000010752,0.0
2025-02-14,seasonal_q0,31736.67536546773,0.0,31736.67536546773,55498.554897942384,0.0,0,19244.41047067901,17539.411468930044,11087.068858333336,6127.840220648147,9594.34514453703,0.03823699999884411,0.0
2025-02-15,seasonal_q0,16955.786934224496,716.1967967625009,17671.983730986998,32039.270136583338,156.7890500000001,6,3377.9162855967047,15718.983506069962,16180.931705083327,9594.34514453703,5762.617294351852,0.033869199998662225,0.0
2025-02-16,seasonal_q0,33264.94083494053,112835.69754449475,146100.6383794353,58761.96043796296,19186.320093916667,49,0.0,16606.758737962962,14035.85730608333,5762.617294351852,5113.303151759258,0.02344989999983227,0.0
2025-02-17,seasonal_q0,49337.93638458263,892.2403673373661,50230.17675191999,80252.57259018414,134.0656089166654,3,4261.046479732499,22231.764157201655,17290.035604500004,5113.303151759258,5910.740221574073,0.019441899999947054,0.0
2025-02-18,seasonal_q0,47806.62657849427,535.7874250003455,48342.41400349462,77720.30038353908,83.9175524166684,4,1118.2281636831262,23134.4594531893,18539.857464250003,5910.740221574073,6131.912102499999,0.019139800000630203,0.0
2025-02-19,seasonal_q0,48146.85589655777,2183.628889212994,50330.484785770765,77940.70082030556,427.09396091666605,14,1396.1990986625453,23496.512648559674,19404.244349333334,6131.912102499999,5718.501986944444,0.027179099999557366,0.0
2025-02-20,seasonal_q0,47229.334129416646,610.8646814635096,47840.19881088015,76844.24394084362,128.28768591666798,7,1164.2875157407382,23483.225791769546,18668.115414083328,5718.501986944444,6111.054739444445,0.01997510000001057,0.0
2025-02-21,seasonal_q0,30683.860679940248,0.0,30683.860679940248,54327.40695339506,0.0,0,22209.48571903292,17764.288609362142,11206.629408333334,6111.054739444445,9647.104034166667,0.028871200000139652,0.0
2025-02-22,seasonal_q0,16354.903801162041,446.80998885338255,16801.713790015423,31103.23676925,80.49045925000127,3,3675.9785846707805,16074.038015329217,16411.052254833332,9647.104034166667,5879.235742592594,0.037994699998307624,0.0
2025-02-23,seasonal_q0,31422.477437407855,106679.98474132735,138102.4621787352,55801.5344095679,18111.187358245883,46,0.0,16374.360891563785,13993.492807083334,5879.235742592594,5067.835203796296,0.031277600000976236,0.0
2025-02-24,seasonal_q0,46694.030615286516,1061.1235344176764,47755.15414970419,76742.8323217078,190.50208533333472,6,3577.917533744859,22874.342704629627,17721.959448,5067.835203796296,5963.677584629629,0.0202266000014788,0.0
2025-02-25,seasonal_q0,45534.097042209374,865.5722819264909,46399.669324135866,74560.04844907406,172.04605774999868,8,4749.450207510294,22025.72051656378,17864.399450583333,5963.677584629629,5937.493326666666,0.020980600000257255,0.0
2025-02-26,seasonal_q0,45190.28475159644,866.3001946719894,46056.58494626843,73782.49535113169,124.18294074999847,1,656.493225720162,22608.35773374486,18173.020700916666,5937.493326666666,6092.770063796299,0.01881830000093032,0.0
2025-02-27,seasonal_q0,45243.80493059775,3234.502560580355,48478.3074911781,74137.76408652263,600.5998780833306,12,3331.4995723251022,23212.196764197524,18761.91657191667,6092.770063796299,6137.173182777778,0.03395099999943341,0.0
2025-02-28,seasonal_q0,28421.840091236536,0.0,28421.840091236536,50159.34180246913,0.0,0,20484.780920164605,17626.137107304523,11244.169775000002,6137.173182777778,9507.174607129627,0.0355706000009377,0.0
2025-03-01,seasonal_q0,15844.98835630999,183.46561807792494,16028.453974387916,30259.529628583336,37.59291416666838,3,7001.297198439295,15013.016705144038,15375.957294166667,9507.174607129627,5934.49264824074,0.040880700000343495,0.0
2025-03-02,seasonal_q0,29051.715413928745,127031.67500415366,156083.39041808242,51667.04181481482,22447.274396,62,0.0,13260.817664814816,11504.808520666666,5934.49264824074,5086.107968055556,0.027764499998738756,0.0
2025-03-03,seasonal_q0,46021.10240966257,13189.624345737942,59210.72675540051,75716.11591872427,2268.703073083331,16,572.4065327160512,24387.43671934156,18992.170893583334,5086.107968055556,5932.388911481481,0.019560600001568673,0.0
2025-03-04,seasonal_q0,44848.57979154738,3317.3478513493583,48165.92764289674,73385.2180701646,475.5372493333369,1,282.57169115225804,23123.86911234569,18745.143417333333,5932.388911481481,5915.933982222222,0.02072079999925336,0.0
2025-03-05,seasonal_q0,44621.78819027158,858.8271207916604,45480.615311063244,73432.93821152263,125.3300416666658,3,3161.1692084362203,22154.05953641975,17887.43250833333,5915.933982222222,5979.66255574074,0.022219999998924322,0.0
2025-03-06,seasonal_q0,43296.672498775006,5168.902583126626,48465.57508190163,70876.57633456789,763.2506537499943,4,1653.1783898148142,21400.603886419747,17354.609421250003,5979.66255574074,5957.306696574075,0.023095300000932184,0.0
2025-03-07,seasonal_q0,27491.067601386836,0.0,27491.067601386836,48532.203080761305,0.0,0,20943.111901851848,17340.18530390946,10673.379658333333,5957.306696574075,9704.162738611109,0.03216750000137836,0.0
2025-03-08,seasonal_q0,14639.652950140015,389.7391380060898,15029.392088146104,27742.774343583333,90.0204045000019,3,9168.71048930041,16196.343477366256,16595.398735249997,9704.162738611109,5841.5399401851855,0.023426100000506267,0.0
2025-03-09,seasonal_q0,27994.73285856399,97458.08052280362,125452.81338136761,49653.09397829218,16307.580026115224,40,213.08780000000002,16227.758949074072,13813.697794666668,5841.5399401851855,5097.969889166665,0.03737290000026405,0.0
2025-03-10,seasonal_q0,44370.46274957321,1441.1920058720384,45811.65475544525,73059.82584320987,206.5928907500055,1,87.98599166666679,23156.589601543208,18020.228309249993,5097.969889166665,5916.424631388889,0.018400500001007458,0.0
2025-03-11,seasonal_q0,44144.84321280592,848.9824697871368,44993.82568259306,72991.56058641974,128.15504091666227,3,5032.385185205504,20911.963787531124,16763.55214540021,5916.424631388889,6111.0229897222225,0.022490000001198496,0.0
2025-03-12,seasonal_q0,41796.489295932624,1435.6120369820137,43232.10133291464,69129.04829105144,206.79585950000205,2,3106.423891666671,21470.720262551433,17676.834686999995,6111.0229897222225,5793.743796018518,0.02753339999981108,0.0
2025-03-13,seasonal_q0,41455.09880185668,19546.53266208231,61001.63146393899,68612.01816676954,3130.828558333329,13,149.6687716049297,20070.857461831285,16023.297525000005,5793.743796018518,6053.851594999999,0.01995570000144653,0.0
2025-03-14,seasonal_q0,27097.57173571617,0.0,27097.57173571617,47814.204307098764,0.0,0,25173.663489403294,16974.942642695467,10363.827808333332,6053.851594999999,9815.935741944448,0.035487899998770445,0.0
2025-03-15,seasonal_q0,14042.724944161477,1921.2350913820726,15963.960035543549,26870.030182250004,386.15629416666474,9,6979.200999999997,16114.896208333335,16762.03588191667,9815.935741944448,5694.858016203703,0.0292221999989124,0.0
2025-03-16,seasonal_q0,26144.148487490427,111098.34933962251,137242.49782711294,46098.941063683116,19081.0873125,48,0.0,12914.466913683123,11085.485470833333,5694.858016203703,5000.672159814815,0.031031599999550963,0.0
2025-03-17,seasonal_q0,42499.33631887879,626.9903421309996,43126.32666100979,70968.43155997942,102.03932974999998,3,8243.984543621405,20749.71269135802,15781.357778583335,5000.672159814815,6140.571605833333,0.020368400000734255,0.0
2025-03-18,seasonal_q0,39060.84111379491,6038.570001743732,45099.41111553864,64853.80276296296,1194.7055145833297,8,1024.1119027777718,21735.25826018519,17836.820252083337,6140.571605833333,5883.614871018517,0.021007399998779874,0.0
2025-03-19,seasonal_q0,39788.90521561862,505.04716673333917,40293.95238235196,66038.83589269547,106.0341960000012,2,2271.5957956790135,22223.282855349797,17815.47901233333,5883.614871018517,6089.592760462965,0.021435099999507656,0.0
2025-03-20,seasonal_q0,40628.95085301969,3335.0146066258253,43963.965459645515,67530.85965997941,485.43772183333203,3,1707.6776851851819,21545.0703414609,17445.4124615,6089.592760462965,6096.36444388889,0.03068890000031388,0.0
2025-03-21,seasonal_q0,24947.150991491944,0.0,24947.150991491944,43175.08124290123,0.0,0,24995.122729835384,16406.350129732513,10259.856133333333,6096.36444388889,9462.2394125,0.042564999999740394,0.0
2025-03-22,seasonal_q0,13881.907556801625,0.0,13881.907556801625,26807.564170416666,0.0,0,10872.362229835391,15991.425761831273,15937.42355458333,9462.2394125,6146.27420416667,0.01888200000030338,0.0
2025-03-23,seasonal_q0,24716.89119868753,99079.89743375292,123796.78863244045,43310.16933436214,17040.765834833335,42,0.0,12860.356734362136,11279.141681833331,6146.27420416667,5188.215618611111,0.056033600001683226,0.0
2025-03-24,seasonal_q0,37761.409016779566,5205.090816654197,42966.499833433765,63274.26970360082,881.7482898034976,7,1328.9750671810743,22590.28572880658,17761.739885916668,5188.215618611111,5784.20623462963,0.033808500000304775,0.0
2025-03-25,seasonal_q0,38370.69167648726,8327.960049944124,46698.65172643138,63920.375181481475,1324.6088016666736,11,81.47528333333344,21416.840848148146,17203.456864999993,5784.20623462963,5944.41092574074,0.02438620000066294,0.0
2025-03-26,seasonal_q0,38643.31820898948,359.4307845333326,39002.748993522815,64371.72921121399,51.523908333333225,1,4886.155478292195,20779.656491255133,16835.113716666663,5944.41092574074,5940.419860462962,0.024356099998840364,0.0
2025-03-27,seasonal_q0,37845.78700615853,3240.9510298126306,41086.73803597116,63030.86379557612,500.8905543333282,8,751.6680916666675,21326.86704557613,17263.77018733334,5940.419860462962,5952.633326666667,0.03359209999871382,0.0
2025-03-28,seasonal_q0,23976.661179171664,0.0,23976.661179171664,41889.04510555555,0.0,0,24613.253039403295,16387.12044115226,9933.209141666666,5952.633326666667,9664.142677407408,0.03772700000081386,0.0
2025-03-29,seasonal_q0,13053.664761735232,931.7047264591849,13985.369488194417,25525.824982,186.88373633332938,3,18408.547794753085,15786.811321913578,16189.85958166667,9664.142677407408,5883.5399986111115,0.03190080000058515,0.0
2025-03-30,seasonal_q0,23773.715032792996,90403.52847255213,114177.24350534513,41625.92636100823,15633.792675999994,39,0.0,14075.102294341563,12161.002957333334,5883.5399986111115,5038.906555370369,0.030259200000728015,0.0
2025-03-31,seasonal_q0,36821.44565990256,3100.798706493208,39922.24436639577,61852.48862458848,470.5457731666606,6,341.6940410493818,21329.114916872426,16299.164043500003,5038.906555370369,6124.927710000001,0.023821199998565135,0.0
2025-04-01,seasonal_q0,37475.880063328084,7558.690878665212,45034.5709419933,62900.634347633735,1101.490284750013,4,117.28752499999973,20091.328239300412,16415.34264858332,6124.927710000001,5967.8535158333325,0.035310799999933806,0.0
2025-04-02,seasonal_q0,36845.00119839173,13948.580264776703,50793.58146316843,61949.83987335391,2516.488658833333,13,73.44076666666717,20827.690540020572,16870.138174499996,5967.8535158333325,5968.177030185187,0.03256060000057914,0.0
2025-04-03,seasonal_q0,37887.08860027979,1649.1978616634972,39536.28646194329,63669.08315401235,239.3397028374422,3,4007.9343356995882,21023.65053631687,16986.692281833337,5968.177030185187,6015.3599775,0.023416299998643808,0.0
2025-04-04,seasonal_q0,23508.29859401787,0.0,23508.29859401787,41423.13233343621,0.0,0,28638.08950390946,15815.623154526747,9461.382575,6015.3599775,9736.77351101852,0.022204800001418334,0.0
2025-04-05,seasonal_q0,12583.5628735132,559.8795788983241,13143.442452411524,24769.51961508333,117.2149716666648,2,13419.83063693416,15846.31253806584,16423.523571583337,9736.77351101852,5750.095271296296,0.07732020000003104,0.0
2025-04-06,seasonal_q0,23172.65332899256,90775.9460638848,113948.59939287735,40745.88338158435,15786.574570583332,38,0.0,13657.457298251027,11535.075612750003,5750.095271296296,5225.0561588888895,0.048526200000196695,0.0
2025-04-07,seasonal_q0,35969.50727099574,0.0,35969.50727099574,60454.42883230452,0.0,0,2552.212381172833,21228.56431779836,16569.06715,5225.0561588888895,5920.6894337963,0.03845079999882728,0.0
2025-04-08,seasonal_q0,35971.95541818173,3577.8457147344616,39549.80113291619,60630.656575411514,573.0893240833275,9,2781.1145849794143,21579.548632098762,17510.110934250006,5920.6894337963,5886.604386851852,0.035863099999914994,0.0
2025-04-09,seasonal_q0,36661.00892431149,10371.511668158328,47032.520592469824,61573.59296738683,1518.7991798333328,5,133.64511841564052,19932.994473971194,16108.55846183333,5886.604386851852,5927.9011224999995,0.023358800001005875,0.0
2025-04-10,seasonal_q0,36594.66279548095,2261.9939103105216,38856.65670579147,61667.685016769545,361.22028174999696,6,3233.1020483539123,21537.931385082302,17202.766034916665,5927.9011224999995,6197.854885833332,0.020436599999811733,0.0
2025-04-11,seasonal_q0,22632.548198777447,0.0,22632.548198777447,39694.94838786007,0.0,0,28483.993779320987,15079.496291872425,9185.191850000001,6197.854885833332,9563.632826296296,0.0649861999991117,0.0
2025-04-12,seasonal_q0,12312.713405667168,0.0,12312.713405667168,24462.591673000003,0.0,0,15730.40479032922,15514.807734670778,15807.781401999999,9563.632826296296,5962.758229722224,0.03469949999998789,0.0
2025-04-13,seasonal_q0,22236.041691549013,96496.85743190748,118732.8991234565,39072.22310524691,16733.719431249996,43,0.0,11785.738988580244,10256.154935416667,5962.758229722224,5174.195613425926,0.049247400000240305,0.0
2025-04-14,seasonal_q0,34660.55747412353,973.9490743860061,35634.50654850954,58556.005779609055,139.77233391666755,2,1295.8977547325062,21908.248434876543,17036.399876083335,5174.195613425926,5962.286009166667,0.029112799998983974,0.0
2025-04-15,seasonal_q0,34247.08688130174,1534.6583793956256,35781.74526069736,57479.975841175925,240.57153866666084,5,3705.831115123457,19746.698952469134,15871.411521083339,5962.286009166667,6099.413376296295,0.03472979999969539,0.0
2025-04-16,seasonal_q0,34785.43406889902,6600.933417865188,41386.36748676421,58308.0911600823,970.5379149166637,5,106.17404166666643,19095.842401748974,15702.97931841667,6099.413376296295,5837.916739629629,0.03915629999937664,0.0
2025-04-17,seasonal_q0,35186.764528378866,842.3245151413498,36029.08904352022,59178.451989403286,120.74606008333569,1,2246.7990637860057,20339.33481728395,16155.278181583331,5837.916739629629,6193.008984537038,0.02184549999947194,0.0
2025-04-18,seasonal_q0,21947.819152354277,0.0,21947.819152354277,38576.81034725,0.0,0,26211.909769369337,14626.693711213991,8615.910316666665,6193.008984537038,9783.799639444445,0.06822720000127447,0.0
2025-04-19,seasonal_q0,11449.766989071315,0.0,11449.766989071315,23060.01434116666,0.0,0,16686.302805761312,16198.290035905353,16609.2577505,9783.799639444445,5907.52983787037,0.02462080000077549,0.0
2025-04-20,seasonal_q0,21883.079508862735,85697.90478093582,107580.98428979855,38769.76572417695,14940.921207416668,39,0.0,13320.523565843621,11567.581517583332,5907.52983787037,5043.1326942592605,0.022166400000060094,0.0
2025-04-21,seasonal_q0,33631.462213044804,785.3502743849972,34416.8124874298,57266.07410483539,143.27923291666627,6,4180.949346502065,20855.712383333324,16144.218775416664,5043.1326942592605,5875.252977685184,0.034926199999972596,0.0
2025-04-22,seasonal_q0,31990.024071917633,16070.005366265545,48060.02943818318,53162.45557304527,2400.8495895000005,10,82.47143333333327,17773.69604804526,14445.791635499998,5875.252977685184,5820.699825925926,0.03242419999878621,0.0
2025-04-23,seasonal_q0,34128.892423845726,0.0,34128.892423845726,57942.9886817788,0.0,0,2439.1540975308626,19793.87467849794,15689.956810916665,5820.699825925926,6201.901691111111,0.03192490000037651,0.0
2025-04-24,seasonal_q0,33075.660843289996,515.8687401363701,33591.52958342637,55700.681295473245,90.16059408333267,4,5186.292618415635,19245.156652057616,15730.714080916667,6201.901691111111,6043.971476944445,0.040333900000405265,0.0
2025-04-25,seasonal_q0,20981.65310324398,0.0,20981.65310324398,37231.496829083335,0.0,0,29309.177909773658,14762.831965226334,8840.870695916668,6043.971476944445,9507.330583518518,0.04452139999921201,0.0
2025-04-26,seasonal_q0,10992.551412319885,1357.3729010408922,12349.924313360776,22547.430158166666,278.17411183332837,2,23113.911473148146,15838.484718518519,16196.985555000003,9507.330583518518,5765.316213518519,0.021555699999225908,0.0
2025-04-27,seasonal_q0,21221.68547467055,76529.38495493331,97751.07042960386,37698.53080783333,13609.142399999997,36,348.89803333333236,15555.9099,13170.605908833337,5765.316213518519,5131.628558148149,0.03790639999897394,0.0
2025-04-28,seasonal_q0,31917.94677267231,45172.59357561372,77090.54034828603,53328.81471358024,6889.8040379166605,19,88.36020833333328,14195.733738580244,10687.442512083338,5131.628558148149,6032.852798333333,0.022923600001377054,0.0
2025-04-29,seasonal_q0,34104.20702160994,4806.40086836266,38910.6078899726,58032.53763158436,688.9909501666657,1,7773.94557654322,17627.00723004115,14112.637941500001,6032.852798333333,6216.450481481483,0.034848799999963376,0.0
2025-04-30,seasonal_q0,31643.29017194366,623.5560341499951,32266.846206093654,52727.76067376543,134.68889999999894,4,1403.2108116255167,18440.196195473247,15237.811866666667,6216.450481481483,5881.7249833333335,0.04746960000011313,0.0
2025-05-01,seasonal_q0,30742.56928318114,24185.17663007948,54927.74591326062,51363.31913251028,3845.16096608333,17,1094.119566666665,19045.842807510286,15942.861075583338,5881.7249833333335,5308.69342611111,0.03554489999987709,0.0
2025-05-02,seasonal_q0,22470.760795761846,0.0,22470.760795761846,39121.1946165,0.0,0,18785.332533372428,15196.071449794232,9150.52945,5308.69342611111,8817.902786481478,0.0236748000006628,0.0
2025-05-03,seasonal_q0,12781.640892990501,5167.754514191651,17949.39540718215,24958.96599216667,930.3818749999978,7,16696.36079279835,16112.873657201648,15787.05823283333,8817.902786481478,5778.313263703703,0.021232400000371854,0.0
2025-05-04,seasonal_q0,22560.674885858567,82703.43584523916,105264.11073109772,39087.168571,14137.333453333335,37,0.0,12827.285883333334,11337.451192333334,5778.313263703703,4725.702567222222,0.03419189999840455,0.0
2025-05-05,seasonal_q0,35080.914610863445,10791.680980678002,45872.595591541445,59177.13006594649,1603.6818679166674,5,702.0477000000005,21929.18417427983,16926.426740416668,4725.702567222222,5654.827501388889,0.04856099999960861,0.0
2025-05-06,seasonal_q0,33479.17571593962,8386.726872520332,41865.902588459954,55303.47499104938,1453.75521475,16,164.9809454732578,20484.61648724279,16762.449593583333,5654.827501388889,5466.038347037035,0.03198770000017248,0.0
2025-05-07,seasonal_q0,32871.91076931522,28388.95566729993,61260.86643661515,54811.09550823045,4241.429724083336,12,139.69736666666677,18781.339299897118,14936.357384249997,5466.038347037035,5773.291067777777,0.03525150000132271,0.0
2025-05-08,seasonal_q0,35201.04405198907,17053.97165608743,52255.0157080765,57072.065787139916,2520.7141130720183,5,160.19397500000002,17671.6915313786,14065.618006166666,5773.291067777777,6049.348994722223,0.02964350000002014,0.0
2025-05-09,seasonal_q0,23560.96282058795,0.0,23560.96282058795,40044.69423808333,0.0,0,25203.007799914605,15331.414263168721,8989.113675,6049.348994722223,9859.717748240739,0.030856400000629947,0.0
2025-05-10,seasonal_q0,13058.391604693032,60.360607803916764,13118.75221249695,24624.76702658333,12.882426166666686,1,13337.90607788066,15929.374297119337,16750.67620558333,9859.717748240739,5584.292165,0.02602359999946202,0.0
2025-05-11,seasonal_q0,23352.6598663533,100607.13168879956,123959.79155515286,39879.8708765,17195.42490683333,46,0.0,10693.074666666666,9101.857966666665,5584.292165,5094.883846481481,0.04498349999994389,0.0
2025-05-12,seasonal_q0,36085.888617585224,896.5886290733243,36982.47724665855,59974.89392639094,145.47821916666533,3,3711.8324405349736,18423.948511522638,13946.604039833332,5094.883846481481,6180.210795925926,0.03611139999884472,0.0
2025-05-13,seasonal_q0,34090.19701042265,7649.6307584737115,41739.82776889636,55743.222497942385,1118.7793092500003,4,371.70473333333314,18163.50418127572,14802.419874083333,6180.210795925926,6080.231365648148,0.0763161000013497,0.0
2025-05-14,seasonal_q0,35129.823630558145,0.0,35129.823630558145,57716.15529310699,0.0,0,1253.961554938274,19088.80901316872,15640.764058333332,6080.231365648148,5881.532746018515,0.04118250000101398,0.0
2025-05-15,seasonal_q0,35069.07161202986,3671.155937800045,38740.227549829906,58155.37943806584,561.8108420380656,5,1929.1340168724241,19922.12634814815,15899.128368249996,5881.532746018515,6145.748272407408,0.04238719999921159,0.0
2025-05-16,seasonal_q0,22907.09085596563,0.0,22907.09085596563,39202.03666316667,0.0,0,31099.459545781894,13965.754529218106,8578.683945166667,6145.748272407408,9183.05629851852,0.0453588000000309,0.0
2025-05-17,seasonal_q0,12754.77935740463,3682.1231093789847,16436.902466783613,24561.23153966666,577.4028873333314,2,14476.725655658433,16322.278077674899,16109.168389666673,9183.05629851852,5974.030579907407,0.018575000000055297,0.0
2025-05-18,seasonal_q0,22923.308820648657,90654.91234389108,113578.22116453973,38997.555094916665,16098.242501333332,40,0.0,11311.619775,9891.990278749998,5974.030579907407,5163.388067685185,0.02680030000010447,0.0
2025-05-19,seasonal_q0,34351.031594114655,1837.9089665677807,36188.94056068244,57179.859726234565,274.50500308333176,5,5572.197217283949,19307.076625617286,14940.125663583334,5163.388067685185,5939.617404537036,0.0333693000011408,0.0
2025-05-20,seasonal_q0,32909.164026162165,23246.720152372807,56155.88417853497,53915.09910545267,3427.677926166664,7,21.39166666666665,15504.929697119342,12710.939148833337,5939.617404537036,5770.788411018519,0.03491030000077444,0.0
2025-05-21,seasonal_q0,34662.81716929017,6852.821219747468,41515.63838903763,57546.91812037036,1036.860712583335,6,3753.0113904321074,17875.041604938266,14406.889445749997,5770.788411018519,5850.6709157407395,0.029151499998988584,0.0
2025-05-22,seasonal_q0,34041.278036232965,1465.7575731920008,35507.035609424966,55683.32728775721,210.1996170000001,2,934.0041194444532,19068.543993312753,14925.652024666664,5850.6709157407395,6428.302704537036,0.05579969999962486,0.0
2025-05-23,seasonal_q0,21740.25042206204,0.0,21740.25042206204,37306.16038258333,0.0,0,25131.40877839506,15409.183313271602,9655.380592416668,6428.302704537036,9568.367028240738,0.02028989999962505,0.0
2025-05-24,seasonal_q0,12649.560709276124,0.0,12649.560709276124,24153.39392458333,0.0,0,20709.495963374487,15975.130694958845,16285.734117083333,9568.367028240738,5850.724523611108,0.030079899999691406,0.0
2025-05-25,seasonal_q0,21891.789663672876,73328.95840161582,95220.7480652887,38190.81487041667,12668.252003666665,35,0.0,14931.467483333332,12617.410792583332,5850.724523611108,5269.699933518518,0.029863199999454082,0.0
2025-05-26,seasonal_q0,32139.74940918253,37644.74402423712,69784.49343341964,52211.25648158436,5777.7584885,14,128.2144083333336,13810.93042325103,10529.962811499998,5269.699933518518,5999.578635,0.052709300000060466,0.0
2025-05-27,seasonal_q0,34869.897322895704,1086.5619119708294,35956.45923486653,58106.07166738682,160.3303749999994,4,5482.140922325099,18249.975228395062,14856.081408333335,5999.578635,5917.799220185185,0.038265600000158884,0.0
2025-05-28,seasonal_q0,32979.27517898222,13778.611751033293,46757.88693001551,53785.71745462963,2019.664767999994,3,175.55887499999983,17226.990712962965,13870.99146533334,5917.799220185185,6009.878122592591,0.03065029999925173,0.0
2025-05-29,seasonal_q0,33345.40045470299,18575.95947779533,51921.35993249832,55034.62006008231,2762.9284250833334,9,265.12854999999956,17560.309735082305,14138.013299916667,6009.878122592591,6105.253217592593,0.03282100000069477,0.0
2025-05-30,seasonal_q0,22488.084570496245,0.0,22488.084570496245,38452.876287499996,0.0,0,25623.072338065846,15217.231311934152,8983.660629166669,6105.253217592593,9818.916254814812,0.06317699999999604,0.0
2025-05-31,seasonal_q0,11987.778795817867,2850.8431089685064,14838.621904786374,23312.105254000002,610.5015013333341,7,16026.647416255142,16437.813233744855,16931.035444666664,9818.916254814812,5800.686559999999,0.025458900001467555,0.0
2025-06-01,seasonal_q0,22090.459793162932,168038.25409619813,190128.71388936107,38172.032245999995,32104.268850999993,89,0.0,4552.222833333333,5500.748036333333,5800.686559999999,3785.7448474074067,0.03465700000015204,0.0
2025-06-02,seasonal_q0,41239.0848091636,41438.32397917737,82677.40878834097,69061.60730997942,6268.037373025721,19,1191.9128416666663,21983.66929125514,16486.744899916663,3785.7448474074067,5252.441765185185,0.0242089000003034,0.0
2025-06-03,seasonal_q0,38761.92746137838,51590.332276287794,90352.25973766617,63461.07593887756,8074.4603763333325,27,5.3101416666665955,16558.67923312757,13220.819892916667,5252.441765185185,5465.4531939814815,0.039131300000008196,0.0
2025-06-04,seasonal_q0,39084.27752725134,53323.430282258414,92407.70780950975,64608.27394629629,8020.893096835391,22,21.105483333333268,16491.770409465018,13528.96966633333,5465.4531939814815,5275.858044351852,0.021989199998643016,0.0
2025-06-05,seasonal_q0,40082.67045281596,53101.10784402502,93183.77829684099,66403.68896018519,8165.249802209877,24,0.0,17988.26312839506,14568.642382666665,5275.858044351852,5277.914434722222,0.025557699998898897,0.0
2025-06-06,seasonal_q0,26269.331679599083,0.0,26269.331679599083,44110.485012242796,0.0,0,7950.69719969136,15003.122504218105,9698.330091666665,5277.914434722222,8004.8023644444465,0.0381015999992087,0.0
2025-06-07,seasonal_q0,15983.39335886323,18269.765359587454,34253.158718450686,29269.618955333324,3142.0615469166655,18,720.4783666666611,15673.250125000006,15108.561156083337,8004.8023644444465,5323.437303518518,0.027440699999715434,0.0
2025-06-08,seasonal_q0,32293.26365059112,82450.55038413628,114743.8140347274,54971.972472325106,12793.778036749998,32,0.0,15230.256155658437,12649.42891325,5323.437303518518,4975.746828888889,0.0467971000016405,0.0
2025-06-09,seasonal_q0,44344.067698242085,29437.06322710069,73781.13092534278,71936.56033816871,4336.9469910000025,10,504.6698250000005,20054.337063168718,15218.21229233333,4975.746828888889,6115.5254164814805,0.022848099999464466,0.0
2025-06-10,seasonal_q0,45391.35199203618,13122.162669854215,58513.5146618904,73574.55386975307,1952.900245416674,11,133.42782499999953,21086.137769753084,17310.55571291666,6115.5254164814805,5859.098617129628,0.030870900000081747,0.0
2025-06-11,seasonal_q0,45807.38749555639,36889.9595100756,82697.34700563198,74911.78207159568,6037.549846750002,22,681.2148408436317,21366.114179835386,17182.443419,5859.098617129628,5996.997580092591,0.0223705999997037,1.588380829378065e-16
2025-06-12,seasonal_q0,48222.64335308827,6693.264566210526,54915.9079192988,77901.79727181379,988.1681781666645,7,2138.464024588478,21627.993683641973,17328.883691583334,5996.997580092591,6207.8766825,0.018727900000158115,0.0
2025-06-13,seasonal_q0,32761.30033896663,0.0,32761.30033896663,54612.93621409464,0.0,0,20975.534758230446,14513.277830864195,9221.190075,6207.8766825,9024.059980277778,0.025698000001284527,0.0
2025-06-14,seasonal_q0,18503.775959426097,117.341609349996,18621.11756877609,31940.830984416665,25.55427499999914,2,5718.71753611111,16006.271755555556,15951.946782250001,9024.059980277778,5705.319246666667,0.04224669999894104,0.0
2025-06-15,seasonal_q0,29657.677362566323,126931.85056774812,156589.52793031445,48943.800849074076,22524.54278569547,74,0.0,6992.433875102882,6151.06457366667,5705.319246666667,5163.993541296295,0.035850599999321275,0.0
2025-06-16,seasonal_q0,46524.51309479834,17252.954198270865,63777.4672930692,75913.49987469135,2758.9296655000053,19,598.3241333333333,23256.094049691354,17876.041459499993,5163.993541296295,6232.209897685185,0.018710700000156066,0.0
2025-06-17,seasonal_q0,46922.05457329296,17349.5059134998,64271.56048679276,76218.11282136213,2550.7886137500013,9,354.2094498971211,22084.462367798347,18306.781599249996,6232.209897685185,5767.357585092592,0.023869399999966845,0.0
2025-06-18,seasonal_q0,49738.02294680633,339.62798765833213,50077.65093446466,79995.46138333333,50.34854999999982,3,4745.83154876543,20624.802717901235,16253.215233333332,5767.357585092592,6270.551994166671,0.012627600000996608,0.0
2025-06-19,seasonal_q0,46655.16240433058,1814.4466982295025,48469.60910256008,75595.16603467078,296.83941408333385,7,3509.71039218107,22272.12300915637,18149.33215258333,6270.551994166671,6149.5380884259275,0.0270567999996274,0.0
2025-06-20,seasonal_q0,30888.012386612983,0.0,30888.012386612983,51366.97924444445,0.0,0,23660.16088261317,13541.009220164608,8234.771708333332,6149.5380884259275,9186.700043981484,0.030346800000188523,0.0
2025-06-21,seasonal_q0,17659.37836480354,2203.0706001001267,19862.448964903666,30725.156718749997,519.600326416667,6,11268.587677983538,16611.180313683126,15969.751346500003,9186.700043981484,6392.594163518515,0.02013989999977639,0.0
2025-06-22,seasonal_q0,28358.920438307992,115998.11010079917,144357.03053910716,47516.6038276749,20373.822442083336,63,0.0,8348.544194341563,7915.459024583329,6392.594163518515,5111.329466666667,0.02130570000008447,0.0
2025-06-23,seasonal_q0,45993.80653175535,2815.7750045621287,48809.58153631748,75306.56645758744,408.8907351666672,7,3525.416134876539,23381.369558127575,18252.614500249998,5111.329466666667,5873.879290925926,0.022932500000024447,1.5819429098915548e-16
2025-06-24,seasonal_q0,46551.04020328284,30686.683106688208,77237.72330997104,75250.3419255967,5391.98422425,23,175.7006166666671,21363.244035596705,17165.41075241666,5873.879290925926,6028.1203091666675,0.01795520000086981,0.0
2025-06-25,seasonal_q0,47952.18854558814,593.4296787000012,48545.61822428814,77810.68012037038,87.99375833333352,4,3228.296319650215,22030.856925720153,17797.900733333332,6028.1203091666675,6080.4462830555585,0.028880599998956313,0.0
2025-06-26,seasonal_q0,44984.67474909025,2801.25983918604,47785.93458827629,73473.69083652263,498.77607374999957,10,2194.1834010288053,22568.93951049383,18338.03983458333,6080.4462830555585,6016.892026296299,0.026891700001215213,1.6174303037126152e-16
2025-06-27,seasonal_q0,28716.329102979067,0.0,28716.329102979067,47891.02457983537,0.0,0,22525.966611111107,14298.898293724269,8705.486191666667,6016.892026296299,9213.138055462963,0.028652500001044245,0.0
2025-06-28,seasonal_q0,16492.44923448464,1662.2182278810053,18154.667462365647,29450.680758416667,301.1672435000008,5,7912.326539711933,16474.04812695473,16411.452781416665,9213.138055462963,5804.833834814815,0.06665120000070601,0.0
2025-06-29,seasonal_q0,28459.724526366907,128261.25253209026,156720.97705845718,47750.60074043209,22602.629379937247,61,27.702499999999986,7756.7940387860035,6699.034951749997,5804.833834814815,5342.576301111112,0.02438339999935124,0.0
2025-06-30,seasonal_q0,44668.36027626379,10405.623269014506,55073.98354527829,73096.89968724278,1747.6049186666671,14,409.95043641975883,22549.43358415637,17992.563398,5342.576301111112,5645.329417962962,0.02346190000025672,0.0
2025-07-01,seasonal_q0,47767.57281286697,30676.58779334274,78444.16060620971,77714.20710990226,5295.245468583325,28,903.0785725308692,21617.47643528806,18377.646462666675,5645.329417962962,4681.451028981482,0.01864209999985178,0.0
2025-07-02,seasonal_q0,49241.53104901064,12811.248719233956,62052.779768244596,80318.54751390533,1936.4153862499998,16,4670.140279526748,21855.899214711928,17175.842960749997,4681.451028981482,5267.490365833332,0.03301569999894127,0.0
2025-07-03,seasonal_q0,46212.99949422281,52816.48272105143,99029.48221527424,75031.40838316461,8531.229848999988,31,0.0,19076.692828497944,15274.473529666677,5267.490365833332,5464.8766562962965,0.030075900000156253,0.0
2025-07-04,seasonal_q0,32409.421101093518,0.0,32409.421101093518,53418.11571172839,0.0,0,20177.434227572012,14572.087259156378,10212.273241666666,5464.8766562962965,7232.784921018517,0.04441020000012941,0.0
2025-07-05,seasonal_q0,20594.359207931015,23282.271928083468,43876.63113601448,35982.645446083334,4361.466167749995,21,10388.502699999997,15698.926575000001,14533.397627833336,7232.784921018517,5213.599252037037,0.019758799999181065,0.0
2025-07-06,seasonal_q0,32200.65643890213,151726.5622706152,183927.21870951733,52955.862088786,27569.008657499995,67,0.0,8557.369130452673,7826.479934166668,5213.599252037037,4219.142653703704,0.02131780000127037,0.0
2025-07-07,seasonal_q0,49949.812297612196,8289.85956452817,58239.67186214036,81075.370781607,1349.6151823333335,17,3704.4803896090516,22640.775286831275,17329.752479166666,4219.142653703704,5340.559879444445,0.019478299998809234,0.0
2025-07-08,seasonal_q0,50145.2181687204,12640.794089533643,62786.01225825404,80866.65678909465,1845.7177885833357,8,2192.591271913586,23143.693900514398,18195.297611416667,5340.559879444445,5952.887043888889,0.03227569999944535,0.0
2025-07-09,seasonal_q0,49231.785696860614,2037.1018987400123,51268.88759560062,78303.00923004115,317.0797858333351,8,372.9162645061738,21688.34900720164,17499.9012725,5952.887043888889,6028.066403148147,0.018942600001537357,0.0
2025-07-10,seasonal_q0,50679.227739415786,3042.37690016065,53721.604639576435,81074.91876077058,464.25357524999765,9,4517.33348333333,21917.307540020578,17749.09207066667,6028.066403148147,6032.429777314815,0.03618899999855785,0.0
2025-07-11,seasonal_q0,34374.363493189645,0.0,34374.363493189645,54827.5817441358,0.0,0,16778.473650205764,15105.729452263371,9575.398508333332,6032.429777314815,8988.254608425927,0.04126170000017737,0.0
2025-07-12,seasonal_q0,23328.45093541882,2793.286879824015,26121.737815242835,39306.48511075,400.41383025000215,1,8345.648218312755,16153.601765020578,15876.594375666664,8988.254608425927,5885.835779537037,0.051332600000023376,0.0
2025-07-13,seasonal_q0,36314.516755694814,77387.11859525685,113701.63535095166,58711.1759031893,12848.142965999994,34,91.2245583333331,14885.447644855969,12685.073734000005,5885.835779537037,5188.212288796296,0.036498900000879075,0.0
2025-07-14,seasonal_q0,47759.153198390406,4357.646606099669,52116.799804490074,76029.62522232509,651.1807167500002,12,130.3469500000008,20883.481180658433,16140.701408249997,5188.212288796296,6049.232675555555,0.02350279999882332,1.5234687231491033e-16
2025-07-15,seasonal_q0,49055.78987256448,431.5416832166669,49487.331555781144,77602.59428549383,64.04979166666669,4,740.9601717078157,20315.590347119345,16138.957025000002,6049.232675555555,6401.089515740739,0.061610599999767146,0.0
2025-07-16,seasonal_q0,48260.84428983071,5080.855274389659,53341.69956422037,76847.29104855967,732.7230000833321,5,1987.4909763374474,20226.578347222225,16768.61865825,6401.089515740739,5973.211519074074,0.022615500000028987,1.507631646576183e-16
2025-07-17,seasonal_q0,48192.11662489142,7252.848698389978,55444.9653232814,76364.4071574074,1078.3576699999967,10,732.3185583333345,21324.08274907407,17334.052546666666,5973.211519074074,5904.827608055554,0.024122999999235617,0.0
2025-07-18,seasonal_q0,34572.438219275464,0.0,34572.438219275464,55821.60909660494,0.0,0,18772.842808127563,14831.47076347737,9056.952575,5904.827608055554,9189.870656296298,0.021057400001154747,0.0
2025-07-19,seasonal_q0,22901.91806179003,3247.4957723323505,26149.41383412238,38481.58285099999,493.08718650000253,8,11756.36684063786,15988.745551028804,15953.261404166664,9189.870656296298,5853.8956475925925,0.04474099999970349,0.0
2025-07-20,seasonal_q0,33820.89165568528,112417.74936240546,146238.64101809074,53762.8983005,19344.76288233333,49,0.0,8495.942816666666,7478.259850500003,5853.8956475925925,5191.066570925926,0.06299550000039744,0.0
2025-07-21,seasonal_q0,47995.5298134277,16638.660831138917,64634.190644566625,76597.10181018518,2438.508759833333,7,380.574599999999,20580.99070185185,15915.704081833335,5191.066570925926,6029.842556111111,0.025456399998802226,1.5159656831515656e-16
2025-07-22,seasonal_q0,48421.01316118984,11137.163440782446,59558.176601972285,77142.14135637859,1623.2539259166651,7,1290.568475,20077.6130313786,16397.93084075,6029.842556111111,5879.771127962963,0.03338609999991604,0.0
2025-07-23,seasonal_q0,48218.08269070711,14412.723547683334,62630.80623839045,76891.13179022634,2147.6014651666665,12,791.2299883744886,20652.975585185184,16622.01943483333,5879.771127962963,5998.538671481481,0.02060469999923953,1.5089686707069533e-16
2025-07-24,seasonal_q0,48910.72035611347,4471.713931934625,53382.43428804809,77570.61654207818,642.2779471666607,3,425.46000277777773,20766.152647633742,16595.190161166673,5998.538671481481,6248.975875277779,0.021682499998860294,0.0
2025-07-25,seasonal_q0,34194.830279193455,0.0,34194.830279193455,55167.94949012346,0.0,0,23604.74360895062,14130.272906172833,9072.386591666667,6248.975875277779,8885.79194453704,0.03540889999931096,0.0
2025-07-26,seasonal_q0,22681.76306516194,1715.3971993467778,24397.16026450872,38018.38202491666,406.5687510833303,6,9396.910077983535,16637.318872016465,16078.369740666672,8885.79194453704,5994.523661944445,0.022483400000055553,0.0
2025-07-27,seasonal_q0,33188.6699265922,122865.21655788488,156053.8864844771,53296.375666255146,21416.61896466666,52,0.0,9636.356699588476,8608.55186866667,5994.523661944445,5102.1870597222205,0.04720589999851654,0.0
2025-07-28,seasonal_q0,49221.08475732416,24945.04078414652,74166.12554147068,78998.1949335391,3847.2818031666693,17,364.81716831275503,20320.363965226334,15794.581630166664,5102.1870597222205,5840.979483796295,0.021881099999518483,0.0
2025-07-29,seasonal_q0,49994.31092885571,5740.267039848123,55734.57796870383,80139.97971316872,833.471039833327,7,359.95906666666735,22088.62277150206,17544.37703516667,5840.979483796295,6226.9877168518515,0.018885999999838532,0.0
2025-07-30,seasonal_q0,49410.0558811622,4341.421180256066,53751.47706141827,78988.36850236624,760.6125475833369,12,1606.2546914608977,21897.022219238686,17857.549910749996,6226.9877168518515,6092.585591111109,0.03420420000111335,0.0
2025-07-31,seasonal_q0,48713.83558673649,10927.464266068228,59641.29985280472,77685.97387633745,1592.8702360833363,10,624.0989584362146,21120.6316845679,17160.882797249993,6092.585591111109,6033.506554722222,0.03255390000049374,0.0
2025-08-01,seasonal_q0,33424.25580955649,0.0,33424.25580955649,53581.65016872428,0.0,0,26897.494060699584,14060.14632469136,8627.349883333332,6033.506554722222,9101.693932129634,0.04200280000077328,0.0
2025-08-02,seasonal_q0,22045.346779729254,567.8274815719906,22613.174261301247,37172.93171108333,99.85140533333197,3,16000.138340740732,16367.197200925932,16021.577358583338,9101.693932129634,6030.418792314815,0.04958520000036515,0.0
2025-08-03,seasonal_q0,32816.95925886049,67139.88640801513,99956.84566687561,52771.95878744856,11863.684029249998,35,0.0,14865.37284578189,13069.210012416666,6030.418792314815,4887.909895277777,0.04023320000123931,0.0
2025-08-04,seasonal_q0,47317.24954406744,239.23855281666619,47556.4880968841,75442.23566203704,35.50376666666659,2,4977.084625205757,20290.63930349795,15205.639583333334,4887.909895277777,6254.330175833335,0.023005499999271706,0.0
2025-08-05,seasonal_q0,46593.03917125957,397.4137114250004,46990.45288268456,74165.03015318929,58.89136666666673,3,5576.620809567895,19152.6664936214,15657.675516666666,6254.330175833335,6094.312779351854,0.019247899999754736,0.0
2025-08-06,seasonal_q0,46111.58525834167,9002.699054638128,55114.2843129798,73360.32118693415,1338.8314862500006,9,3238.7036998971157,18813.878578703698,15467.82887208333,6094.312779351854,5840.326975648147,0.024829199999658158,1.5779022936252646e-16
2025-08-07,seasonal_q0,47551.90505517916,809.8662535041674,48361.771308683325,75424.62754125515,120.0731750000001,4,8103.077962037038,19977.3692542181,15923.731749999999,5840.326975648147,6126.924026666666,0.019763500000408385,1.5301085426000105e-16
2025-08-08,seasonal_q0,32033.178575093032,0.0,32033.178575093032,51473.92457599999,0.0,0,30053.128776617286,15231.162391049378,9585.537841666664,6126.924026666666,9184.37257675926,0.02843370000118739,0.0
2025-08-09,seasonal_q0,21283.168874875475,1099.0072531293285,22382.176128004805,35986.98232258333,246.35540116666542,7,17296.999783333333,16296.852583333331,16282.443642916667,9184.37257675926,5759.935854074074,0.02073489999929734,0.0
2025-08-10,seasonal_q0,31951.5909056847,92736.86863004332,124688.45953572802,51332.13605633332,15629.41302,36,0.0,12116.795424999998,10459.865398666669,5759.935854074074,5042.979071388889,0.0177254999998695,1.138590819415023e-16
2025-08-11,seasonal_q0,44339.78409712272,1218.785242779167,45558.569339901886,70032.8571872428,180.76255000000003,6,562.387326069454,22066.869825473757,16976.89074763374,5042.979071388889,6039.949972500002,0.027878299999429146,0.0
2025-08-12,seasonal_q0,43480.54931536808,19769.487190443157,63250.03650581124,68576.12872572016,2914.418722666665,12,173.49273333333304,17971.515017386824,14415.003952333333,6039.949972500002,6197.64243,0.03563410000060685,0.0
2025-08-13,seasonal_q0,45469.178938585246,626.9288659583323,46096.10780454358,71406.77793004115,91.81332499999985,5,1571.7361620370302,19848.201584670787,16042.325941666666,6197.64243,6236.2172543518545,0.023039499999867985,0.0
2025-08-14,seasonal_q0,43334.33270006139,11757.156955955486,55091.48965601688,68192.22785668724,1743.105823999998,12,411.56062849794284,20248.96371985597,16651.481651000002,6236.2172543518545,5958.638323333333,0.03976119999970251,0.0
2025-08-15,seasonal_q0,32027.393812754897,0.0,32027.393812754897,51443.1206590535,0.0,0,28892.872158230453,14812.012250823042,9421.490633333331,5958.638323333333,8821.126423148151,0.040759800000159885,0.0
2025-08-16,seasonal_q0,21481.459384960912,2309.2798953013353,23790.73928026225,36630.51766916666,331.0320950833336,1,19320.254344341567,16534.067622325096,15822.052569083335,8821.126423148151,6121.7288731481485,0.07682559999921068,0.0
2025-08-17,seasonal_q0,31712.71913008033,81077.11783845417,112789.83696853451,50694.442430833325,14405.405516666666,37,2.4525000000001,14824.230033333331,12892.228202499999,6121.7288731481485,5138.837900370368,0.03951299999971525,0.0
2025-08-18,seasonal_q0,43665.00461270654,7602.483327396503,51267.48794010305,68594.32701923867,1143.8201260833348,11,412.5572000000001,21369.70929423868,16438.23496558333,5138.837900370368,6106.870747870372,0.0324942999995983,0.0
2025-08-19,seasonal_q0,44497.86783552334,1701.0370715041654,46198.90490702751,69703.09057314813,252.15298333333317,4,2000.1565788065714,19571.7595026749,15934.332575,6106.870747870372,6016.640328055554,0.04027250000035565,0.0
2025-08-20,seasonal_q0,43718.81397555661,35343.59006446606,79062.40404002267,68832.78991471193,5488.469435500002,15,364.7157698559662,17590.99608652263,14285.143572833329,6016.640328055554,5976.155058333332,0.03540600000087579,0.0
2025-08-21,seasonal_q0,45617.54338729025,866.7924255458366,46484.335812836085,72343.69901100823,126.72267916666715,6,2814.2186885802453,19380.20622242799,15568.421704166665,5976.155058333332,6120.094320555556,0.030074900001636706,0.0
2025-08-22,seasonal_q0,31616.8070740436,0.0,31616.8070740436,50815.968099,0.0,0,24334.384071090535,15002.071062242796,9751.056434333334,6120.094320555556,8787.451127314816,0.024921299998823088,0.0
2025-08-23,seasonal_q0,22022.63067941229,0.0,22022.63067941229,37083.90551041666,0.0,0,14130.73928652263,16373.841055144034,15950.68098125,8787.451127314816,5800.929208888887,0.02312809999966703,0.0
2025-08-24,seasonal_q0,32227.196461223466,83716.17040350832,115943.3668647318,51596.104712,14706.119483333332,37,263.53933333333356,15515.230883333332,13210.135504666669,5800.929208888887,5086.70866537037,0.02848970000013651,0.0
2025-08-25,seasonal_q0,44097.512973971025,41048.0278211747,85145.54079514573,68976.66012685184,6060.495458361102,9,176.19753333333347,17093.527212962967,13005.656177750005,5086.70866537037,6020.154070648147,0.031761800000822404,0.0
2025-08-26,seasonal_q0,45288.32472930702,2006.1163325063321,47294.441061813355,71342.26612037036,292.0840771666664,7,1991.0377927983573,21090.887127572016,16976.393106166666,6020.154070648147,6139.293478611111,0.04775830000107817,1.6065857277063288e-16
2025-08-27,seasonal_q0,45474.40502523105,7931.919464473435,53406.324489704486,71926.08426975308,1147.3677472499967,4,1322.4019437242846,20990.866626028805,17153.96541941667,6139.293478611111,5971.111864907408,0.025035099999513477,0.0
2025-08-28,seasonal_q0,44931.829898888325,25798.885287069355,70730.71518595768,70785.46120469959,3962.0883969166625,20,373.91688333333354,18365.80794403292,14759.970209083334,5971.111864907408,6100.372115555555,0.030438499999945634,0.0
2025-08-29,seasonal_q0,32595.736607611067,0.0,32595.736607611067,51849.07603766666,0.0,0,23586.17540751028,16016.727792489719,10309.04751233333,6100.372115555555,9060.92989287037,0.03706869999950868,0.0
2025-08-30,seasonal_q0,21930.61568718539,2333.9279382090294,24264.543625394417,36916.50478808333,346.3262191666648,4,18708.275007510292,15893.188542489703,15851.352376083334,9060.92989287037,5752.1858299074065,0.02524699999958102,0.0
2025-08-31,seasonal_q0,32773.915205719524,96304.35722769416,129078.27243341369,52237.621119749994,16477.65960916667,36,0.0,12287.447783333333,10218.790137749998,5752.1858299074065,5456.677570740741,0.06856110000080662,0.0
2025-09-01,seasonal_q0,46317.65851584803,0.0,46317.65851584803,73137.23977880659,0.0,0,12323.262956687251,20363.88928045267,13124.046991666666,5456.677570740741,9201.903487962963,0.03425909999896248,0.0
2025-09-02,seasonal_q0,38353.040397153454,0.0,38353.040397153454,59719.482587962964,0.0,0,3662.941753395062,18263.318076234566,16264.533091666666,9201.903487962963,7567.18632138889,0.027641499998935615,0.0
2025-09-03,seasonal_q0,40053.829856739976,0.0,40053.829856739976,63264.84976901337,0.0,0,4272.536092078195,18159.628235185177,14715.031808250002,7567.18632138889,7560.816390555556,0.05802380000022822,1.8165447948940843e-16
2025-09-04,seasonal_q0,41186.4950578462,99.72559605833366,41286.22065390454,65083.14628641975,14.802575000000047,2,7531.929690329227,18997.202829423863,15356.74920833333,7560.816390555556,7595.244261111111,0.0511279000002105,0.0
2025-09-05,seasonal_q0,28834.588995471335,0.0,28834.588995471335,46435.54699,0.0,0,34308.06018467078,14664.101106995882,9360.875968333332,7595.244261111111,10391.96195925926,0.020540499999697204,0.0
2025-09-06,seasonal_q0,18130.244772166494,0.0,18130.244772166494,31114.418119999995,0.0,0,22364.987058950614,16867.125024382716,15838.777663333334,10391.96195925926,7973.732633055556,0.03537099999994098,0.0
2025-09-07,seasonal_q0,28039.600949128857,60948.37302123823,88987.97397036708,45241.99488025,10525.04708833333,30,66.93999999999983,13801.828366666665,13062.710014750006,7973.732633055556,5881.255924444445,0.042329600000812206,0.0
2025-09-08,seasonal_q0,35905.917223325436,32462.19528431533,68368.11250764076,58123.77998004114,4829.371424666666,12,215.43815833333304,17868.46661337448,14526.322900333334,5881.255924444445,5822.517098333334,0.0407322999999451,0.0
2025-09-09,seasonal_q0,37514.82800353401,6195.082822833563,43709.91082636757,60839.88174341564,892.2832711666637,3,4443.889814609052,20852.359920473253,16666.918987166668,5822.517098333334,6070.842152129629,0.02083169999968959,0.0
2025-09-10,seasonal_q0,36622.864111030896,40409.21989627302,77032.08400730391,57939.07460761317,6562.392948416663,19,230.30470833333334,15719.619374279839,12764.455176583335,6070.842152129629,6035.771615000001,0.03054080000038084,0.0
2025-09-11,seasonal_q0,38119.061973674674,952.4543916974674,39071.51636537214,61540.23989428909,171.51979341666197,5,4070.0216064814695,21272.27854372429,17126.626245833337,6035.771615000001,6151.237586759259,0.03655780000008235,0.0
2025-09-12,seasonal_q0,25405.991836389636,0.0,25405.991836389636,42159.79951358333,0.0,0,24411.428783127576,16004.699208539087,9807.984678083332,6151.237586759259,9657.706121018517,0.018809999999575666,0.0
2025-09-13,seasonal_q0,15373.830260136268,4243.196472291639,19617.02673242791,27913.97742441667,628.6077999999958,4,20632.6008941358,16527.996472530864,16625.113625583333,9657.706121018517,6060.5544734259265,0.027728600000045844,0.0
2025-09-14,seasonal_q0,25653.247980528766,106340.3298869454,131993.57786747417,42898.100425308636,18262.86811483333,43,0.0,11408.747675308643,10347.103885166667,6060.5544734259265,4831.645286574075,0.03565500000149768,0.0
2025-09-15,seasonal_q0,39778.15332804591,1208.4876535419962,40986.64098158791,64915.74354958847,173.27527116666613,2,4392.374722119338,23322.91671080247,17693.3032455,4831.645286574075,6163.044497962964,0.03863000000092143,0.0
2025-09-16,seasonal_q0,37008.46703436225,24037.000032261603,61045.46706662385,58880.63847849794,3740.910482416663,17,53.62181666666663,17889.787936831275,14813.630775916668,6163.044497962964,5804.263890092592,0.03220590000091761,0.0
2025-09-17,seasonal_q0,39659.4516001203,4239.4197092858585,43898.87130940616,64671.896606584356,750.4930019999972,10,1201.3333073045235,21918.31500761317,17657.377106333333,5804.263890092592,5911.439501018519,0.021060299999589915,0.0
2025-09-18,seasonal_q0,37758.05390952213,14816.06362685619,52574.117536378326,60879.835979423864,2331.2472266666628,11,244.8031916666671,20513.23629609053,16503.007398333335,5911.439501018519,6036.677280462963,0.030617700000220793,0.0
2025-09-19,seasonal_q0,26420.08641722957,0.0,26420.08641722957,44055.33678168724,0.0,0,21291.194284362133,16542.768797325105,9879.978616666667,6036.677280462963,9947.415179537038,0.02611879999858502,0.0
2025-09-20,seasonal_q0,15753.054049085033,4518.655803534998,20271.70985262003,28252.63133008333,885.0056087499993,8,13698.512478497945,16662.838721502052,16869.1479945,9947.415179537038,6200.472257222222,0.07429290000072797,0.0
2025-09-21,seasonal_q0,26865.145347012774,88504.2360935809,115369.38144059367,44863.40932685185,15182.25621433333,34,0.0,13451.322960185182,11693.144902333333,6200.472257222222,5314.279696574074,0.020002699999167817,0.0
2025-09-22,seasonal_q0,38175.70834357486,22489.36603065269,60665.07437422755,61505.43038631687,3537.152488416663,16,95.57259166666677,20268.095119650203,15935.10471991667,5314.279696574074,5849.893393240742,0.029385699999693315,0.0
2025-09-23,seasonal_q0,39697.75423938476,19810.723465983065,59508.477705367826,64238.094479629624,3056.8687102499966,15,993.809095679013,20474.68530895061,16290.146798083335,5849.893393240742,6176.947062314815,0.022272800000791904,0.0
2025-09-24,seasonal_q0,40256.10515916014,6259.607299058794,46515.712458218935,64932.355240843615,1208.8150656666592,8,1080.248193106997,21482.828056069957,17485.131042666675,6176.947062314815,6083.568932037034,0.0374707999999373,0.0
2025-09-25,seasonal_q0,39644.867266693225,5405.03946852234,45049.90673521557,63977.01341399177,829.6091994166677,7,501.86801831276387,21547.40186234568,17578.096167249998,6083.568932037034,5945.012644537038,0.030699099999765167,0.0
2025-09-26,seasonal_q0,27279.741338024534,0.0,27279.741338024534,45600.373794547326,0.0,0,21223.836519341567,16823.46354187242,10141.169766666666,5945.012644537038,9818.163424814813,0.03268949999983306,0.0
2025-09-27,seasonal_q0,15809.564027616698,8655.044309482028,24464.608337098725,28523.680567666666,1510.708546249998,10,12860.841583333331,16271.859408333334,16899.61412775,9818.163424814813,5685.487861481481,0.028988499998376938,0.0
2025-09-28,seasonal_q0,27525.910632509167,111384.96959419656,138910.88022670572,45796.26939722222,19262.60505666666,47,0.0,11644.402413888887,10073.157126666669,5685.487861481481,4973.053226574075,0.034408499999699416,0.0
2025-09-29,seasonal_q0,41245.59379048936,7590.000008510631,48835.59379899999,67275.52708497942,1302.6956441666607,10,520.6488000000006,23063.95634331276,17766.274014166673,4973.053226574075,5990.30947537037,0.02145120000022871,0.0
2025-09-30,seasonal_q0,41416.357026418205,19328.122748511603,60744.47977492981,66568.71700709876,3175.2194727500037,14,353.08774166666626,20829.498407098763,16860.824435583327,5990.30947537037,6002.608668888889,0.0214629000001878,0.0
2025-10-01,seasonal_q0,41741.43212829922,0.0,41741.43212829922,67330.54066337447,0.0,0,12355.568066049382,19984.549530658434,14671.098466666668,6002.608668888889,7687.482727962963,0.02212350000081642,0.0
2025-10-02,seasonal_q0,35699.40012266709,1858.3520139766813,37557.75213664377,57196.24750977366,363.1374523333361,4,2441.4758560699597,20340.523620370368,16953.397630999996,7687.482727962963,7156.845507407411,0.023861899999246816,0.0
2025-10-03,seasonal_q0,24550.855968045944,0.0,24550.855968045944,41856.553880041145,0.0,0,28127.855834465023,15698.256795576126,9786.712449999999,7156.845507407411,10411.151678981481,0.024111499998980435,0.0
2025-10-04,seasonal_q0,14738.303246544066,1665.0939465968227,16403.39719314089,27182.90563891667,435.510701416664,3,14619.595730658437,16496.89621100823,16594.05803466667,10411.151678981481,6820.516008148148,0.025543499999912456,0.0
2025-10-05,seasonal_q0,25709.678966759253,72244.04933944318,97953.72830620244,43793.91267572016,12816.70701302984,34,0.0,16152.586166666666,14277.927544583332,6820.516008148148,5493.479619722221,0.042310699998779455,0.0
2025-10-06,seasonal_q0,38766.10358416065,0.0,38766.10358416065,63374.66952304527,0.0,0,361.5186117283972,22626.8433196502,17346.80165833333,5493.479619722221,6583.41454259259,0.05259930000102031,0.0
2025-10-07,seasonal_q0,40108.00099291025,845.9623011571707,40953.96329406742,65036.77387191358,172.42382716666748,3,2982.5661605967057,21402.46269465021,16947.394156166665,6583.41454259259,7015.193016481482,0.021243900000627036,0.0
2025-10-08,seasonal_q0,34707.955074570615,16306.567571664164,51014.52264623478,56653.39335617283,2598.9258100833267,12,82.58955833333323,18834.72068117284,16143.486739916672,7015.193016481482,6029.234140740741,0.03358970000044792,0.0
2025-10-09,seasonal_q0,35332.28366818504,12010.74795671499,47343.03162490003,58125.490346399165,1919.8405206666637,11,234.35865,21322.73058806584,17271.740054333335,6029.234140740741,6028.869387407408,0.05041150000033667,0.0
2025-10-10,seasonal_q0,24371.047745166477,0.0,24371.047745166477,42450.29593096707,0.0,0,26711.86713477366,16995.990237860075,10601.172358333333,6028.869387407408,9546.180203333335,0.01933619999908842,0.0
2025-10-11,seasonal_q0,14264.065258940798,1898.5025524993546,16162.567811440153,27346.183266999993,336.15800608332984,4,13680.640849999998,16381.679291666667,16486.29245191667,9546.180203333335,5971.588841481481,0.023953399999300018,0.0
2025-10-12,seasonal_q0,24935.45590099901,97521.9153643338,122457.37126533283,43438.281297633745,16808.34364025,39,0.0,14277.01868930041,12545.349734749998,5971.588841481481,4881.628178796297,0.04235510000034992,0.0
2025-10-13,seasonal_q0,38300.86057804707,4034.1044404338168,42334.965018480885,63431.1158201646,699.6334204166631,9,1611.5370166666653,23146.712245164606,17654.895321250006,4881.628178796297,6097.1188425,0.037217799999780254,0.0
2025-10-14,seasonal_q0,37474.26812281469,19822.57606254075,57296.84418535544,61365.74889927983,3253.7806260833386,12,279.1639333333336,19968.868307613164,16402.33199891666,6097.1188425,5844.286987222222,0.028628300000491436,0.0
2025-10-15,seasonal_q0,38291.34530018456,20059.162105731448,58350.50740591601,62852.88662530864,3073.642101833332,13,126.41202499999986,19451.216150308643,15571.123098166669,5844.286987222222,6049.133635648148,0.034147299998949165,0.0
2025-10-16,seasonal_q0,38352.126812283386,26651.561897879033,65003.688710162416,62869.05378713992,4198.048189695462,14,172.8523416666667,20461.724321502057,16533.947636333338,6049.133635648148,6093.63259574074,0.030745500000193715,0.0
2025-10-17,seasonal_q0,25974.13247500176,0.0,25974.13247500176,44943.38802530864,0.0,0,22700.901874382715,17044.423192592592,10806.136358333333,6093.63259574074,9426.79529314815,0.03623899999911373,0.0
2025-10-18,seasonal_q0,14605.655994899298,1381.7377168477,15987.393711746998,27740.182669499998,278.9254470833319,7,12088.017566666666,16222.374841666666,16367.877558416669,9426.79529314815,5840.402030185185,0.01986890000080166,0.0
2025-10-19,seasonal_q0,25557.80095318423,122421.59436221028,147979.3953153945,44468.44279372428,21467.390016583326,49,0.0,13745.10809372428,11694.997816750003,5840.402030185185,5216.557295925925,0.04537700000037148,0.0
2025-10-20,seasonal_q0,40037.790102265884,21767.379848734923,61805.169951000804,65468.67029207818,3667.975836083343,14,196.14471666666634,20606.658717078182,16106.939672249988,5216.557295925925,5865.950505462962,0.019746399999348796,0.0
2025-10-21,seasonal_q0,40987.86100805309,22326.210706748083,63314.071714801175,66848.09830864197,3461.237743666667,12,123.3099833333331,19180.185283641975,15456.740564666667,5865.950505462962,5953.961077777778,0.021673200000805082,0.0
2025-10-22,seasonal_q0,41542.49870557725,13850.375386535623,55392.87409211288,68414.841093107,2495.3978162499993,14,1179.4826293209883,21922.65594711934,17746.796367083334,5953.961077777778,5965.688800092592,0.022127899999759393,0.0
2025-10-23,seasonal_q0,42121.40204923669,113.57966177704188,42234.98171101373,68436.75680442387,19.356632083326275,2,678.1164558642065,22646.204006893,18247.70405958334,5965.688800092592,6072.045673425926,0.021471000000019558,0.0
2025-10-24,seasonal_q0,26025.95349079642,0.0,26025.95349079642,45144.96153950617,0.0,0,20346.187829938266,18028.092642901232,11649.369649999997,6072.045673425926,9353.584996481484,0.04367350000029546,0.0
2025-10-25,seasonal_q0,15248.907907474699,1416.8362550520599,16665.74416252676,28754.42535316666,265.57654374999606,5,9620.414807304518,16397.722251028812,16396.567894750006,9353.584996481484,5893.126250462964,0.031872700001258636,0.0
2025-10-26,seasonal_q0,27134.01507875287,113415.04219285754,140549.05727161042,46729.93575905349,19626.091684977364,46,0.0,13040.351414197527,11228.635986833335,5893.126250462964,5153.180315648149,0.034251499999299995,0.0
2025-10-27,seasonal_q0,42441.56535607165,10519.68743672502,52961.25279279667,69561.09942726337,1541.83197041667,4,2545.8617975308675,22655.3087797325,17650.820846249997,5153.180315648149,5930.935054907406,0.02080069999828993,0.0
2025-10-28,seasonal_q0,42522.234756961894,7200.126235235646,49722.360992197544,69295.7655355967,1236.3491439999968,7,253.41151604938307,21999.086936213993,17692.805472666667,5930.935054907406,6071.440550092591,0.018645100000867387,1.711094832096561e-16
2025-10-29,seasonal_q0,42999.455516785725,21785.6121422369,64785.06765902262,69908.70102829218,3408.894662499997,15,188.25905751029188,20479.84122911522,16662.76139583333,6071.440550092591,5989.118327592591,0.04916690000027302,0.0
2025-10-30,seasonal_q0,43411.45374085476,3147.2389577398435,46558.692698594605,70647.41480246914,471.4806530833288,7,2045.78936265433,22532.92177314814,18247.633330250006,5989.118327592591,5993.599778703703,0.02395249999972293,0.0
2025-10-31,seasonal_q0,27345.20987710549,0.0,27345.20987710549,47226.49795452674,0.0,0,16614.14281440329,18411.368315123458,11703.305241666669,5993.599778703703,9560.158771574073,0.0471027999992657,0.0
2025-11-01,seasonal_q0,15643.218242802717,1468.3330222842546,17111.55126508697,29168.670872249997,317.0806481666681,4,7125.895341666666,16295.728866666665,16479.911121249996,9560.158771574073,5915.302394629633,0.04761119999966468,0.0
2025-11-02,seasonal_q0,27285.316848472714,130658.87811149491,157944.19495996763,47556.254788786,23016.51758275,54,0.0,12856.938013786003,11080.549575583333,5915.302394629633,5174.824856388889,0.03274799999962852,0.0
2025-11-03,seasonal_q0,43936.30484397495,18379.839081860733,62316.143925835684,71338.70852767488,2845.777827333337,12,47.87559166666642,20638.70033600823,16007.019855999994,5174.824856388889,5964.07754101852,0.022628300001088064,0.0
2025-11-04,seasonal_q0,44182.89405944935,4992.0654751698785,49174.95953461922,72013.25482098764,822.9466920000008,9,949.907722119341,22669.35673220164,18363.134974666667,5964.07754101852,5963.015294814815,0.02372819999982312,0.0
2025-11-05,seasonal_q0,44981.801236715415,7934.474988726797,52916.27622544221,72869.29245915638,1334.610348583328,8,122.98320000000035,22935.947350823044,18533.047809750005,5963.015294814815,6013.09256638889,0.023313699999562232,0.0
2025-11-06,seasonal_q0,44069.38615400388,22128.900845255484,66198.28699925936,71502.38274043209,3930.3308274999986,20,154.34448333333285,20835.742740432095,16926.958205833333,6013.09256638889,5957.529692962962,0.02650499999981548,0.0
2025-11-07,seasonal_q0,29581.536654821277,0.0,29581.536654821277,51746.15490226337,0.0,0,21502.971058539093,19024.90104372428,12100.178983333331,5957.529692962962,9635.297317500006,0.022081600000092294,0.0
2025-11-08,seasonal_q0,15886.440890573489,742.8138879305374,16629.254778504026,29820.66636424999,151.93003524999915,3,6409.02171193415,16241.948196399186,16469.580608833337,9635.297317500006,5953.516684444443,0.022422599999117665,0.0
2025-11-09,seasonal_q0,28819.80910188525,130078.85883214319,158898.66793402843,50376.6003367284,22902.347556333334,55,0.0,14087.61994506173,12155.489235333329,5953.516684444443,5126.275484629628,0.035337500001332955,0.0
2025-11-10,seasonal_q0,46507.65233170122,19495.70769144752,66003.36002314874,75833.09415936214,3281.2897191666752,17,60.33795370370376,23337.31713899177,18141.714314166657,5126.275484629628,5972.400560648149,0.02139580000039132,0.0
2025-11-11,seasonal_q0,46583.366912467114,6401.778371450419,52985.14528391753,75162.5789270576,1142.9230958333346,7,441.09751666666705,23293.43555205761,18988.050712499997,5972.400560648149,5838.658432499999,0.02042289999917557,0.0
2025-11-12,seasonal_q0,46494.310283821964,7021.954148680338,53516.2644325023,75209.93774012345,1202.8970061666669,9,766.5122854938242,23678.064246296297,18987.729535499995,5838.658432499999,6051.4389925000005,0.022480400000858936,0.0
2025-11-13,seasonal_q0,46942.2617998261,9582.438300931699,56524.70010075779,75503.65160421809,1396.7974700000048,3,200.9858833333327,22349.308054218105,18045.716179999996,6051.4389925000005,6115.020485740742,0.022084000000177184,1.549980195928774e-16
2025-11-14,seasonal_q0,29788.49738957837,0.0,29788.49738957837,51789.03929176954,0.0,0,17644.307549176952,17906.45879259259,11360.182350000001,6115.020485740742,9608.408565740743,0.037904400000115857,0.0
2025-11-15,seasonal_q0,16217.157022583082,4459.699682330697,20676.85670491378,30114.0504825,848.8970003333304,10,3003.421575617287,16397.09266604938,16649.453675500004,9608.408565740743,5866.3989924074085,0.04019530000005034,0.0
2025-11-16,seasonal_q0,30967.085454318836,129149.5857775922,160116.67123191105,54023.223482818925,22439.924093839494,55,0.0,15053.068372325102,13024.465179000008,5866.3989924074085,4942.532550833334,0.025748599999133148,0.0
2025-11-17,seasonal_q0,49545.319962337475,229.07630268180617,49774.396265019284,79767.75762207406,46.564956333327814,1,1291.6385282921801,24999.356037448553,19172.426320666666,4942.532550833334,6139.257072685188,0.018749500000922126,0.0
2025-11-18,seasonal_q0,47540.09299792018,17587.235806582532,65127.328804502715,76400.95577253087,2618.932211416665,8,127.96521666666604,21714.922339197525,17713.551405250004,6139.257072685188,6000.963394351853,0.030285100001492538,0.0
2025-11-19,seasonal_q0,48148.989623632595,14069.798041704944,62218.78766533754,77349.52949308025,2461.362148750003,14,186.18250833333332,22984.463305246907,18728.06577175,6000.963394351853,5878.018400462963,0.02099839999937103,0.0
2025-11-20,seasonal_q0,48877.71410838816,8002.221758943547,56879.935867331704,78454.28226902366,1188.7551337500004,7,248.29788333333352,23398.99227644033,18797.328790333333,5878.018400462963,6051.19057111111,0.021050800000011805,0.0
2025-11-21,seasonal_q0,31689.09303531354,0.0,31689.09303531354,55246.1059403292,0.0,0,19497.841036728387,18510.402686934158,11626.521850000003,6051.19057111111,9792.19537824074,0.033232899999347865,0.0
2025-11-22,seasonal_q0,16697.141756841873,3934.4308823536376,20631.57263919551,31029.56188458333,699.0271080833359,10,1971.2513012345694,16435.54134876543,16898.033140666666,9792.19537824074,5808.590213611111,0.031667299999753595,0.0
2025-11-23,seasonal_q0,32597.038841280242,122982.82771685824,155579.86655813848,56612.8781419753,21100.36672620679,47,0.0,16149.823915432095,13668.675330583332,5808.590213611111,5156.014703518519,0.0206162000013137,0.0
2025-11-24,seasonal_q0,49378.11198852144,6470.455387634334,55848.56737615578,79358.51133230452,951.6748430000001,5,1099.3850795267538,23695.96626944444,18647.108873666664,5156.014703518519,5763.374486388888,0.025764500000150292,0.0
2025-11-25,seasonal_q0,49290.094359526774,11094.15273166486,60384.24709119163,79259.94007107716,1950.7798984999968,12,403.6000916666666,23479.73681049383,18841.27739925,5763.374486388888,5960.38495,0.023225800001455355,0.0
2025-11-26,seasonal_q0,50205.343062632164,10393.020965566644,60598.364028198805,80233.5212911389,1527.0782629999965,4,479.97575123456863,23116.06635432099,18593.109434750004,5960.38495,6105.834185833333,0.018926499998997315,0.0
2025-11-27,seasonal_q0,50147.28571750234,4623.364435610651,54770.65015311299,80148.77267469137,662.7529294166643,1,502.01383148148403,23858.270509876536,19329.651470583332,6105.834185833333,6100.887121851852,0.023700100000496604,0.0
2025-11-28,seasonal_q0,32371.507909738742,0.0,32371.507909738742,56320.68161995885,0.0,0,18880.549127572012,18707.357192386837,12188.46325,6100.887121851852,9394.771650555556,0.02262700000028417,0.0
2025-11-29,seasonal_q0,17352.522197678947,14142.688531808346,31495.21072948729,32113.47205616666,2137.4835415000016,7,16.704166666666765,14003.732516666665,14698.931185666668,9394.771650555556,5665.985153703704,0.03316329999870504,0.0
2025-11-30,seasonal_q0,34187.797346167805,134146.17258808325,168333.96993425104,59564.87876193416,23193.290221333322,59,0.0,16128.019803600831,13614.678937000012,5665.985153703704,5053.781935833333,0.0221306999992521,0.0
2025-12-01,seasonal_q0,51650.492275393604,48779.01426532111,100429.5065407147,82761.12673148146,8754.383345250006,24,23.21407499999998,23534.79063981481,18341.422371416662,5053.781935833333,5855.735321203703,0.019313799999508774,0.0
2025-12-02,seasonal_q0,54130.492998744274,39940.55522107601,94071.04821982028,86038.590566358,6984.130845666668,24,35.271425000000136,22536.684983024687,18187.044946,5855.735321203703,5930.924088148147,0.021191300000282354,0.0
2025-12-03,seasonal_q0,55223.912189459705,24738.259125395947,79962.17131485566,87474.24915288066,4202.4026447500055,16,161.2587666666666,23333.305077880657,18980.660613583328,5930.924088148147,5841.275754259259,0.02043749999938882,0.0
2025-12-04,seasonal_q0,54205.653130143386,28791.779462357827,82997.43259250121,86350.55479979423,5424.4483375,19,220.09950000000094,24542.921974794237,19759.227087499996,5841.275754259259,5975.208767685184,0.01951039999948989,0.0
2025-12-05,seasonal_q0,36758.03027386806,0.0,36758.03027386806,63014.20104886831,0.0,0,14893.28467757202,18736.970462962956,11927.681774999997,5975.208767685184,9585.50243435185,0.02599220000047353,0.0
2025-12-06,seasonal_q0,19984.091263484202,31066.097187793304,51050.18845127751,37973.338297633745,5029.740790853905,22,64.4323333333333,14126.534595987654,14852.518657500003,9585.50243435185,5796.585062407411,0.02279650000127731,0.0
2025-12-07,seasonal_q0,38599.34973781076,138252.84351938282,176852.19325719358,66408.00554002056,23891.310252833333,55,0.0,17830.2928733539,15183.658330499999,5796.585062407411,4973.117170092591,0.018294499999683467,0.0
2025-12-08,seasonal_q0,58768.50209652698,8600.687436196651,67369.18953272363,92853.8696105967,1252.318724083325,3,318.7949416666669,25886.32456059671,19946.14228425001,4973.117170092591,6108.428958796295,0.020945899999787798,0.0
2025-12-09,seasonal_q0,59117.240964687386,2948.8550720933176,62066.096036780706,92878.95510226337,459.38796374999794,7,1178.944978189304,25497.389274074063,20726.44545291667,6108.428958796295,6026.695468888887,0.023451499999282532,0.0
2025-12-10,seasonal_q0,58446.6036234843,7275.75239257984,65722.35601606414,92034.35414485596,1114.7147060833354,3,153.00111666666714,24913.03366985597,20304.58440225,6026.695468888887,5887.776435925926,0.021496100000149454,0.0
2025-12-11,seasonal_q0,58677.62832921461,526.1331080878077,59203.76143730242,92441.0572807613,81.99031299999629,4,1544.1236051440274,25176.874875617286,20159.205587000004,5887.776435925926,6147.8465050925915,0.01936810000006517,0.0
2025-12-12,seasonal_q0,39715.10252053345,0.0,39715.10252053345,67905.32020277777,0.0,0,17667.882393930035,18292.999692181074,11769.975366666667,6147.8465050925915,9533.795820648153,0.028474400000050082,0.0
2025-12-13,seasonal_q0,22938.63539602777,4155.841024453775,27094.476420481544,43772.02369948558,679.3255592499978,5,642.2256670781821,17106.878732407404,17096.288524083335,9533.795820648153,5934.110541944446,0.021469599998454214,0.0
2025-12-14,seasonal_q0,41263.877111855196,124713.13928978724,165977.01640164244,70202.7431869506,21376.464974666666,51,0.0,18812.106250617282,16011.619889000001,5934.110541944446,5074.317401944444,0.018888399999923422,0.0
2025-12-15,seasonal_q0,59610.77439235389,6686.64539385237,66297.41978620626,94118.85682788065,1251.8673347500005,7,110.83906666666655,26063.619611213988,20273.29248191667,5074.317401944444,6005.6945165740735,0.022221899998839945,0.0
2025-12-16,seasonal_q0,59398.64107163916,5941.215829328494,65339.85690096766,93204.46078199588,1084.2371183333337,13,313.66177500000003,24782.74894866255,20225.804156666665,6005.6945165740735,5837.05284074074,0.03308100000140257,0.0
2025-12-17,seasonal_q0,59559.466698259785,814.0769054290041,60373.54360368879,93829.54298549383,159.10335533333418,3,738.8733556584317,25603.72795483539,20545.80203633333,5837.05284074074,6051.739070833335,0.017733500000758795,0.0
2025-12-18,seasonal_q0,58163.3060621374,7737.764270309477,65901.07033244688,91737.39636018517,1484.5788936666704,12,1016.945908333333,25408.86206018518,20570.09968133333,6051.739070833335,6064.048612407406,0.0241292999999132,0.0
2025-12-19,seasonal_q0,40983.20540646152,0.0,40983.20540646152,69873.77125010287,0.0,0,20679.14406111111,17651.87548899177,11365.6396,6064.048612407406,9322.248108055557,0.025136800000836956,0.0
2025-12-20,seasonal_q0,22953.11547118654,1976.7376421980366,24929.853113384575,43702.09020884773,401.45270816666573,6,991.5388645061697,17970.770619341565,17715.118816833336,9322.248108055557,5812.476313425927,0.021036000000094646,0.0
2025-12-21,seasonal_q0,41358.94710512885,125910.57141225578,167269.51851738463,70438.40050641564,21543.15627966667,51,0.0,18580.9625600823,15637.187640666662,5812.476313425927,5160.689683425926,0.018312399999558693,0.0
2025-12-22,seasonal_q0,60187.25838149181,3860.4324255828083,64047.69080707462,94925.65607551439,675.8758279999895,9,912.1333500000004,26373.368733847732,20621.39726366668,5160.689683425926,5984.0579175925905,0.024599700000180746,0.0
2025-12-23,seasonal_q0,59838.240469397235,210.70522819200264,60048.94569758924,93943.21847088476,30.204304500000376,1,1981.5383776748963,24887.03525154321,20153.243387166665,5984.0579175925905,5989.896991574074,0.020815200001379708,0.0
2025-12-24,seasonal_q0,58652.08825783654,6344.937323538147,64997.02558137469,92486.79647253087,1007.8737524166634,5,778.2175499999993,25509.95691419753,20648.06355591667,5989.896991574074,6006.565374444444,0.021792900000946247,0.0
2025-12-25,seasonal_q0,58940.90960264221,3924.7446313921355,62865.654234034344,92359.89975648146,571.2083770000073,4,307.52720833333353,24810.04288148148,19998.91048966666,6006.565374444444,6114.592312592591,0.01858379999976023,0.0
2025-12-26,seasonal_q0,40855.81042770347,0.0,40855.81042770347,69648.53124831378,0.0,0,19685.4903951646,18501.953971399184,11546.535551583336,6114.592312592591,9936.86694064815,0.028399299999364302,0.0
2025-12-27,seasonal_q0,22433.444532327525,3400.583087702755,25834.02762003028,42641.84958045267,551.3946225833345,3,318.60437479423376,16613.715605658435,17077.88484408333,9936.86694064815,5913.783381203702,0.032216200001130346,0.0
2025-12-28,seasonal_q0,41522.5906261959,113495.66441903445,155018.25504523035,70686.04883894033,19252.146934083332,44,0.0,19627.701734773662,16498.76071175,5913.783381203702,5246.758596111113,0.02021489999970072,0.0
2025-12-29,seasonal_q0,59212.23602923376,389.77349381094547,59602.009523044704,93428.60914320986,58.18063341666484,4,552.7644353909375,25677.158107818934,20266.89903325,5246.758596111113,5837.424189537039,0.0333398999991914,0.0
2025-12-30,seasonal_q0,58446.269732189015,3988.425820074947,62434.69555226396,92333.94033960905,802.773822583331,7,2040.2562426954657,24940.702688580248,20068.647369083337,5837.424189537039,5985.5595325,0.022635999999693013,0.0
2025-12-31,seasonal_q0,58400.79812422305,10215.764694727182,68616.56281895023,91773.85925555555,1663.4548864166632,10,245.68620833333296,24677.964547222222,20132.75954691667,5985.5595325,5825.9947950925925,0.019979300001068623,0.0
2025-02-01,ridge_q0,19839.2726691026,0.0,19839.2726691026,37779.17659771022,0.0,0,3629.1615207562572,15655.59806947111,15883.758925850481,9902.811287870369,6344.228521671617,0.02360670000052778,0.0
2025-02-02,ridge_q0,56095.50305271551,0.0,56095.50305271551,89171.65282732467,0.0,0,6295.080718896534,22720.51467100849,18200.22051258034,6344.228521671617,6570.224489378878,0.017671100000370643,0.0
2025-02-03,ridge_q0,54683.8551046863,0.0,54683.8551046863,87085.43733587445,0.0,0,2709.8944803666245,23225.796864192067,19067.170508684245,6570.224489378878,6287.696657502585,0.012828499999159249,1.3305495013572829e-16
2025-02-04,ridge_q0,55079.82313962048,1179.0837311850028,56258.906870805484,87940.42428373883,169.7199980079513,2,2245.3227040960874,24608.557145392988,19938.5995177423,6287.696657502585,6281.398624198168,0.022725599999830592,0.0
2025-02-05,ridge_q0,50627.90675656672,17983.572954767827,68611.47971133454,81809.01832189105,3037.4595656990423,17,118.5464903978907,22844.93889133603,18865.43447747716,6281.398624198168,5880.24976253709,0.021419100001367042,0.0
2025-02-06,ridge_q0,52372.95984584524,5447.514638095137,57820.47448394037,84084.47630606411,841.8904102048591,8,127.55443793392101,24112.577799397255,19584.822737728864,5880.24976253709,5820.655628962557,0.024281299998619943,0.0
2025-02-07,ridge_q0,18850.667235390705,4518.731630928732,23369.398866319436,37016.26493644714,902.1874067812448,10,2435.760893333435,20529.936356247796,16852.92457301951,5820.655628962557,5572.126601786116,0.03254600000036589,0.0
2025-02-08,ridge_q0,16901.228606865334,14005.883040314679,30907.111647180012,33520.089150623695,2646.1913529550084,12,991.5865478060506,18764.33758459133,15166.806345485342,5572.126601786116,5608.023377379043,0.043965700000626384,2.1524936983657823e-16
2025-02-09,ridge_q0,48595.95966192029,29193.470792553628,77789.43045447391,79032.35004690246,4815.877862198153,20,40.144816275263224,22096.123966414063,17843.45684025537,5608.023377379043,5668.471791312398,0.01924940000026254,0.0
2025-02-10,ridge_q0,49245.34052624978,6067.667995942057,55313.00852219184,79703.04038378125,986.8347106148112,10,2199.701093752213,22616.03067836813,18452.494261057604,5668.471791312398,5520.128000668594,0.01925159999882453,0.0
2025-02-11,ridge_q0,47840.844282352344,12657.414860590583,60498.25914294293,78123.78071361911,2146.6240942056343,16,292.9408291303263,23792.306583786805,19035.43973842571,5520.128000668594,5782.715327825929,0.02574339999955555,0.0
2025-02-12,ridge_q0,48964.24324549616,8275.927360882017,57240.170606378175,79481.62443764572,1272.3622967378437,10,944.0797690986923,23507.491173717277,18964.320341765735,5782.715327825929,5867.990337765107,0.023051899999700254,0.0
2025-02-13,ridge_q0,48710.58280863729,2981.3996228602346,51691.98243149753,78977.03012353859,472.47622701841266,7,3857.6775442048347,21910.82407615338,17648.47428646788,5867.990337765107,5978.316132449948,0.01879729999927804,0.0
2025-02-14,ridge_q0,17013.682074878485,9351.261875132564,26364.94395001105,33097.802276937204,1998.1359709358258,14,2240.5054769695525,17932.48713707886,14878.85618284205,5978.316132449948,5585.492130440869,0.03778779999993276,0.0
2025-02-15,ridge_q0,17193.177537397332,8707.892394319802,25901.069931717135,33693.52938838695,1793.9924966850995,13,2727.545815075638,18249.439864456257,14769.554894459841,5585.492130440869,5599.37145905168,0.04741510000167182,0.0
2025-02-16,ridge_q0,47004.58742430495,18335.839366006097,65340.426790311045,76909.64124487354,3191.029304695281,17,90.01631323905383,22825.0871140893,18191.81197775953,5599.37145905168,5928.825441999237,0.019473899999866262,0.0
2025-02-17,ridge_q0,46185.55896146426,5276.313800857378,51461.87276232164,75640.1679235266,798.994477666676,8,1066.2661429837212,22726.022586888736,18536.989495345842,5928.825441999237,5785.5907753703905,0.024820599999657134,0.0
2025-02-18,ridge_q0,46013.99138657571,9350.551149669229,55364.54253624494,75424.74750978805,1391.8889136971675,9,205.11654723704282,23063.94901749891,18543.816924584065,5785.5907753703905,5938.903863803786,0.020571399998516426,0.0
2025-02-19,ridge_q0,46115.13156108555,14400.769024716801,60515.90058580235,75461.54033916752,2522.1625025824324,21,946.5579680455223,22890.663327967588,18732.84583759649,5938.903863803786,5726.227706089631,0.024517399999240297,0.0
2025-02-20,ridge_q0,46028.04208916881,5057.7360740272425,51085.77816319605,75517.90566886663,937.0966463481282,13,849.0350433208487,23311.406747084395,18698.573208523816,5726.227706089631,5930.301324550235,0.021940799999356386,0.0
2025-02-21,ridge_q0,16867.70338875774,5515.927655712912,22383.631044470654,32842.12469038983,1243.6599104004708,9,5521.928646093113,17716.749570878736,14713.155649514876,5930.301324550235,5527.4252166579,0.039334799999778625,0.0
2025-02-22,ridge_q0,17169.074707842687,5477.170750495729,22646.245458338417,33613.062891321184,1104.072079134002,9,3209.461899410792,18081.484019999414,14418.573832288346,5527.4252166579,5780.123243225874,0.025470699998550117,0.0
2025-02-23,ridge_q0,45604.133653521276,8029.020888900377,53633.15454242165,74836.32869790119,1384.9561946939834,15,160.5804841868063,23054.90026486825,18526.049539793214,5780.123243225874,5945.033992948167,0.018711400000029244,0.0
2025-02-24,ridge_q0,44208.84206302118,5561.519986266977,49770.36204928815,72812.72289975223,867.2594987221552,7,1199.224826700262,22647.33950837783,18369.61555327037,5945.033992948167,5916.955602410024,0.022468799999842304,0.0
2025-02-25,ridge_q0,44255.90080669262,2999.050420487012,47254.95122717963,72934.7669953316,514.8523680394214,12,3511.6915771286494,22138.15317952394,18021.548626614895,5916.955602410024,5817.350545520569,0.022297299999991083,0.0
2025-02-26,ridge_q0,44277.88315436345,7669.727345221667,51947.61049958512,72915.1223325184,1115.0958333021226,5,658.3496736400784,22527.238805832927,17970.218346985814,5817.350545520569,6124.956196341524,0.021208300000580493,0.0
2025-02-27,ridge_q0,43285.44576613179,10152.657962839377,53438.10372897117,71289.80206006477,1818.5109787838264,14,1914.5344598860365,22421.52297283802,18184.328593875456,6124.956196341524,6099.5173231452445,0.021752099999503116,0.0
2025-02-28,ridge_q0,16184.897008853388,5235.054812007445,21419.951820860835,31760.229060197034,1203.7251675465036,7,6683.623247335046,17104.009054957587,14116.271624549096,6099.5173231452445,5808.3792231080815,0.036286100001234445,0.0
2025-03-01,ridge_q0,16650.073778888163,2436.5878787914044,19086.661657679568,32690.897461441655,462.3859971449599,7,6167.157448668984,16922.179966188007,13594.819889603707,5808.3792231080815,5932.985759784277,0.024880399998437497,0.0
2025-03-02,ridge_q0,42532.62829002811,43167.8215738232,85700.4498638513,70176.17273781956,6441.809023282875,15,767.4768757060616,18560.594793093787,15068.396974364074,5932.985759784277,5894.857768719721,0.02304540000113775,0.0
2025-03-03,ridge_q0,42351.6296594619,37290.765425789585,79642.39508525148,69859.81060030436,6090.702411818139,22,165.7926258979545,20098.175237666655,16330.601484775425,5894.857768719721,5838.10272175813,0.018900099999882514,0.0
2025-03-04,ridge_q0,43589.53911534298,12721.651195990758,56311.19031133374,71917.95171353052,1928.697703015267,13,464.87690125458823,21982.32528097957,17800.01069902171,5838.10272175813,5844.4058090600665,0.024427599999398808,0.0
2025-03-05,ridge_q0,45674.95532706367,1849.9730453627944,47524.92837242646,75097.50627929748,284.12899539715073,6,5141.863843015004,21393.655538312843,17284.356123299884,5844.4058090600665,5893.855656541751,0.018893200000093202,0.0
2025-03-06,ridge_q0,44257.511825892725,3829.8334779841816,48087.34530387691,72737.6949757761,575.4041635963382,4,3409.022091229083,21491.35914715087,17527.936232340842,5893.855656541751,5760.594186376611,0.019603099999585538,0.0
2025-03-07,ridge_q0,15909.759917409194,1344.4201805199384,17254.180097929133,31163.740117137117,278.5726748860423,2,7477.203584290089,16361.64558243333,13318.821908033595,5760.594186376611,5687.384201640392,0.06340740000086953,0.0
2025-03-08,ridge_q0,15430.291518480895,5038.347059486467,20468.638577967362,29989.00192239757,1216.6605489134522,8,9006.647008672331,16151.10159544008,13015.225649468055,5687.384201640392,5762.013804794185,0.05371430000013788,0.0
2025-03-09,ridge_q0,43163.989569822006,740.5057067042459,43904.49527652625,71165.48622357877,121.17376157120313,5,3474.229952427192,22320.077730343444,17841.172747620643,5762.013804794185,6026.558486969237,0.019900999999663327,0.0
2025-03-10,ridge_q0,41241.91046235942,21571.99681841057,62813.907280769985,68099.4228199384,3512.153942547959,12,18.536362619617307,19594.586156414247,16043.6172065475,6026.558486969237,5835.444687133721,0.020247299999027746,0.0
2025-03-11,ridge_q0,41717.16944880712,6528.591827505156,48245.76127631228,69372.54071999952,962.6070385772896,5,2112.0750033820495,21334.779995757737,17050.626040562973,5835.444687133721,6091.606638245721,0.022676900000078604,0.0
2025-03-12,ridge_q0,40624.15777485975,4665.400550003086,45289.55832486283,67513.9717460348,680.8137100376936,3,1929.1584988238264,21699.89689329334,17869.804619378003,6091.606638245721,5766.175376234165,0.029956599999422906,0.0
2025-03-13,ridge_q0,39692.48162323159,31558.892770142505,71251.3743933741,66195.20938618037,5126.066572411506,20,44.65338957028382,18841.180633643602,15110.176081288668,5766.175376234165,5934.153411748222,0.022683499999402557,0.0
2025-03-14,ridge_q0,14785.29083609048,5178.291666218079,19963.58250230856,28642.167520931456,1236.66020675999,8,10962.460396286846,16061.936450156149,13174.995102084878,5934.153411748222,5751.0127701277825,0.021042799999122508,0.0
2025-03-15,ridge_q0,14782.923253860501,6842.708056690337,21625.631310550838,29083.134104308214,1559.4981728754183,13,6791.775567593414,15935.37474420507,13008.643184614853,5751.0127701277825,5638.802057006953,0.03392189999976836,0.0
2025-03-16,ridge_q0,40952.584843210876,3637.157259866436,44589.74210307731,68253.5728288409,522.771737797989,3,950.1469676379816,22184.725225472062,17709.574559804478,5638.802057006953,5927.749693482395,0.020934899999701884,0.0
2025-03-17,ridge_q0,40124.484721138695,1824.6966714733935,41949.18139261209,67056.86068170497,280.96746513959624,4,5466.365334801307,20661.405507800562,16648.074129090634,5927.749693482395,6025.1545070688735,0.027277900000626687,0.0
2025-03-18,ridge_q0,37711.87239908795,11693.758170585574,49405.63056967352,63277.83588293232,2135.668525635257,11,325.96480115771953,21824.408706117283,17862.827465374092,6025.1545070688735,5819.536269936555,0.02960230000098818,0.0
2025-03-19,ridge_q0,38583.52370903657,4517.014759599718,43100.53846863629,64555.60963524071,903.8410076951584,7,1517.2394277666044,22291.41164566383,17814.67088049456,5819.536269936555,6087.727994928947,0.022166899998410372,0.0
2025-03-20,ridge_q0,38835.74833346518,11934.409078324938,50770.15741179012,64632.69162355502,1911.1200895437598,12,337.7549031414587,21128.609807837503,17131.51481454685,6087.727994928947,6068.460361375093,0.027081899999757297,0.0
2025-03-21,ridge_q0,14354.333437659043,6454.774504018577,20809.10794167762,28019.396547589575,1497.4360235613265,13,14838.157318470758,15845.471623615296,13200.26088760182,6068.460361375093,5662.428280849059,0.04160520000004908,1.2672057615532886e-16
2025-03-22,ridge_q0,15186.55478742647,421.0288971465618,15607.583684573032,29711.1987290278,114.9182384061299,2,10286.841363886972,16479.211484457235,12821.135614243613,5662.428280849059,6248.012378812113,0.020673400000305264,0.0
2025-03-23,ridge_q0,38155.23493760332,3449.1558106778484,41604.39074828117,63737.52892089172,598.4076154221555,8,1590.1340783608548,21511.38907723088,17535.306735944527,6248.012378812113,6124.588397270431,0.036226000000169734,0.0
2025-03-24,ridge_q0,36983.05173267495,6797.0964968390535,43780.148229514,61708.630040237724,1160.67454434069,8,1213.8908965373314,21387.942439093116,17731.02583438537,6124.588397270431,5672.596776470494,0.030216099999961443,0.0
2025-03-25,ridge_q0,36681.32503770802,21085.27062820425,57766.59566591227,61686.749418080755,3495.4094718823526,19,98.31012525330766,20552.89060430583,16419.166556262688,5672.596776470494,5926.679924498312,0.023987699998542666,0.0
2025-03-26,ridge_q0,36905.75663600993,2218.3181285833366,39124.074764593264,61856.78351892883,389.3351532799509,6,2588.561984706551,21572.4295235241,17507.42770268854,5926.679924498312,5889.169048238298,0.021387599999798113,0.0
2025-03-27,ridge_q0,36842.90698294308,10403.495986478445,47246.40296942153,61643.426747195896,1669.294103373652,12,631.42314007502,20855.290628503004,16890.98231800847,5889.169048238298,5891.172482770479,0.022013300000253366,0.0
2025-03-28,ridge_q0,14042.725602006556,3912.321772195861,17955.04737420242,27811.41927421795,957.8507759194691,8,14995.488260498516,16073.477197542741,13121.576174570499,5891.172482770479,5777.772877702837,0.019918300000426825,0.0
2025-03-29,ridge_q0,14158.207503332607,3031.604512992718,17189.812016325326,28256.92157055279,673.9334355333738,11,18042.425490081943,16058.396949097636,12877.17661642675,5777.772877702837,5922.356113638775,0.023382300001685508,0.0
2025-03-30,ridge_q0,36169.07967322046,0.0,36169.07967322046,60364.19933898497,0.0,0,656.2912741454327,21998.27110642212,17635.982741582586,5922.356113638775,6125.263729882471,0.034401000000798376,0.0
2025-03-31,ridge_q0,34907.765359834055,15517.881909594682,50425.64726942874,58334.33560702975,2311.099131128368,9,80.2909607814313,18987.451158684,15373.696864640639,6125.263729882471,6132.084367541808,0.046934599999076454,0.0
2025-04-01,ridge_q0,35708.21965862037,26276.971365310754,61985.191023931126,59664.987540680755,3894.8235268166736,8,164.65644007545188,17107.37892762119,13921.07581686588,6132.084367541808,6060.863383661014,0.0433231999995769,0.0
2025-04-02,ridge_q0,35954.41666375047,23991.185671209896,59945.602334960364,60150.06776079821,4046.9839285966023,20,165.07298109446674,19061.1032180941,15464.459909793759,6060.863383661014,6033.123046841525,0.046539599999960046,0.0
2025-04-03,ridge_q0,36861.53056280821,2879.608736940265,39741.13929974848,62060.16619139797,542.5310745358809,6,2566.2926677572555,21861.221392992127,17688.3470614822,6033.123046841525,6054.503343331998,0.03060899999945832,0.0
2025-04-04,ridge_q0,13310.69723371715,4359.704160830062,17670.40139454721,26667.460419953146,1035.3636005131586,8,18395.706875461554,16077.391576289427,13201.076681284674,6054.503343331998,5856.292782787286,0.023460399999748915,0.0
2025-04-05,ridge_q0,13837.087280335218,1891.2111189864036,15728.298399321622,27738.539581899575,429.0299494526271,5,13084.898249053664,16134.703592373045,13096.147293407841,5856.292782787286,5826.25124546987,0.024513200000001234,0.0
2025-04-06,ridge_q0,35827.363748474956,750.1053245468536,36577.469073021806,60282.49053602337,133.71053052857815,5,1578.681334142946,21797.023347658833,17369.5798819165,5826.25124546987,6144.039056233372,0.03093559999979334,0.0
2025-04-07,ridge_q0,34772.30687968828,204.73016205531624,34977.0370417436,58235.01735851358,36.78103693574606,3,1464.0348881548366,20579.745977700088,17014.701753738926,6144.039056233372,5760.58626534242,0.03611079999973299,0.0
2025-04-08,ridge_q0,35395.85669720128,4175.4103359722185,39571.2670331735,59435.98832229237,659.5153438353898,8,1484.4097013996297,21750.967461210465,17493.06711314899,5760.58626534242,5899.7157435996305,0.028832500000135042,0.0
2025-04-09,ridge_q0,35037.86966241819,27055.203746763116,62093.07340918131,58779.5709197816,3998.40179372393,8,300.92170264792253,17506.2462021474,14163.506207956456,5899.7157435996305,5918.108205580671,0.0409274000012374,0.0
2025-04-10,ridge_q0,35340.14849911014,2933.9210830510674,38274.0695821612,59251.916673085056,456.97583564239983,5,944.1394045376256,21538.385550703653,17234.27034651382,5918.108205580671,6153.465927309717,0.024392500001340522,0.0
2025-04-11,ridge_q0,12862.4798058655,4270.553884602323,17133.033690467822,26038.07539195562,976.1358064756254,7,19157.822342280913,15949.689635411369,13409.950945927707,6153.465927309717,5608.241103704716,0.03578360000028624,0.0
2025-04-12,ridge_q0,13737.528959761203,0.0,13737.528959761203,27696.750672769467,0.0,0,15303.913275170802,16007.548857289616,12639.872009690951,5608.241103704716,5970.732842275429,0.029426700000840356,0.0
2025-04-13,ridge_q0,34107.16352723955,9174.092966017084,43281.25649325663,57264.96022393712,1360.519700740294,6,320.8961672238968,20421.45003015596,16393.224756035772,5970.732842275429,6135.343696042713,0.034306999999898835,0.0
2025-04-14,ridge_q0,33333.80983688068,2593.8997091588003,35927.709546039485,56211.66217092467,383.26405164493735,4,194.7433779862423,21136.895221851373,17264.744177268003,6135.343696042713,5975.500309855612,0.049631899999440066,0.0
2025-04-15,ridge_q0,34253.311709713555,609.2967658308455,34862.6084755444,57441.93753823079,105.02809080650965,5,3324.1611664652137,20365.51405908736,16282.1384298486,5975.500309855612,6213.198040980237,0.042702600001575775,0.0
2025-04-16,ridge_q0,33427.86456562663,19862.92321486799,53290.78778049462,56154.2414547053,2958.173073273336,10,205.62739855019504,17887.81216199666,14760.616982568214,6213.198040980237,5911.543450590328,0.03698739999890677,0.0
2025-04-17,ridge_q0,33990.56975781346,2496.2391952601643,36486.80895307362,56984.09449070982,360.8936729722918,2,370.8710609648015,20752.078206568043,16646.303453850738,5911.543450590328,6092.521110000749,0.046355899999980466,0.0
2025-04-18,ridge_q0,12557.413993590064,3592.797199235313,16150.211192825376,25704.678524174404,839.1731258036482,8,17185.83517103459,16222.215924979584,13218.316629369456,6092.521110000749,6005.496965405201,0.027234200000748388,0.0
2025-04-19,ridge_q0,12842.745594595013,1737.9944883494534,14580.740082944467,26182.64458559116,424.5622487008102,5,16756.89796969666,16200.46751606093,13134.837901465622,6005.496965405201,5991.653394898234,0.07892800000081479,0.0
2025-04-20,ridge_q0,33134.28330253109,3524.3345312719784,36658.617833803066,55706.83444003421,505.20850505618955,1,198.087493489699,20992.306136111845,16936.095567844473,5991.653394898234,6066.844953127264,0.042271700000128476,0.0
2025-04-21,ridge_q0,32844.354323289044,646.9740015557938,33491.328324844835,55281.44462154864,126.34422622066256,6,3285.1738102904014,19830.17186149367,16224.467207348092,6066.844953127264,5886.813842529247,0.03625580000152695,0.0
2025-04-22,ridge_q0,32156.525937702914,14874.28162717324,47030.80756487616,53484.07557239481,2199.487326614656,6,96.69712617577795,18205.365363523848,14771.428907356822,5886.813842529247,5858.94388374869,0.060468800000307965,0.0
2025-04-23,ridge_q0,33000.409588790484,0.0,33000.409588790484,55644.50877858966,0.0,0,107.30010883033947,20173.81933667155,16036.527383578898,5858.94388374869,6197.017527220992,0.033095099999627564,0.0
2025-04-24,ridge_q0,32256.142203266754,755.9888070128088,33012.13101027956,54005.767492236366,145.81778282990769,5,3577.483641782871,19280.54681065261,15796.551877369195,6197.017527220992,5997.785348620349,0.03206089999912365,0.0
2025-04-25,ridge_q0,11544.170437450513,4058.163048834137,15602.33348628465,24250.06001091619,885.8106555952959,6,20408.036613456454,15956.17837798503,13228.701974929996,5997.785348620349,5659.788138884658,0.08162690000062867,0.0
2025-04-26,ridge_q0,12358.533983761638,1799.8063572582967,14158.340341019933,25786.3737998258,371.1542043794123,2,22860.7017850849,16149.822939914626,12923.190354127648,5659.788138884658,5835.528391332658,0.02009410000027856,0.0
2025-04-27,ridge_q0,30595.225839543855,12101.463117833526,42696.68895737738,51567.33220448181,1860.040025864777,11,868.464975184119,19977.911573138997,15992.475501309862,5835.528391332658,6046.231583480131,0.03872539999974833,0.0
2025-04-28,ridge_q0,30995.597751181725,48962.24176199437,79957.83951317609,51640.60475292927,7525.7890529602155,21,109.97952625503149,12829.594656255056,10395.147693287261,6046.231583480131,6042.702670457169,0.031241799999406794,0.0
2025-04-29,ridge_q0,32634.14464632295,4978.047182170845,37612.1918284938,54927.65496095556,713.5962130405455,1,4429.779218285429,18475.47844671486,14697.220207670855,6042.702670457169,6340.388597310699,0.03184700000019802,0.0
2025-04-30,ridge_q0,31505.76534242069,959.1953469085943,32464.960689329284,52777.41603558876,178.6597037363464,5,1487.6939891422921,18478.013168258054,15266.485851408563,6340.388597310699,6007.838391622327,0.035751699999309494,0.0
2025-05-01,ridge_q0,31218.337688803094,19085.070286979597,50303.40797578269,52047.458530961114,3023.509412747767,14,1047.6455658274313,19273.579551824507,16261.635973943055,6007.838391622327,5285.575572772088,0.03254440000091563,0.0
2025-05-02,ridge_q0,11789.370040510808,23995.239438646684,35784.609479157494,24571.280363260794,4491.684912908219,21,11855.249349999998,15665.41163603626,12748.015793200582,5285.575572772088,5219.9840527596325,0.02255169999989448,0.0
2025-05-03,ridge_q0,12219.522711508847,15948.349595839589,28167.872307348436,25503.054868595533,3006.5698787738743,16,16420.56793333333,15836.863583446187,12614.978419410112,5219.9840527596325,5456.5185896277435,0.06765160000031756,0.0
2025-05-04,ridge_q0,30509.596743561553,22885.196285486963,53394.79302904852,51360.473928519496,3582.969173510688,12,0.0,17674.32191684474,14465.54614814789,5456.5185896277435,5290.579261290353,0.030299800000648247,0.0
2025-05-05,ridge_q0,31179.655268226554,34687.07104589045,65866.726314117,53097.37501800328,5428.897464381012,20,16.251112826560757,18913.927098202264,15479.91252864453,5290.579261290353,5113.210840067365,0.05101529999956256,0.0
2025-05-06,ridge_q0,30157.79519758134,32602.0741185233,62759.86931610464,50902.45322694679,5486.751797568135,24,64.12508858912702,18876.8644526802,15421.866883421077,5113.210840067365,4966.981199233907,0.02976200000011886,0.0
2025-05-07,ridge_q0,35194.64152872478,12116.395796493563,47311.03732521834,59391.17541629523,1820.2282092148832,8,1369.3416307840976,21114.77968603217,16340.563641306147,4966.981199233907,5814.101092989367,0.033145400000648806,0.0
2025-05-08,ridge_q0,37801.03560905843,243.22893262500048,38044.264541683435,61614.122003083176,35.999250000000075,1,1208.8880466797418,20600.41431487174,15985.69350846831,5814.101092989367,6592.5923002980335,0.0314806000005774,0.0
2025-05-09,ridge_q0,15563.973172668444,0.0,15563.973172668444,29274.61638283198,0.0,0,17456.71088782963,16452.071079852536,13133.551434850187,6592.5923002980335,6806.621344553995,0.027673500000673812,0.0
2025-05-10,ridge_q0,15547.194588519473,0.0,15547.194588519473,29187.46433166509,0.0,0,14223.719042986322,15980.92447992385,13138.224474578414,6806.621344553995,6591.426182509447,0.026719600000433275,0.0
2025-05-11,ridge_q0,36280.516115149396,2153.735769682352,38434.25188483175,59376.706517067985,310.1564520772198,3,789.5368629222455,18872.215233957122,15458.968211067484,6591.426182509447,6399.788547440318,0.03218379999998433,0.0
2025-05-12,ridge_q0,37045.38356281309,0.0,37045.38356281309,60789.38282415948,0.0,0,5399.370926446516,16810.337277395367,13351.520613015728,6399.788547440318,6694.069193745339,0.0260286000011547,0.0
2025-05-13,ridge_q0,36830.580614455466,0.0,36830.580614455466,60556.4660662118,0.0,0,3990.6515681424175,18674.63390855999,15238.032177157267,6694.069193745339,6570.0928479412605,0.036535100000037346,0.0
2025-05-14,ridge_q0,36485.361574720504,0.0,36485.361574720504,59850.698282032026,0.0,0,3452.435688931555,18329.29932548214,14945.185515715006,6570.0928479412605,6460.700556747413,0.03627219999907538,0.0
2025-05-15,ridge_q0,35710.10856314584,0.0,35710.10856314584,58624.670268839596,0.0,0,2295.844095096608,19452.53746850817,15888.76957809852,6460.700556747413,6313.795858295299,0.023060899999109097,0.0
2025-05-16,ridge_q0,13835.30783826517,225.7375270743195,14061.045365339489,26607.53525698217,55.01802044020146,2,21679.129117036493,15963.904963232088,13695.987336179542,6313.795858295299,5463.546618338018,0.05528969999977562,0.0
2025-05-17,ridge_q0,14942.988981006009,910.6168964188793,15853.605877424889,28823.88785814147,146.19748032036068,2,14848.130084785378,16255.331397219456,12582.175226876341,5463.546618338018,6113.150179306265,0.022713299998940784,0.0
2025-05-18,ridge_q0,35599.23501435208,35.318698333333415,35634.55371268542,58161.30863632527,5.236666666666679,1,460.33390413472773,19384.331011924212,15354.287713066997,6113.150179306265,6498.7284088525,0.03391600000031758,0.0
2025-05-19,ridge_q0,34547.29834272704,804.2912828956629,35351.5896256227,56745.05137028448,119.08784511914413,3,6470.140421555732,17828.59089584664,14949.808651998752,6498.7284088525,5933.561712893643,0.02914069999860658,0.0
2025-05-20,ridge_q0,34321.5875823556,11088.046391014428,45409.63397337003,56333.91499828544,1619.56450739124,4,122.5054023873065,17396.518819355057,14092.93953273234,5933.561712893643,5931.606947277258,0.046706700000868295,0.0
2025-05-21,ridge_q0,35034.50000930345,2807.779464269616,37842.279473573064,57749.4276525939,432.9730572197464,4,3397.5173318679986,17824.811057762578,14402.542963150267,5931.606947277258,5971.11138465217,0.036397400001078495,0.0
2025-05-22,ridge_q0,33450.85498654588,2602.124654346578,36052.97964089245,55071.74368620527,373.09627427559894,2,636.8711464394671,18878.75200596002,14887.414008585283,5971.11138465217,6420.4170693658725,0.04990739999993821,0.0
2025-05-23,ridge_q0,13220.567872325482,5011.52367225122,18232.091544576702,25875.963463162712,1045.4761337328678,9,17617.21011252716,16392.38506204446,13509.104461009369,6420.4170693658725,6163.447557417703,0.020919799999319366,0.0
2025-05-24,ridge_q0,14492.86760896182,0.0,14492.86760896182,27906.958809895106,0.0,0,20904.24280650673,16152.022091686385,12903.807471631342,6163.447557417703,6362.703582567294,0.04014219999953639,0.0
2025-05-25,ridge_q0,33448.714592898374,2082.5845506494375,35531.29914354781,55129.712499489506,336.4467902084655,3,3680.7078720120435,17556.69254808176,14316.25131372916,6362.703582567294,6256.780971697365,0.05205089999981283,0.0
2025-05-26,ridge_q0,33231.73938203232,22797.34938244548,56029.0887644778,54092.10420440974,3368.0603035588433,9,186.59273111300615,15275.19698360764,12581.458156752053,6256.780971697365,6025.060304997509,0.023929999999381835,0.0
2025-05-27,ridge_q0,34117.383229682266,0.0,34117.383229682266,55885.21747830763,0.0,0,2943.2172773240854,18206.207451512993,14654.57455052944,6025.060304997509,6127.786399659827,0.04817689999981667,0.0
2025-05-28,ridge_q0,33706.12124282242,6871.854916720184,40577.9761595426,55081.719954156695,992.3185745093805,2,230.52993844117816,18220.900504916,14651.216014691105,6127.786399659827,6247.467948871893,0.033975799999097944,0.0
2025-05-29,ridge_q0,32926.61853520804,22055.27037536163,54981.88891056967,54163.95766739927,3289.379443303746,10,322.20464897074305,16797.097448922268,13776.088487189987,6247.467948871893,6058.090667135282,0.039630199999010074,0.0
2025-05-30,ridge_q0,13405.773359019504,2773.3194812049915,16179.092840224495,26265.2871834156,553.0971708133509,7,17414.12172703561,16069.288124522744,13261.258763996071,6058.090667135282,5785.718019210122,0.03712169999926118,0.0
2025-05-31,ridge_q0,13912.45415744479,1997.2479581095238,15909.702115554313,27344.376403400594,469.3451033657135,7,16048.789581598965,16595.757603689563,13220.007228522221,5785.718019210122,6033.002941950483,0.04244800000014948,0.0
2025-06-01,ridge_q0,33941.41322876216,93816.04141164469,127757.45464040685,56008.021828735196,16099.456700825674,60,2.5903261259607007,10413.266512389433,9533.204608954513,6033.002941950483,4812.493237595954,0.062220400001024245,0.0
2025-06-02,ridge_q0,37964.606498989495,62684.96630197245,100649.57280096193,62829.15942588728,9461.04097699685,21,39.157416569563566,17890.229561257045,14279.994024942476,4812.493237595954,5047.039815013434,0.02738890000000538,0.0
2025-06-03,ridge_q0,37229.924291359785,62684.015732354324,99913.94002371411,61846.69189428992,9749.823416947655,27,14.829811344489144,16720.22838818546,13330.90972162571,5047.039815013434,5283.123451462899,0.033852200000183075,0.0
2025-06-04,ridge_q0,40079.22401491217,42036.671215463255,82115.89523037543,66741.9247871615,6317.823253858787,17,3.460791453257798,18080.95923173133,14669.932798830965,5283.123451462899,5256.061427986691,0.029322599999431986,0.0
2025-06-05,ridge_q0,40959.81706654978,44355.36430755582,85315.1813741056,67697.82434294946,6843.276943931253,23,0.0,18667.389809838547,15275.606539624494,5256.061427986691,5083.816101703056,0.02790420000019367,0.0
2025-06-06,ridge_q0,16142.332642842099,32737.45540231168,48879.78804515378,30462.674145958194,5544.992400147758,24,2177.2025534885743,15629.0223641048,12653.553771487419,5083.816101703056,5090.4320388558,0.026815399998668,0.0
2025-06-07,ridge_q0,16999.120420089715,18372.87121575558,35371.99163584529,31991.765140311756,3024.4880387365365,18,720.4783666666611,15682.064499411325,12512.80285369636,5090.4320388558,5301.175806441147,0.032320899999831454,0.0
2025-06-08,ridge_q0,49017.18113168682,0.0,49017.18113168682,79514.45429514184,0.0,0,9132.167560524562,19727.761260268733,14530.397792318116,5301.175806441147,6911.274504773998,0.020322399999713525,0.0
2025-06-09,ridge_q0,46877.820238968234,2624.7404309024046,49502.56066987064,75687.4470522633,379.1491817696676,5,1486.9731794668048,21774.279017763525,18127.368696530684,6911.274504773998,6366.604846838198,0.021077600000353414,0.0
2025-06-10,ridge_q0,47374.879487884165,967.2242561936221,48342.10374407779,76658.10846993668,154.0387284561915,7,1042.7180651676367,22180.826393984054,18029.841494092165,6366.604846838198,6296.191385765891,0.021094800000355463,0.0
2025-06-11,ridge_q0,48244.96431983009,22836.731954553175,71081.69627438327,78308.30672136144,3883.509146245417,16,1747.0797329537234,22362.73609993051,18002.446281944045,6296.191385765891,6419.935784654412,0.028372000000672415,0.0
2025-06-12,ridge_q0,49922.963200381215,0.0,49922.963200381215,80060.02577167952,0.0,0,3395.1577975181667,21681.487961190236,17469.011420362214,6419.935784654412,6523.262260434264,0.0206385000001319,0.0
2025-06-13,ridge_q0,20717.598171074096,0.0,20717.598171074096,35546.67846804571,0.0,0,4058.616577669947,16516.438359501997,13373.69016912623,6523.262260434264,6528.401040512475,0.03900700000122015,0.0
2025-06-14,ridge_q0,21213.07269738038,0.0,21213.07269738038,36682.65094668974,0.0,0,7491.306186032872,15346.506140666828,12348.504130009964,6528.401040512475,6619.696422657105,0.06925520000004326,0.0
2025-06-15,ridge_q0,49752.25168463346,81.5636261671529,49833.815310800615,79824.91101069833,12.093354016925332,1,4592.202547441607,21608.70682874372,16990.87934480341,6619.696422657105,7188.77774096712,0.019280099999377853,0.0
2025-06-16,ridge_q0,48557.89928826494,257.03626352534263,48814.93555179028,77691.22479913094,38.11904275236361,2,1332.1788512523297,21988.83431841833,18285.722144454016,7188.77774096712,6661.259578150269,0.01953970000067784,0.0
2025-06-17,ridge_q0,47635.18880149776,17608.898387048375,65244.08718854614,77189.81854774858,2582.620801718523,5,1398.64060248964,21328.793910053013,17592.006379742208,6661.259578150269,6310.50034192886,0.018980200000441982,0.0
2025-06-18,ridge_q0,48756.6036007492,424.243519618351,49180.84712036755,78751.43586829785,62.90504111657697,3,3669.2886599547846,20846.506713765608,16629.845364305966,6310.50034192886,6594.750423977944,0.026993299999958253,0.0
2025-06-19,ridge_q0,47451.886663254714,1129.8283198321908,48581.7149830869,76706.14112332914,170.8784471272956,8,4932.788957178022,21493.87210423895,17809.145690960548,6594.750423977944,6151.295661170172,0.019238299999415176,0.0
2025-06-20,ridge_q0,19492.786805035714,0.0,19492.786805035714,33718.280278400256,0.0,0,8336.638913344821,16022.475001138542,13041.414486083107,6151.295661170172,6081.062622102517,0.043021899999075686,0.0
2025-06-21,ridge_q0,19781.041182049095,0.0,19781.041182049095,34871.94377965966,0.0,0,11710.56844116784,16704.085802224523,12877.45086373269,6081.062622102517,6806.461106623815,0.029383200000665965,0.0
2025-06-22,ridge_q0,45689.98832116257,428.39117615418013,46118.37949731675,74123.51744649175,63.365305846145475,4,3150.81175100401,20906.785688757845,17328.05578742396,6806.461106623815,6369.172907145917,0.024078099999314873,0.0
2025-06-23,ridge_q0,45718.620211107496,1519.28034375993,47237.900554867425,74179.22796785801,219.80038437475537,4,3654.0374046048205,21830.283148896222,18146.578201268265,6369.172907145917,5853.563073076676,0.01836860000003071,0.0
2025-06-24,ridge_q0,44866.72808399965,48904.14376816248,93770.87185216213,72819.3349625514,8060.363437246591,25,670.0424401832418,18950.12397726541,15009.260267650661,5853.563073076676,6231.7187996703715,0.023958599998877617,0.0
2025-06-25,ridge_q0,46111.589984261176,4397.033431757922,50508.623416019094,74875.63459604455,682.2267985488232,5,990.0686376484933,22263.814939648997,18133.44354937078,6231.7187996703715,6120.88163494249,0.03423250000014377,0.0
2025-06-26,ridge_q0,45479.584041468166,2379.039319128585,47858.62336059675,73788.61649839056,443.21023680896735,10,2456.9414737032384,22402.500087234668,18174.998659071698,6120.88163494249,6088.68875892958,0.021549199998844415,0.0
2025-06-27,ridge_q0,18086.213970199475,2682.5346546071182,20768.748624806594,32052.15265161628,624.944935900143,7,9909.701875793768,16370.148012588717,13374.398167532727,6088.68875892958,5961.379561889732,0.028568699999595992,0.0
2025-06-28,ridge_q0,17796.469946270277,1279.1883686294636,19075.65831489974,32365.373900855884,301.9732494988232,8,7868.517311355179,16609.4966686907,13587.592946357836,5961.379561889732,5812.60106775821,0.08500380000077712,0.0
2025-06-29,ridge_q0,45389.9814062205,3588.2607069489127,48978.24211316941,74427.42098886921,515.2364647817601,5,943.6592926095957,22442.785844960534,17711.55621725248,5812.60106775821,6331.601420164382,0.02350070000102278,1.6029875731974384e-16
2025-06-30,ridge_q0,46281.29840779908,803.8068978971284,47085.105305696205,74937.97647080239,119.27077101820078,4,1245.2959812860827,22181.78197276684,18247.514695565653,6331.601420164382,6020.18886724825,0.02054150000003574,0.0
2025-07-01,ridge_q0,45139.71470047425,47303.745309785154,92443.46001025941,73784.5866003152,7956.044169137485,32,173.35445660626283,19670.687658262814,16969.955378749713,6020.18886724825,4868.301783296209,0.025212900000042282,0.0
2025-07-02,ridge_q0,55169.829984985714,1535.968479002379,56705.798463988096,88126.5886175401,227.189553534717,7,10650.74392281354,19455.50182640698,14657.233944812375,4868.301783296209,6092.437932826523,0.02236840000114171,2.637658160688026e-16
2025-07-03,ridge_q0,49382.495873668784,25523.16076196966,74905.65663563844,79456.1726486428,4095.328225362293,23,168.2719526765909,20639.81375158387,17017.003763588717,6092.437932826523,5760.488349708985,0.03219620000163559,0.0
2025-07-04,ridge_q0,20467.02371087396,22897.84582666486,43364.86953753882,35756.11372645148,4983.969905181988,24,9760.98953333333,15515.016507415137,13416.789875781666,5760.488349708985,4816.458899958534,0.029930700000477373,0.0
2025-07-05,ridge_q0,20398.179262821395,29599.9794461565,49998.15870897789,36731.502532207,5673.8983412447105,25,10363.689966666665,15612.711412990844,12361.080472872465,4816.458899958534,5133.365312903107,0.06788379999852623,1.7834821236827007e-16
2025-07-06,ridge_q0,43525.03586302569,76778.90335144394,120303.93921446963,71198.1197919861,11908.84741240953,28,21.175023065252844,17803.222035959465,14511.41140462909,5133.365312903107,5032.474695678749,0.022112200000265148,0.0
2025-07-07,ridge_q0,43338.1059633073,39783.21877959747,83121.32474290478,70683.42252394729,6394.217808547381,25,9.726664445712004,19119.3196937291,15460.888792346796,5032.474695678749,5061.097095205164,0.02468090000002121,0.0
2025-07-08,ridge_q0,52782.20445862891,2858.392362863917,55640.59682149283,84803.65425906709,413.1351347283203,3,3903.3300113908854,24011.830084045385,18269.757718307537,5061.097095205164,6372.013372726527,0.018627100000230712,0.0
2025-07-09,ridge_q0,54415.73949020915,42.408092039967244,54458.14758224911,86327.70553936783,6.289189515599105,2,7662.299063829749,20796.796974520785,16183.826326133778,6372.013372726527,7107.1013985354775,0.02720460000091407,0.0
2025-07-10,ridge_q0,53288.365327707565,86.61836214835296,53374.983689855915,84175.17318056634,12.859103800873754,2,7623.197204171348,20493.785044877754,16782.573348015205,7107.1013985354775,6904.204218908556,0.018464700000549783,0.0
2025-07-11,ridge_q0,26451.529832404773,0.0,26451.529832404773,43805.64323357586,0.0,0,8311.947530566598,16526.08822985515,13551.16967684589,6904.204218908556,6720.828429282767,0.018948200000522775,0.0
2025-07-12,ridge_q0,27246.801713313864,0.0,27246.801713313864,45515.45769478653,0.0,0,11266.22146502766,15690.790016318946,12525.7971198934,6720.828429282767,6924.987088532704,0.023825500000384636,0.0
2025-07-13,ridge_q0,54441.45785220467,299.70503348763225,54741.162885692305,86175.07365683591,44.5415167243865,2,12907.272148381595,19073.05444902852,15028.431823849825,6924.987088532704,7392.478510603013,0.028659600000537466,1.3364736914165457e-16
2025-07-14,ridge_q0,52391.51289939639,70.70821075773873,52462.221110154125,83003.88208946984,10.501739307550679,1,8500.123693697482,17684.851599749363,14978.270681336116,7392.478510603013,6666.321971115086,0.021473700000569806,0.0
2025-07-15,ridge_q0,54232.844269223264,0.0,54232.844269223264,85894.22099761148,0.0,0,8527.14506478705,19340.3469308667,14722.321581375594,6666.321971115086,7714.499118477791,0.022143899999718997,0.0
2025-07-16,ridge_q0,48569.85604634862,2433.2904855705287,51003.14653191915,77096.46301083153,352.18417226740803,5,3150.8209459323825,18782.974778245294,16619.71192441207,7714.499118477791,6152.829836218483,0.024578600001404993,0.0
2025-07-17,ridge_q0,50337.85517644806,625.2689520225395,50963.1241284706,80328.63064745124,104.97245411596414,5,3639.9782608653786,21827.60486144404,17754.396087408873,6152.829836218483,6070.5674477304865,0.043455400000311784,1.4454246389082706e-16
2025-07-18,ridge_q0,24405.865562438696,317.19868503870856,24723.064247477403,41109.15039607139,82.1359567750565,3,6998.918772293644,16239.827194861748,13321.707714308941,6070.5674477304865,5884.514462762791,0.028422999999747844,0.0
2025-07-19,ridge_q0,25036.579548493333,0.0,25036.579548493333,42586.62234757447,0.0,0,12269.132164628678,15881.483621276344,12746.81248833055,5884.514462762791,6014.7247348775545,0.01832770000146411,0.0
2025-07-20,ridge_q0,50985.552194659685,0.0,50985.552194659685,81328.92085847372,0.0,0,4407.5644517215715,20989.412030804444,16158.033840718952,6014.7247348775545,6951.82462846939,0.02085809999880439,0.0
2025-07-21,ridge_q0,50379.94068881456,216.42121165558245,50596.36190047014,79966.02295121617,31.277800714179193,2,2523.6278256158894,20764.30614945804,17280.38257314358,6951.82462846939,6439.275081710982,0.045201699998870026,0.0
2025-07-22,ridge_q0,50874.15911270528,719.5634172751824,51593.72252998046,81052.40809535398,106.65517869868552,4,3352.338263314938,20953.429497987883,16941.849103916815,6439.275081710982,6473.084847770284,0.023319899999478366,0.0
2025-07-23,ridge_q0,49964.49166404987,2244.148817516423,52208.6404815663,79820.27416912865,381.27021393142536,10,2184.8821058404287,21680.90888883394,17880.793728280973,6473.084847770284,6118.354260741977,0.019201699999030097,0.0
2025-07-24,ridge_q0,50128.07462131182,5403.325907794262,55531.40052910608,80188.87822324758,776.1196566085111,3,3196.6262147734324,20492.99135425955,16341.091689176888,6118.354260741977,6405.277936045699,0.020418500000232598,1.4514735842437627e-16
2025-07-25,ridge_q0,23544.281708850565,5221.719821542418,28766.001530392983,39787.876903853714,1063.1714216046726,14,11865.611979603145,16069.532151614767,13589.415372426192,6405.277936045699,5768.5064586921035,0.03205560000060359,1.5451644913525456e-16
2025-07-26,ridge_q0,24229.497731384465,1497.4653551715305,25726.963086555996,41401.02993660602,305.489417242301,8,9810.800882923311,16616.309067476806,13189.682163218456,5768.5064586921035,6067.982215845164,0.03901120000045921,0.0
2025-07-27,ridge_q0,50195.8747622075,2622.984658682431,52818.85942088993,80377.26980012299,519.9555612870275,5,2315.2034907878406,23044.759112527056,18147.92704190488,6067.982215845164,6643.902037225204,0.03225339999880816,0.0
2025-07-28,ridge_q0,49436.15904575591,18491.4546354114,67927.6136811673,78912.24439861343,2836.4633051365267,15,597.4512774016961,19891.1002908834,16694.721097868463,6643.902037225204,5996.202190277528,0.01779999999962456,0.0
2025-07-29,ridge_q0,51984.53547520026,698.5874270383563,52683.12290223862,83265.95655670026,102.86437088655032,4,2596.7074917973378,22248.77537546215,17545.90788967267,5996.202190277528,6524.646817446057,0.03044890000091982,0.0
2025-07-30,ridge_q0,49640.77492330574,4609.449094212872,54250.224017518616,79560.68837710607,778.7077862121783,15,2380.1263357315484,21719.684403965774,17863.668626379076,6524.646817446057,6223.842085038502,0.019418100000621052,0.0
2025-07-31,ridge_q0,49441.36317013172,8142.246345239068,57583.60951537079,79637.32765520283,1186.5572992901757,12,2119.7363094700213,21772.005139438174,17762.852761081853,6223.842085038502,6082.143642664128,0.06914919999871927,0.0
2025-08-01,ridge_q0,23185.100440836082,6032.383755302946,29217.484196139027,39258.57661744805,1205.9023416131522,15,16462.418193462625,15959.214917545782,13208.513818613857,6082.143642664128,5769.310603328819,0.03906190000088827,0.0
2025-08-02,ridge_q0,23525.18734641042,1648.162931268097,25173.350277678517,40431.38227383237,250.61274289567228,3,16160.589580090866,16690.797435892586,13096.416932588741,5769.310603328819,6239.453926089102,0.022291399998721317,0.0
2025-08-03,ridge_q0,47576.63384527906,2992.691834005354,50569.32567928441,76395.8495795789,477.67196548936414,13,10537.941500096575,18523.085709438765,15026.985647800399,6239.453926089102,6213.580344805771,0.059970399999656365,1.529313241841595e-16
2025-08-04,ridge_q0,46793.81928003732,445.35591521172677,47239.175195249045,74618.59007083194,66.05729494998843,3,5633.506818067136,19032.745153724194,15397.259689342724,6213.580344805771,6234.984661665634,0.04811390000031679,0.0
2025-08-05,ridge_q0,47392.8739525159,191.87435067359544,47584.748303189495,75383.72418788771,28.450307443131578,2,6247.601623026092,19194.087929644702,15181.824790673287,6234.984661665634,6640.969586486659,0.02604129999963334,0.0
2025-08-06,ridge_q0,43051.76323943292,20406.18375958416,63457.94699901708,68003.19703293705,3062.053312047527,11,193.72228523350918,18410.640959573684,15653.51216648928,6640.969586486659,5817.755154003777,0.03150670000104583,0.0
2025-08-07,ridge_q0,44332.3340361496,430.5283190816013,44762.862355231206,69801.08022541687,63.765739524709716,4,2280.4976583104212,20737.237526732613,16540.874470101448,5817.755154003777,6102.519516839297,0.03208690000064962,0.0
2025-08-08,ridge_q0,22364.931136568946,4405.17593071315,26770.107067282097,38227.65694744566,971.2217378450268,12,20622.430941725892,16129.24847099506,13327.971977430261,6102.519516839297,5809.9853880345645,0.022863399999550893,0.0
2025-08-09,ridge_q0,22568.58793315126,2041.9367797811717,24610.52471293243,38939.546708246766,483.1761258582203,7,17288.026822192907,16322.965647791605,13110.198635879524,5809.9853880345645,5933.76709784754,0.03753350000079081,0.0
2025-08-10,ridge_q0,43841.23086291586,4934.477080319042,48775.7079432349,68861.18618491384,713.4640291111082,6,376.5233751702908,19057.68778571985,15164.179996865187,5933.76709784754,6236.597219589632,0.03288040000006731,0.0
2025-08-11,ridge_q0,45445.21634531496,891.0305802790244,46336.24692559399,71786.91094439685,132.1350487663052,5,3472.6445512119362,20477.09615337183,16591.94804475394,6236.597219589632,6230.4859301199085,0.03882739999971818,0.0
2025-08-12,ridge_q0,44434.04471713428,14639.63156489648,59073.67628203076,70150.86365387627,2161.0619269114304,11,917.8187777180171,18286.79479906067,14653.231645990989,6230.4859301199085,6407.232753728975,0.03591980000055628,0.0
2025-08-13,ridge_q0,43373.86985042983,10470.12879047741,53843.998640907244,68282.10103172649,1544.3590833019548,11,351.1174164680551,18157.37872081236,14803.015472251976,6407.232753728975,6301.078633291242,0.02830560000074911,0.0
2025-08-14,ridge_q0,43721.60742913169,8650.042824914464,52371.65025404615,69233.02111877578,1322.5219458021934,12,814.6951075725624,20896.212709074458,17081.655735402375,6301.078633291242,6128.052587677839,0.03247740000006161,0.0
2025-08-15,ridge_q0,21774.604212472965,9537.862789652134,31312.4670021251,37162.17508393218,2121.6963776681087,16,19613.1556198768,16064.0296497185,13553.040691328346,6128.052587677839,5526.745170948554,0.02268700000058743,0.0
2025-08-16,ridge_q0,22362.25697013443,5773.212716680065,28135.469686814493,38789.90421581974,1103.9346765709072,8,19412.422996405396,16328.403080556023,12776.267551237437,5526.745170948554,6026.455108740712,0.020136600000114413,0.0
2025-08-17,ridge_q0,43570.49152108004,3375.5766305589204,46946.06815163896,68597.47287669967,499.6272845810909,8,1854.4252864266496,20496.068067548982,16418.786809361536,6026.455108740712,6229.8199146886445,0.03011309999965306,1.6699278250426007e-16
2025-08-18,ridge_q0,43919.921352302146,2647.916814617786,46567.83816691993,69107.22697050545,444.6415486259002,12,1181.5896161849,21060.710717864848,17084.547431585066,6229.8199146886445,6201.629081228042,0.038717699999324395,0.0
2025-08-19,ridge_q0,45022.84363323434,1067.6514095263478,46090.49504276069,70871.15095351668,158.2197507423873,3,2948.877797174967,19685.650839840073,15922.817982755969,6201.629081228042,6226.694856244145,0.038831599998957245,0.0
2025-08-20,ridge_q0,42823.75971860577,41121.349070326985,83945.10878893276,67180.52937357416,6420.271463910959,19,156.88839491198803,16364.983707085872,13571.762331179405,6226.694856244145,5875.444269088762,0.03211860000010347,0.0
2025-08-21,ridge_q0,44608.73610063268,1015.8498623990012,45624.585963031685,70316.3397769244,155.43096908226016,9,631.9103350971204,20219.287140919427,16223.845213343231,5875.444269088762,6046.308014423771,0.03230769999936456,1.6310611441152735e-16
2025-08-22,ridge_q0,21726.764380356424,12807.16820931189,34533.932589668315,37282.16172241676,2470.0611733229985,17,15824.840251788015,16020.19480869187,13323.381564740117,6046.308014423771,5660.726048090762,0.01864200000090932,0.0
2025-08-23,ridge_q0,23204.68717702832,448.4256657417915,23653.11284277011,39881.057424825514,102.59710623840763,2,14064.550509633274,16487.133127439505,13098.035256008861,5660.726048090762,5945.773356109803,0.051749399999607704,0.0
2025-08-24,ridge_q0,44413.65314272563,7854.802987136472,52268.4561298621,70141.58430437392,1195.9104601586348,11,3450.5765081499603,20755.147290282635,16601.818517233365,5945.773356109803,6178.940898215986,0.037128100000700215,0.0
2025-08-25,ridge_q0,44328.9564706527,31367.0232537079,75695.9797243606,69641.3656962949,4636.505147782151,12,311.4638277694921,17531.888755855107,14338.568756214212,6178.940898215986,6025.897716025349,0.022621099999014405,0.0
2025-08-26,ridge_q0,45875.080780900775,2130.4347623157223,48005.5155432165,72579.91273911737,323.74174163451426,7,3194.3278155926523,20584.794074080775,16404.28579225488,6025.897716025349,6325.228169081518,0.03258279999863589,0.0
2025-08-27,ridge_q0,43889.38145539085,19781.09169595436,63670.47315134521,68763.26773879016,2951.580896574478,10,297.36360221721065,19596.733873589114,16093.397707108332,6325.228169081518,6080.735647413572,0.022260899999309913,0.0
2025-08-28,ridge_q0,44560.04017618478,29322.55490333443,73882.5950795192,70172.28942485484,4543.425931895044,22,459.6955249064549,17958.09112835063,14469.866279840524,6080.735647413572,6165.3884631063365,0.022452299999713432,1.6328435938152673e-16
2025-08-29,ridge_q0,23107.565360834604,5255.864197250689,28363.429558085292,38860.929323482545,1266.2378448352924,10,14912.52183330671,16186.103126400447,13526.678141389319,6165.3884631063365,5703.238897545274,0.053079600000273786,0.0
2025-08-30,ridge_q0,23322.65413516525,1811.7082137229797,25134.36234888823,39888.251352983745,309.081145520546,10,18472.35347620999,16316.491332106969,13104.232143146,5703.238897545274,5827.823159612653,0.03429920000053244,0.0
2025-08-31,ridge_q0,45329.339499616784,10442.16661132883,55771.506110945615,71521.89502280846,1521.1817612340583,7,1724.2393693017202,20831.92403509924,16159.70970369176,5827.823159612653,6621.321787100019,0.03708639999968,0.0
2025-09-01,ridge_q0,45058.72359564852,0.0,45058.72359564852,70767.49152773712,0.0,0,11300.804161253891,19079.099283310366,13186.546450160464,6621.321787100019,9140.792864123281,0.02839970000059111,0.0
2025-09-02,ridge_q0,36105.26771245379,4708.450336401566,40813.71804885536,55617.327389479855,891.3053834963916,7,868.9720197205652,17795.709207016967,16213.804303761284,9140.792864123281,7141.593035148231,0.02926159999879019,0.0
2025-09-03,ridge_q0,36528.11983743149,9585.041568908548,46113.16140634004,57011.47688500693,1400.4959412538976,5,247.3936285485065,17269.275426791086,14652.41347907876,7141.593035148231,6403.48149806158,0.022221300001547206,0.0
2025-09-04,ridge_q0,35818.76013396621,14727.895406433718,50546.65554039992,55942.506726518586,2529.490823718047,12,992.8090265319934,18850.33909359831,15296.716119893666,6403.48149806158,6372.43543797377,0.03589280000051076,0.0
2025-09-05,ridge_q0,15567.49193025831,10571.347937942806,26138.839868201117,27966.410468532747,2498.6762006069903,16,21120.152151000766,15995.711802403332,13475.038950931033,6372.43543797377,5796.310559102285,0.02661900000020978,0.0
2025-09-06,ridge_q0,17395.83994703691,6432.292130648067,23828.13207768498,31186.847354465586,1503.0078333097922,10,20787.399138829533,17045.9396989817,12864.567350035846,5796.310559102285,6843.692565923762,0.02789880000091216,0.0
2025-09-07,ridge_q0,36267.083322445964,12640.388552451479,48907.47187489744,56343.81479773761,2146.8274356846737,9,471.8496589571424,17645.832925533556,14588.023967735075,6843.692565923762,6516.026679198321,0.0294279000008828,0.0
2025-09-08,ridge_q0,29691.978923449646,76846.00697977122,106537.98590322086,47636.25969663987,12936.260470886464,36,0.0,12852.936377445876,11675.98574325287,6516.026679198321,5110.351926396417,0.046045999999478227,0.0
2025-09-09,ridge_q0,31250.367061201345,43270.763361100326,74521.13042230168,50540.87874088448,7702.335527103501,27,1306.3709733745538,18650.94934225318,14816.940314306421,5110.351926396417,5432.939318528255,0.0323631999999634,0.0
2025-09-10,ridge_q0,33266.0188700282,64734.8209091414,98000.8397791696,53485.57905629867,10875.41835131692,30,66.66405704295585,14459.337197557054,11481.002496984414,5432.939318528255,5689.673355235808,0.0426817999996274,0.0
2025-09-11,ridge_q0,33394.53911329395,26803.050203721956,60197.5893170159,54105.333731147555,4497.7016766214765,21,1277.991867339534,20037.656465871718,16208.698708775546,5689.673355235808,5713.8989425475265,0.035388799999054754,0.0
2025-09-12,ridge_q0,13031.924828937697,26204.17210051889,39236.09692945659,24980.619430128616,6005.089754712241,26,17072.328299999994,15477.242605956737,13115.517921115877,5713.8989425475265,5070.6195977798425,0.023726699999315315,0.0
2025-09-13,ridge_q0,14076.003745261069,24240.10082898657,38316.10457424764,27236.605411825767,4678.956065948888,21,20554.8291,15666.616159977519,12312.985265536192,5070.6195977798425,5489.47940227495,0.03644940000049246,1.2922626595337835e-16
2025-09-14,ridge_q0,32469.452121919556,62199.90399230185,94669.3561142214,52641.683547519555,10160.11407263819,28,0.0,14930.19313692312,12227.720266765373,5489.47940227495,5340.297373544237,0.030938599998989957,0.0
2025-09-15,ridge_q0,34376.85027372417,26940.613232517455,61317.46350624163,55743.42989024883,4634.426162766692,22,1141.4131168928275,20809.130902128847,16639.71859933948,5340.297373544237,5579.938963971895,0.04647089999889431,0.0
2025-09-16,ridge_q0,34005.25900579892,47241.950130666446,81247.20913646536,54761.42613266526,7759.572990028244,26,0.0,16512.625781032108,13483.396641671934,5579.938963971895,5459.750342820863,0.07269150000138325,0.0
2025-09-17,ridge_q0,37386.30958639697,22584.809331640205,59971.11891803717,60540.03002980836,3648.3019373269626,19,188.63467906787298,19687.99146261167,15648.41257454421,5459.750342820863,5791.81757634446,0.05101439999998547,0.0
2025-09-18,ridge_q0,35693.4611425983,30910.196709773707,66603.65785237201,57727.023198854775,4998.63818712394,19,79.433990091753,19265.00442471414,15574.828145493839,5791.81757634446,5824.956952482927,0.033506199999465025,0.0
2025-09-19,ridge_q0,14991.342611903368,18620.332143164218,33611.67475506759,27912.965818133198,3758.442065161832,20,12929.653077290555,15725.995264316229,13085.592774978417,5824.956952482927,5438.805162613735,0.023775400000886293,0.0
2025-09-20,ridge_q0,15458.531859526298,17842.785400566518,33301.317260092816,29180.296988081445,3491.5406541577713,14,13577.960910355674,16125.47405304602,12677.031054495808,5438.805162613735,5866.141749804256,0.029787100000248756,0.0
2025-09-21,ridge_q0,37068.90077860055,16025.916227685668,53094.81700628622,60258.01196514345,2476.8641643564833,12,269.1327012142166,20598.938445240914,16420.68250028852,5866.141749804256,6159.983572422717,0.04124049999882118,0.0
2025-09-22,ridge_q0,37102.115719947775,23707.01481719826,60809.13053714603,60136.43185289758,3865.631201285297,19,41.31731640584883,19825.632111308085,16478.906256864386,6159.983572422717,5693.156631639574,0.05199209999955201,0.0
2025-09-23,ridge_q0,38784.83054899814,27096.62263755878,65881.45318655693,63003.67705235204,4173.187222608758,18,688.5225100839441,20229.92031608089,15858.19413453737,5693.156631639574,6279.869211070853,0.035632900000564405,0.0
2025-09-24,ridge_q0,39259.83689719689,10720.728972208239,49980.56586940512,63663.22361597276,1974.615889051326,13,752.8237198942105,21282.276228219627,17460.485543089744,6279.869211070853,6033.378324146586,0.02217660000133037,0.0
2025-09-25,ridge_q0,38619.72451119084,12633.392508504228,51253.11701969507,62544.416269977475,2129.405501568478,14,393.2889905072591,21501.184271656144,17556.100390617445,6033.378324146586,5877.665956839958,0.04440210000029765,0.0
2025-09-26,ridge_q0,15906.974599307112,9815.927508098383,25722.902107405494,29221.73300452102,2234.303930725296,15,11150.674548680076,15876.587083194732,13265.46819662849,5877.665956839958,5427.185224350229,0.05323060000046098,1.143516884489832e-16
2025-09-27,ridge_q0,16127.876944291853,18205.73050674326,34333.60745103512,30090.100002584015,3545.4957524569036,18,12767.9293833302,15894.767663293038,12828.403541582316,5427.185224350229,5478.694408444721,0.020399400000314927,0.0
2025-09-28,ridge_q0,40014.44012231339,20137.810356665286,60152.250478978676,65014.17907093712,3291.526976065714,13,440.8450620506437,20800.77888812549,16423.54706983996,5478.694408444721,5951.009774602161,0.0418139000012161,0.0
2025-09-29,ridge_q0,39902.14195719928,14099.996794150837,54002.13875135012,64734.62052783287,2410.9742546561292,16,569.4901982580734,21309.76001887534,17493.547034644398,5951.009774602161,5692.519308651738,0.023636400001123548,0.0
2025-09-30,ridge_q0,41178.92605738595,23202.321125011425,64381.247182397376,66453.27547966683,3790.2241578911626,14,579.8806236398053,20888.909784594664,16647.465537343138,5692.519308651738,5995.354184405679,0.02242389999992156,0.0
2025-10-01,ridge_q0,41910.626069135724,0.0,41910.626069135724,67867.03442867308,0.0,0,13022.291451423122,20196.616310132442,15013.394866215805,5995.354184405679,7490.759012173982,0.0320317999994586,3.4721302431421627e-16
2025-10-02,ridge_q0,35854.033593814645,6429.81682716334,42283.850420977986,57797.286759224204,1209.7501796878437,7,3873.737991437357,20253.0569875137,16850.541156705665,7490.759012173982,6995.686793485574,0.021442499999466236,0.0
2025-10-03,ridge_q0,14445.730267198049,9134.143863305384,23579.874130503435,26944.90659990271,2150.7156512518613,10,18741.18740840607,16144.434352047134,13607.153209298633,6995.686793485574,6406.6185888850705,0.023675399999774527,0.0
2025-10-04,ridge_q0,16060.114461302957,6527.518610506263,22587.63307180922,29831.21100043814,1600.7368026406843,7,14495.745284068144,16463.33876127551,12623.118675598167,6406.6185888850705,7197.9360567017375,0.020443499999601045,0.0
2025-10-05,ridge_q0,36674.2681133527,2931.5100018421113,39605.778115194815,58819.956373386296,561.2044049974704,6,350.6357288708747,21078.637411278847,16784.07342843262,7197.9360567017375,7519.739250816457,0.03535400000146183,0.0
2025-10-06,ridge_q0,37071.2096097698,9384.960511062762,46456.17012083256,58906.93312831727,1569.3577375570026,8,212.02821509834723,18873.746264979927,16342.592864203998,7519.739250816457,6347.67437351617,0.027135599999382976,0.0
2025-10-07,ridge_q0,38151.87208037631,7330.420452501374,45482.29253287769,61200.32660593701,1357.2429798234439,8,569.7387593339804,20958.394781729097,16742.12695530262,6347.67437351617,6607.866393402776,0.03251759999875503,0.0
2025-10-08,ridge_q0,34080.942508473236,19836.11272446358,53917.055232936815,56360.33554929105,3255.7497505978768,18,39.13114914846187,19586.825200402447,16488.366716328645,6607.866393402776,5915.601611177597,0.03231480000067677,0.0
2025-10-09,ridge_q0,34936.05101529902,15280.766111822406,50216.81712712142,57983.71710472733,2534.8526573500867,16,685.6748875213394,21332.596777681087,17259.68358645834,5915.601611177597,5937.512503914643,0.037026899999546004,0.0
2025-10-10,ridge_q0,13708.904550171803,13928.487010811554,27637.391560983357,26809.85605372152,3158.7346029680884,16,18323.73135,15595.371036534461,13294.122646511518,5937.512503914643,5202.09905178286,0.02106139999887091,0.0
2025-10-11,ridge_q0,14991.645562876143,8256.173749080328,23247.81931195647,29706.788013466285,1700.6774502971134,10,13625.769914625103,16318.132311853045,12642.75034604808,5202.09905178286,5840.917747952733,0.018188299998655566,0.0
2025-10-12,ridge_q0,35101.43684952834,26977.067663980397,62078.50451350874,58174.76388544077,4184.0713883315775,17,308.53939521433676,18957.91480677876,15422.574911554078,5840.917747952733,5766.846727882423,0.029324799999812967,0.0
2025-10-13,ridge_q0,36539.93035597984,10008.127509069094,46548.05786504893,60285.63778809077,1692.842701718965,15,711.1777659134789,21674.200021217926,17434.29259732167,5766.846727882423,5902.190527732262,0.02809770000021672,0.0
2025-10-14,ridge_q0,36845.4875678949,24723.592864439313,61569.080432334216,60831.6888638572,4001.040463126452,15,235.3926814278342,20105.95243113456,16282.445068912079,5902.190527732262,5905.942083628832,0.038381200000003446,0.0
2025-10-15,ridge_q0,37131.794193077716,29052.183416941076,66183.97761001879,61018.80284045615,4559.324070132613,18,93.46868112750894,18307.338788080342,14742.704208619092,5905.942083628832,6001.764538879927,0.0391299999992043,0.0
2025-10-16,ridge_q0,36959.05787757188,38979.7164923289,75938.77436990078,60565.457387127884,6159.829897356706,22,97.90505654659648,19150.69316854953,15489.783890611536,6001.764538879927,6026.517401006139,0.023567000000184635,0.0
2025-10-17,ridge_q0,14966.801187787754,7993.847009856255,22960.648197644008,28743.04078315824,1883.6732153984597,12,12143.78130400638,15791.98131241455,13313.247934530891,6026.517401006139,5446.802877144904,0.021667999999408494,0.0
2025-10-18,ridge_q0,15452.152934352249,5969.900886193955,21422.053820546203,30087.651883063794,1347.310996082712,12,12063.872341181093,16111.037298362184,12816.540027063435,5446.802877144904,5706.136415600384,0.026770099999339436,0.0
2025-10-19,ridge_q0,37877.45450650771,35271.12100517248,73148.57551168019,62756.065879324764,5562.993888482131,20,198.5614550516791,20532.743852625106,16297.968073203221,5706.136415600384,6076.7524682927315,0.032146400000783615,0.0
2025-10-20,ridge_q0,39352.6124451979,21499.015232104903,60851.6276773028,64312.776163293376,3690.9283466945094,18,102.87849257877235,20047.809144578896,16587.765493836443,6076.7524682927315,5688.930149706584,0.027507900000273366,0.0
2025-10-21,ridge_q0,40672.82389002576,25057.815095707003,65730.63898573276,66867.78217014691,4016.9431136675316,14,427.6547853537262,19570.25138047059,15575.762232009864,5688.930149706584,5995.753912119161,0.02172229999996489,0.0
2025-10-22,ridge_q0,40699.376759139035,15144.144833954531,55843.52159309357,66857.1536301281,2771.6496897543147,14,48.68353324893462,21741.323113234044,17716.100026600554,5995.753912119161,5878.389128918076,0.03435870000066643,0.0
2025-10-23,ridge_q0,41370.54698318124,4101.170842150096,45471.71782533133,67653.37528299702,759.3037489335861,5,737.4210222935758,22583.79809316352,18288.03711685983,5878.389128918076,5883.766171809883,0.023917799999253475,0.0
2025-10-24,ridge_q0,15342.781544760435,11524.241057952804,26867.022602713238,29407.538190802003,2616.7498414260845,16,10930.700566666665,16042.047513343248,13368.510764448494,5883.766171809883,5467.708084431595,0.026995000000169966,0.0
2025-10-25,ridge_q0,16168.882819164242,5034.221691397077,21203.10451056132,31462.499009340354,1046.681840036536,9,9554.013053849027,16982.172390481213,13425.437328286682,5467.708084431595,5834.510648879491,0.03089419999923848,0.0
2025-10-26,ridge_q0,41509.67824973969,7807.033811842337,49316.71206158203,68033.501038713,1162.6269262958485,8,341.29442744108985,21622.71487582593,17312.193354924835,5834.510648879491,6059.183642761908,0.02660459999970044,0.0
2025-10-27,ridge_q0,41671.57381738762,11279.852985370486,52951.42680275811,68025.49312863019,1748.371908502712,14,2309.9809270007345,21728.114623719077,17816.812180253575,6059.183642761908,5818.028826049554,0.023397699998895405,0.0
2025-10-28,ridge_q0,42492.72744378578,9252.782488085133,51745.50993187091,69551.64782042758,1491.716547469961,10,589.8064996526738,21985.78264199228,17504.646473747416,5818.028826049554,6155.6260107899225,0.01992649999920104,0.0
2025-10-29,ridge_q0,42108.95319491068,28157.95606069536,70266.90925560604,68388.49463648125,4569.956063615082,19,104.39138295759903,19410.97443728795,15869.171920149216,6155.6260107899225,5993.089759738837,0.02195220000066911,0.0
2025-10-30,ridge_q0,42209.22720305495,5237.969720819587,47447.19692387454,68813.28170441839,857.5078398248672,11,608.4125218907228,22533.85366580422,18259.294293451676,5993.089759738837,5985.453288460777,0.022012900000845548,0.0
2025-10-31,ridge_q0,16376.858909290997,7049.036123281157,23425.895032572153,31055.354018112717,1662.7943514111655,15,5925.454903645292,16939.917738370597,14051.516339158676,5985.453288460777,5618.583320595793,0.04165349999857426,0.0
2025-11-01,ridge_q0,17093.878399941008,2019.9776306050799,19113.85603054609,32718.12262400495,474.6573037020928,6,7133.044986133946,17384.19879047615,13868.502282236388,5618.583320595793,5854.915251761681,0.044829100001152256,0.0
2025-11-02,ridge_q0,43460.18512345583,15557.56650940345,59017.751632859276,71021.10180730125,2567.948409854691,15,387.23990880059785,21807.94986571654,17402.52349069452,5854.915251761681,6145.932919023771,0.022797800000262214,0.0
2025-11-03,ridge_q0,44024.54256341484,12949.045372587425,56973.587936002266,71344.55695417925,2034.5414190377219,14,86.71513428318019,21035.509256424484,17248.056300824028,6145.932919023771,5913.384248890221,0.0252277999989019,0.0
2025-11-04,ridge_q0,44932.51705486824,3426.972743223185,48359.489798091425,73255.65824740707,529.5050482915341,7,1707.5551317289892,22976.38895587116,18478.852825234877,5913.384248890221,6060.075614468851,0.02121420000003127,0.0
2025-11-05,ridge_q0,45009.37855280275,5864.882018624762,50874.26057142751,73130.78679885619,1043.4324947923276,8,133.23356592910704,23201.705759110417,18838.740098057664,6060.075614468851,6009.677355381926,0.02513879999969504,0.0
2025-11-06,ridge_q0,44087.878992740734,21124.682980699137,65212.56197343987,71755.05691208993,3771.5363375399734,20,142.97347499399348,21236.553648857887,17222.51842422197,6009.677355381926,5986.444056885168,0.01952979999987292,0.0
2025-11-07,ridge_q0,17276.703210494154,6209.594783356801,23486.297993850952,32679.959120918866,1322.3794269294049,11,7753.184298252011,17397.858728203253,14467.16626194033,5986.444056885168,5569.8877323344,0.023845399999117944,0.0
2025-11-08,ridge_q0,16871.10193848198,4294.683481448102,21165.785419930082,32676.88142182463,859.667886820036,6,6129.964942860896,17784.874172062206,14169.496906278435,5569.8877323344,5832.389035769899,0.045165699999415665,0.0
2025-11-09,ridge_q0,44781.58771894782,20312.132231427866,65093.719950375686,72923.20540158011,3125.0942615877348,15,346.40927761448836,22196.041845908945,17840.968643688902,5832.389035769899,5985.528204100283,0.022074200000133715,0.0
2025-11-10,ridge_q0,46016.05917283993,21509.69999549694,67525.75916833687,74638.4351838569,3483.0193451990076,18,94.13425592464557,21863.823969029017,17694.946795897748,5985.528204100283,6001.917780784458,0.021682099999452475,0.0
2025-11-11,ridge_q0,46598.08679961352,7472.968570106563,54071.05536972008,75387.69654618789,1254.9028178615376,9,671.7424417952826,23270.385458998604,18858.548203411116,6001.917780784458,5991.32224564863,0.022799300000770018,0.0
2025-11-12,ridge_q0,46569.27682394386,6963.127185123751,53532.40400906761,75495.9687629322,1105.484147382415,10,1203.8080076618119,23504.44827813882,19062.791125486,5991.32224564863,5964.446667655786,0.021495499999218737,0.0
2025-11-13,ridge_q0,46630.124936041524,11731.88351195063,58362.00844799215,75366.94593427757,1717.1969843309398,4,272.28066253820805,22578.654643469898,18162.663704066268,5964.446667655786,6104.4983978161845,0.020146299999396433,0.0
2025-11-14,ridge_q0,17758.82472982076,2253.8872834817457,20012.712013302506,33670.684151711,441.05096146606434,7,3304.00463996278,18018.66290646916,14809.387733254869,6104.4983978161845,5866.419754466356,0.044744700000592275,0.0
2025-11-15,ridge_q0,17684.46180627744,5162.521179954392,22846.98298623183,33796.53688036818,1007.1756097395632,11,3108.9655926215055,18187.05020218398,14704.190221364413,5866.419754466356,5896.7758015825875,0.03727419999995618,0.0
2025-11-16,ridge_q0,48270.51819541035,11804.743324221708,60075.261519632055,77848.87931789228,1929.6084731191177,8,865.8817751545976,23305.731893955966,18827.670261432497,5896.7758015825875,5952.300882329066,0.023400500000207103,0.0
2025-11-17,ridge_q0,49040.83869554097,0.0,49040.83869554097,78528.84467587313,0.0,0,1291.7718079898996,23771.07884232818,19229.76030777828,5952.300882329066,5979.871498448557,0.018783600000460865,0.0
2025-11-18,ridge_q0,48391.19524855784,10815.366104265016,59206.56135282286,77816.15336399653,1615.1936664656869,7,194.8698933278497,22555.6430161224,18209.71771232136,5979.871498448557,6046.930532601659,0.018824800001311814,0.0
2025-11-19,ridge_q0,48319.75119668807,12655.505712949487,60975.25690963756,77723.81609704482,2167.6021629876973,15,296.1950987425355,23090.585088622498,18863.67352733251,6046.930532601659,5868.819859770232,0.036140800000794115,0.0
2025-11-20,ridge_q0,49366.33971696853,6156.53952784349,55522.879244812015,79159.8653142366,936.4436590189068,7,772.0755034893116,23276.852814285525,18745.69537785266,5868.819859770232,5989.43697279092,0.023226200000863173,0.0
2025-11-21,ridge_q0,17995.337875842946,5072.075341117919,23067.413216960864,33954.59001232717,1061.1844847094048,7,3014.719411805281,17931.983526715747,14795.312508151117,5989.43697279092,5688.986026667182,0.032654700000421144,0.0
2025-11-22,ridge_q0,18460.718915720972,4259.053190699451,22719.772106420423,35209.32748074661,789.2964605647603,14,2098.138137307032,18677.070380992194,14996.414060321189,5688.986026667182,5835.667080314388,0.046261899999080924,0.0
2025-11-23,ridge_q0,50105.53040326806,4398.481258534546,54504.01166180261,80287.9386205023,891.2586264132594,10,1116.058369940637,24172.929959338835,19341.88736569722,5835.667080314388,6100.318081833553,0.020946100001310697,0.0
2025-11-24,ridge_q0,49295.910244211,5449.573781097541,54745.48402530854,78969.24167580415,832.6181044374537,9,1758.2020153303238,22490.307053170865,18608.592988259577,6100.318081833553,5665.379998287806,0.017852699998911703,1.4759759132427962e-16
2025-11-25,ridge_q0,49847.9735136727,7390.846690387449,57238.82020406015,80086.49891038693,1164.3044890715237,8,312.17141693630685,23946.30607455855,19176.334558703056,5665.379998287806,5910.017066831552,0.019845999999233754,0.0
2025-11-26,ridge_q0,50035.21088790374,11401.71799752432,61436.92888542806,80211.7687964676,1677.630058814575,4,570.9996029083313,23364.348270951374,18803.615901910864,5910.017066831552,6045.023953009055,0.023068699998475495,0.0
2025-11-27,ridge_q0,50316.72913753797,5379.888892579665,55696.618030117635,80404.84101564978,772.7422515266263,2,945.4477462436662,23349.017404089533,18897.774616490115,6045.023953009055,6061.612265033959,0.020211899998685112,0.0
2025-11-28,ridge_q0,18355.701270809488,5102.20777738575,23457.909048195237,34788.565764344465,944.1579300352862,10,1412.5200183043105,18852.00106097235,15453.035934896909,6061.612265033959,5858.373292245847,0.030484599999908824,0.0
2025-11-29,ridge_q0,19034.061905694947,12799.344070348752,31833.4059760437,36201.05056498457,1982.286679529889,8,81.48849038287221,17142.646225140772,13970.247571009179,5858.373292245847,5764.257593751234,0.04578120000041963,0.0
2025-11-30,ridge_q0,51603.14653096302,17646.49969384846,69249.64622481148,82573.5068544352,2627.8907249869762,8,343.7481808899993,23455.519493253574,18842.69821138808,5764.257593751234,5937.893791692707,0.02268999999978405,0.0
2025-12-01,ridge_q0,52045.58944973904,42550.122310410625,94595.71176014966,83016.763710934,7721.036816442058,25,113.39790933619508,23322.077639121315,18996.602754414784,5937.893791692707,5820.427273107696,0.03520059999937075,0.0
2025-12-02,ridge_q0,53548.16104055811,43256.23232432012,96804.39336487823,85408.77923310114,7813.56186057887,25,45.81337177263299,22986.31221951599,18447.5944476086,5820.427273107696,6010.781106662526,0.026898199999777717,0.0
2025-12-03,ridge_q0,60598.38005876667,82.40552082259173,60680.78557958926,94551.26186893237,14.187057040990226,1,1254.6568363808383,26034.12280364417,19886.07928071833,6010.781106662526,7345.847984699696,0.021040900001025875,0.0
2025-12-04,ridge_q0,60610.06600702405,4999.4415080475555,65609.5075150716,93919.80127278132,1016.4610149113497,7,3409.826506177069,24422.645180740023,19667.418149224417,7345.847984699696,7473.541814894138,0.02159879999999248,1.2004536694185783e-16
2025-12-05,ridge_q0,26923.27624524783,0.0,26923.27624524783,49044.742309656925,0.0,0,3345.2215708095982,20510.10843593278,16122.215380418791,7473.541814894138,8019.06676232388,0.025643099999797414,0.0
2025-12-06,ridge_q0,25939.297732915402,0.0,25939.297732915402,47841.29933549625,0.0,0,665.1093980722158,20079.018676477208,16567.459555719834,8019.06676232388,7681.8951759091,0.023761100001138402,0.0
2025-12-07,ridge_q0,61742.4513030049,259.2992418953955,62001.75054490029,95325.07936682853,44.64134318591641,1,3177.00687249556,23905.95516182961,19365.92257431071,7681.8951759091,7679.563072321627,0.02210179999929096,0.0
2025-12-08,ridge_q0,66623.42354629225,0.0,66623.42354629225,102138.70222336042,0.0,0,9902.499885264642,22299.557170576853,17910.56594914775,7679.563072321627,7848.535693454411,0.025192199998855358,0.0
2025-12-09,ridge_q0,66321.84107545168,0.0,66321.84107545168,101765.00713183847,0.0,0,10166.82180822133,22943.994115577458,18734.26305862699,7848.535693454411,7682.282554555245,0.02267779999965569,0.0
2025-12-10,ridge_q0,61234.514903408555,0.0,61234.514903408555,95202.37692043063,0.0,0,3292.93779753954,23054.880594323167,19533.059938098737,7682.282554555245,6728.275158225273,0.023419700000886223,0.0
2025-12-11,ridge_q0,62331.9398261686,0.0,62331.9398261686,96896.56464248791,0.0,0,6299.7402668920695,23469.19033071328,18833.620655117447,6728.275158225273,6924.30128351451,0.017932099999597995,0.0
2025-12-12,ridge_q0,25831.547333854433,0.0,25831.547333854433,48678.68779176588,0.0,0,1547.925248870205,19943.117085260295,16526.768025697955,6924.30128351451,6510.0310761399405,0.04186459999982617,0.0
2025-12-13,ridge_q0,27112.270646015,0.0,27112.270646015,51390.95007106481,0.0,0,3311.5690119332776,20672.198962000715,16391.35128620251,6510.0310761399405,6902.397601715573,0.02143869999963499,0.0
2025-12-14,ridge_q0,62406.56647925065,0.0,62406.56647925065,97063.50720476998,0.0,0,3711.7257063324278,24372.34742868872,19799.287730251162,6902.397601715573,6838.3016983674615,0.03167500000017753,0.0
2025-12-15,ridge_q0,62073.934250277474,0.0,62073.934250277474,96585.88505655636,0.0,0,2625.9649592763735,24388.520604701163,19898.15847408783,6838.3016983674615,6678.905271389799,0.03094750000127533,0.0
2025-12-16,ridge_q0,62331.9256226368,0.0,62331.9256226368,96872.13531956016,0.0,0,2904.2818118465602,24395.029301539125,19845.26712715885,6678.905271389799,6584.134834820734,0.020883399998638197,0.0
2025-12-17,ridge_q0,61206.36960636618,0.0,61206.36960636618,95755.46425784777,0.0,0,3169.569393185035,24165.006921167515,19770.959123171444,6584.134834820734,6364.908704792114,0.01971659999981057,0.0
2025-12-18,ridge_q0,60537.66305884298,973.4170245406747,61511.080083383655,94685.99699888816,197.86909737588672,1,2747.4296353444565,25384.8366038092,20614.667109556263,6364.908704792114,6306.075970935653,0.02113910000116448,0.0
2025-12-19,ridge_q0,25891.072307080278,0.0,25891.072307080278,49227.405242314155,0.0,0,2842.807965909853,20448.04760770797,16971.84163130367,6306.075970935653,5851.717005313193,0.019574999998440035,0.0
2025-12-20,ridge_q0,26057.987015341303,0.0,26057.987015341303,49905.323256288466,0.0,0,2587.172383752524,21603.45120246165,17141.652579925703,5851.717005313193,6248.5424431667825,0.02369609999914246,0.0
2025-12-21,ridge_q0,61215.058965555494,214.09490906983996,61429.153874625335,95651.73198591192,36.85889800634243,1,1777.9585780362422,24949.788595578888,20076.938156363536,6248.5424431667825,6395.643116561633,0.03395670000099926,0.0
2025-12-22,ridge_q0,61144.27180552306,693.5476688867437,61837.8194744098,95523.49965615227,144.74433537667835,6,2319.173555660742,24704.711121477463,20293.067768942587,6395.643116561633,6082.030049288466,0.02359710000018822,0.0
2025-12-23,ridge_q0,61245.798125224355,0.0,61245.798125224355,95867.72713237311,0.0,0,3591.466291016559,24715.630856678465,19697.46254865524,6082.030049288466,6440.028321793264,0.02892509999946924,0.0
2025-12-24,ridge_q0,59827.2674285185,1024.9351868680765,60852.20261538657,93868.00957890679,152.0125686848604,2,1660.8321038467243,25330.47971968108,20825.848992602805,6440.028321793264,6097.627855503115,0.019678199998452328,1.2161607786744942e-16
2025-12-25,ridge_q0,59949.15492835039,759.9826983614831,60709.137626711876,94079.81774568048,109.5057064150925,2,1587.6118801538541,25035.715864610924,20246.452826002525,6097.627855503115,6133.7134380945845,0.020285999999032356,0.0
2025-12-26,ridge_q0,25253.670266497335,759.0407152690634,26012.7109817664,48086.04378429196,154.1541400697868,3,984.4243695120455,21455.8369539757,17207.685832459334,6133.7134380945845,6324.315771717895,0.03233460000046762,0.0
2025-12-27,ridge_q0,25212.921644568476,0.0,25212.921644568476,48366.36874938548,0.0,0,1101.6995998414304,21041.099887835062,17115.239804957673,6324.315771717895,6244.37255414982,0.028805600000850973,0.0
2025-12-28,ridge_q0,60536.39244983584,476.8131008887497,61013.20555072459,94823.35882525303,82.39313830157141,3,3330.8207703866115,24210.96337011212,19445.286926944114,6244.37255414982,6428.365223979492,0.022955399999773363,0.0
2025-12-29,ridge_q0,60246.64518440221,0.0,60246.64518440221,94172.5092481665,0.0,0,2395.8410147625327,23899.13601723163,19646.23405049432,6428.365223979492,6108.438694494268,0.019662400000015623,0.0
2025-12-30,ridge_q0,59342.08100019774,1250.2137519678538,60592.29475216559,93352.9653649778,241.71639187821674,3,2660.8658448126207,24785.956683539982,20076.543371496562,6108.438694494268,6108.529296906294,0.034249000000272645,0.0
2025-12-31,ridge_q0,59206.30841095138,4807.779375440257,64014.08778639164,93062.84807546626,888.9488464747155,10,694.650997436893,25237.430287083775,20626.707295913016,6108.529296906294,5903.652893156119,0.023481700000047567,0.0
2025-02-01,seasonal_q0.7,22853.96348902673,0.0,22853.96348902673,43114.83242869342,0.0,0,8428.291948600821,15082.905025925927,14774.540479166662,9902.811287870369,7061.269723240743,0.02449680000063381,0.0
2025-02-02,seasonal_q0.7,40517.45635236985,71089.07485943128,111606.53121180114,69086.05031012345,11978.076384077787,36,144.5480458333334,20238.659125401227,17675.35842703332,7061.269723240743,5636.775794953703,0.02814790000047651,0.0
2025-02-03,seasonal_q0.7,57366.1043280913,0.0,57366.1043280913,91172.11926880658,0.0,0,5421.282584866244,23725.418883940336,18191.4987,5636.775794953703,6776.876457166668,0.019107699999949546,0.0
2025-02-04,seasonal_q0.7,57840.38516859307,0.0,57840.38516859307,91330.09936064814,0.0,0,5588.096205812757,23274.105571502056,18726.966366666667,6776.876457166668,6915.83106411111,0.024460499998895102,0.0
2025-02-05,seasonal_q0.7,55358.09024703406,0.0,55358.09024703406,87886.56007851851,0.0,0,3035.140440853911,23544.17250016461,19441.179845833336,6915.83106411111,6504.275374444445,0.029523600000175065,0.0
2025-02-06,seasonal_q0.7,56425.03601838118,2.4644071520829396,56427.50042553326,89316.79233551439,0.4218791666665993,1,4586.862253312755,22560.17954470164,18100.8848,6504.275374444445,6696.342742453703,0.01266120000036608,0.0
2025-02-07,seasonal_q0.7,38172.19317853108,0.0,38172.19317853108,65770.49426504114,0.0,0,27753.630025483533,16893.815777057607,10682.631204166666,6696.342742453703,10031.186714953703,0.020770600000105333,0.0
2025-02-08,seasonal_q0.7,18831.149089842515,0.0,18831.149089842515,35301.88394441358,0.0,0,4050.2233083539104,14869.771124393003,15195.273205,10031.186714953703,6530.343832462961,0.0358317000009265,0.0
2025-02-09,seasonal_q0.7,35409.91705579066,118509.56002294544,153919.47707873612,61436.386725360084,19946.138259308325,50,0.0,15738.557567026752,13911.448549025003,6530.343832462961,5237.880588314814,0.023668800000450574,0.0
2025-02-10,seasonal_q0.7,55099.00427300624,0.0,55099.00427300624,88298.24875194444,0.0,0,8883.773715720163,22048.96466622428,16961.127213333333,5237.880588314814,6236.251884212959,0.02121409999926982,0.0
2025-02-11,seasonal_q0.7,53147.10491905797,17.220413733333743,53164.325332791304,84953.9674296605,3.6764333333334207,1,5445.7385889197485,22461.557815740744,18170.249675,6236.251884212959,6262.487612824072,0.03471209999952407,1.3690223814193774e-16
2025-02-12,seasonal_q0.7,53161.63984777438,0.0,53161.63984777438,85029.00235592593,0.0,0,5484.297274444444,22084.831214814818,17806.862266666663,6262.487612824072,6353.433187638888,0.024574099999881582,0.0
2025-02-13,seasonal_q0.7,52893.10879461879,0.0,52893.10879461879,84483.45575737653,0.0,0,9300.859477026748,19972.25928451646,16119.14202083333,6353.433187638888,6418.308742777778,0.03513399999974354,1.3755965153108305e-16
2025-02-14,seasonal_q0.7,33089.322367008266,0.0,33089.322367008266,57568.965623034965,0.0,0,21246.713119660493,17191.996874207816,10671.546187500004,6418.308742777778,10033.832387898145,0.02476340000066557,0.0
2025-02-15,seasonal_q0.7,17574.835932154092,0.0,17574.835932154092,32912.75346839167,0.0,0,4255.630614979421,15266.601731687244,15889.569978274994,10033.832387898145,6118.6961927777775,0.02962169999955222,0.0
2025-02-16,seasonal_q0.7,34588.83736397825,102473.4800297278,137062.31739370606,60699.432155308634,17203.502736325005,44,0.0,17305.044537808644,14779.488746174995,6118.6961927777775,5271.58211438889,0.0263939999986178,0.0
2025-02-17,seasonal_q0.7,50918.45341143068,0.0,50918.45341143068,82386.7763820679,0.0,0,6304.121923415632,21339.171983652264,16440.38069166667,5271.58211438889,6209.747242268519,0.02983010000025388,0.0
2025-02-18,seasonal_q0.7,49169.45014964347,11.974928512500206,49181.42507815597,79565.00511942388,2.632141666666712,1,2914.277828569959,22375.224273353902,17813.252624166664,6209.747242268519,6554.946172546292,0.018897800000559073,0.0
2025-02-19,seasonal_q0.7,49587.18407038448,214.3209137979167,49801.50498418239,79812.35966333334,48.854487500000005,2,3237.8284455452604,22560.957972788074,18816.899650833333,6554.946172546292,5952.142069351854,0.025128199999016942,0.0
2025-02-20,seasonal_q0.7,48590.177686373645,103.08508166666624,48693.26276804031,78660.31215899793,22.007916666666574,1,2807.751688102875,22711.287662561725,17829.85300833333,5952.142069351854,6581.35317862037,0.01900059999934456,0.0
2025-02-21,seasonal_q0.7,31705.522814156444,0.0,31705.522814156444,55803.1496904218,0.0,0,23774.857573014393,17385.43597157408,10917.405887500001,6581.35317862037,10097.794566925924,0.022485899999082903,0.0
2025-02-22,seasonal_q0.7,16895.216945429704,0.0,16895.216945429704,31826.691508100004,0.0,0,4350.005888981476,15832.54894018519,16200.626204399994,10097.794566925924,6346.392830425926,0.02922979999857489,2.1532595993541335e-16
2025-02-23,seasonal_q0.7,32623.83809253369,96369.14698984326,128992.98508237695,57581.767246779826,16201.85584237469,43,0.0,17114.955655637856,14863.186249816667,6346.392830425926,5235.201531814816,0.022089300000516232,0.0
2025-02-24,seasonal_q0.7,48218.58682707268,89.66969968333291,48308.25652675601,78901.82978235596,20.151087499999903,2,5457.382347253088,22410.369185102874,17148.804279166663,5235.201531814816,6350.306821555558,0.028256600000531762,0.0
2025-02-25,seasonal_q0.7,46960.74996840129,167.01169520208305,47127.76166360337,76468.96268918827,37.439845833333266,2,6721.92763085391,21147.551155751025,17184.399484916663,6350.306821555558,6289.32565626852,0.01910630000020319,0.0
2025-02-26,seasonal_q0.7,46309.05171581608,0.0,46309.05171581608,75260.58931119341,0.0,0,2006.7174505246871,22146.92078566872,17707.89695833333,6289.32565626852,6546.113298555555,0.018696299999646726,0.0
2025-02-27,seasonal_q0.7,46464.20866714066,1011.8719787149649,47476.080645855625,75747.4643817284,204.35943058333467,3,4763.474039146091,22800.8182300823,18569.05265691666,6546.113298555555,6434.568975722225,0.018360399999437504,0.0
2025-02-28,seasonal_q0.7,29518.833030017817,0.0,29518.833030017817,51894.131610534976,0.0,0,22135.213705349794,17473.74843018518,11007.424074999999,6434.568975722225,9930.471368444443,0.023622400000022026,0.0
2025-03-01,seasonal_q0.7,16355.315010636037,0.0,16355.315010636037,30912.422850066665,0.0,0,7595.959023590537,14945.463839742795,15287.765946599997,9930.471368444443,6394.982216879631,0.03962339999998221,0.0
2025-03-02,seasonal_q0.7,30154.621291802425,119588.98056823219,149743.60186003463,53419.50153297324,20602.999657750006,57,0.0,14219.860841306578,12555.666717249991,6394.982216879631,5242.116177111111,0.02557179999894288,0.0
2025-03-03,seasonal_q0.7,47530.54557669211,5978.422649878494,53508.9682265706,77748.9393741682,1020.4504390416689,10,1308.9395020576085,24702.038705318933,19258.7350275,5242.116177111111,6075.356536898147,0.019480499999190215,0.0
2025-03-04,seasonal_q0.7,46443.178229319135,0.0,46443.178229319135,75596.32550069959,0.0,0,1785.4803506378582,22993.728247561732,18382.341030833333,6075.356536898147,6344.888592111113,0.03209029999925406,0.0
2025-03-05,seasonal_q0.7,46189.06944788943,14.952690000000366,46204.02213788943,75592.2663088683,3.286666666666747,1,5400.71080760288,21543.883355432088,17479.513204166666,6344.888592111113,6312.702274037036,0.021118999999089283,0.0
2025-03-06,seasonal_q0.7,44863.00689914346,369.13379419382875,45232.140693337285,73077.49696124485,57.5096013333327,3,3245.8017670267345,21386.574823384777,17438.02416116667,6312.702274037036,6185.037213787036,0.022831399999631685,0.0
2025-03-07,seasonal_q0.7,28859.047386467984,0.0,28859.047386467984,50824.67047133384,0.0,0,23015.605028158432,17243.43903846708,10356.659128625004,6185.037213787036,10196.733316601849,0.046295100000861567,0.0
2025-03-08,seasonal_q0.7,15225.098633699597,0.0,15225.098633699597,28489.292369225,0.0,0,9768.65626195473,16084.213094711937,16426.71650410833,10196.733316601849,6420.6178750555555,0.061097799998606206,0.0
2025-03-09,seasonal_q0.7,29140.54841938035,88432.91021111821,117573.45863049856,51298.23220872427,14470.136580005452,38,339.8081208333332,16225.18862695473,14130.153009058333,6420.6178750555555,5323.1176292499995,0.02158690000032948,0.0
2025-03-10,seasonal_q0.7,45877.66886683648,0.0,45877.66886683648,75157.11051147118,0.0,0,1840.5237990946428,22792.27711237655,17517.76185,5323.1176292499995,6371.987197055558,0.021698600001400337,0.0
2025-03-11,seasonal_q0.7,45643.568986001075,0.0,45643.568986001075,75039.48151088477,0.0,0,6948.665186934153,20367.122169783946,16215.224645833332,6371.987197055558,6685.48087671297,0.022165700000186916,0.0
2025-03-12,seasonal_q0.7,43285.18420822646,0.0,43285.18420822646,71061.16411264402,0.0,0,5128.110992119343,20483.12119552468,16985.602758333334,6685.48087671297,6247.397998981477,0.01969499999904656,0.0
2025-03-13,seasonal_q0.7,42879.26245345706,10878.108573950314,53757.37102740737,70583.66385723252,1771.0423327500034,8,811.3572331995917,20763.37764069959,16765.64670058333,6247.397998981477,6305.941541629629,0.028884800000014366,0.0
2025-03-14,seasonal_q0.7,28651.671934629983,0.0,28651.671934629983,50414.89186366152,0.0,0,27579.608839763365,16763.07905648149,9957.222015916666,6305.941541629629,10329.132674777778,0.02925119999963499,0.0
2025-03-15,seasonal_q0.7,14695.761747026085,0.0,14695.761747026085,27695.796707699992,0.0,0,7709.882742901235,15847.493095432097,16785.704280633334,10329.132674777778,5941.093926629627,0.0507419999994454,0.0
2025-03-16,seasonal_q0.7,27859.47155101092,98756.31054622418,126615.7820972351,49165.47698537036,16379.223192483329,42,0.0,14806.945022870372,12613.29177835,5941.093926629627,5252.575804601853,0.03381389999958628,0.0
2025-03-17,seasonal_q0.7,44545.2491013397,0.0,44545.2491013397,73887.66591445988,0.0,0,11130.470515041156,19922.669405668716,15023.605439583333,5252.575804601853,6490.083336833336,0.019052300000112155,0.0
2025-03-18,seasonal_q0.7,40859.03629854525,4853.57303656666,45712.60933511191,67611.94584074074,967.2796562499988,7,3405.0691228600867,21480.077211213982,17431.87920375,6490.083336833336,6453.398156092593,0.02144599999883212,0.0
2025-03-19,seasonal_q0.7,41562.54112062752,0.0,41562.54112062752,68560.59036867283,0.0,0,4960.981406358025,21222.80092898148,17088.662416666666,6453.398156092593,6566.516306990741,0.020003100000394625,0.0
2025-03-20,seasonal_q0.7,42529.7370746807,205.99092965064648,42735.728004331344,70090.50742408435,29.528516291663777,1,4287.090108292184,20240.26051162551,16616.27649620834,6566.516306990741,6320.221327222222,0.019990999999208725,0.0
2025-03-21,seasonal_q0.7,26247.01104788162,0.0,26247.01104788162,45302.26281616255,0.0,0,26845.347700133738,16434.12708269547,10010.676483333333,6320.221327222222,9987.961831277775,0.025321600000097533,0.0
2025-03-22,seasonal_q0.7,14518.067833822979,0.0,14518.067833822979,27583.412960183334,0.0,0,11522.756253837448,15922.118700329218,15742.661727316663,9987.961831277775,6826.02229788889,0.022752000000764383,0.0
2025-03-23,seasonal_q0.7,25942.051630173635,87733.6418943068,113675.69352448043,45276.812841574065,14836.097282483333,39,0.0,13698.44495907407,12355.254951683331,6826.02229788889,5426.561703629629,0.03117289999863715,0.0
2025-03-24,seasonal_q0.7,39512.424179894515,106.53481647707733,39618.95899637159,65901.93979486625,22.367234541665425,2,2919.456253930041,22676.01950037037,17669.665808225822,5426.561703629629,6202.0172448231615,0.03440249999948719,0.0
2025-03-25,seasonal_q0.7,40178.92484627044,339.4854185528975,40518.41026482334,66505.53967346808,53.29229620833355,3,1596.2721700308568,21328.625420103897,17316.190337124997,6202.0172448231615,6157.568637222221,0.03162999999949534,0.0
2025-03-26,seasonal_q0.7,40809.876536712734,0.0,40809.876536712734,67530.59539519547,0.0,0,7970.4586031172885,19693.833200411522,15726.251274999997,6157.568637222221,6408.405989814819,0.037072299999636016,0.0
2025-03-27,seasonal_q0.7,39717.132026221385,0.0,39717.132026221385,65783.29762610082,0.0,0,3138.6800660082326,20538.389601759252,16610.761441666666,6408.405989814819,6436.555029546296,0.021747299999333336,0.0
2025-03-28,seasonal_q0.7,24781.952055131434,0.0,24781.952055131434,42922.63326225308,0.0,0,25666.49749457819,16127.006401008224,9692.7514,6436.555029546296,10181.137012675921,0.04896070000177133,0.0
2025-03-29,seasonal_q0.7,13673.99308191807,0.0,13673.99308191807,26374.268064425,0.0,0,19091.11363324074,15650.626549259254,16074.68130140833,10181.137012675921,6405.943905444441,0.025802499998462736,0.0
2025-03-30,seasonal_q0.7,24571.416995876432,83858.85299525806,108430.2699911345,42605.64409937243,14386.06438416666,37,0.0,13804.517445205765,12158.428661666669,6405.943905444441,5320.644426499999,0.03329730000041309,1.4805734678232994e-16
2025-03-31,seasonal_q0.7,38687.166462905516,0.0,38687.166462905516,64759.79573950617,0.0,0,2724.179915524695,20971.274132314808,15887.047791666664,5320.644426499999,6542.515821509261,0.02442900000096415,0.0
2025-04-01,seasonal_q0.7,39246.91532954775,0.0,39246.91532954775,65649.02396868312,0.0,0,1777.7042050925897,20254.863788590534,16592.395541666665,6542.515821509261,6335.8981849444435,0.021590700000160723,0.0
2025-04-02,seasonal_q0.7,38589.645500358485,8134.081174783332,46723.72667514182,64797.813438960904,1629.5780083333334,10,1857.8767679938253,21311.950954300413,17177.771674999996,6335.8981849444435,6430.241071592591,0.023429599999872153,0.0
2025-04-03,seasonal_q0.7,40021.970275104606,0.0,40021.970275104606,66812.9060940005,0.0,0,7095.113013024687,19877.277156100827,16023.01434179167,6430.241071592591,6516.441243425926,0.020612500000424916,0.0
2025-04-04,seasonal_q0.7,24368.09806394962,0.0,24368.09806394962,42555.089953117276,0.0,0,29784.38544323045,15532.953747386833,9193.0514875,6516.441243425926,10281.597963296294,0.034962800000357674,0.0
2025-04-05,seasonal_q0.7,13256.21065073803,0.0,13256.21065073803,25695.813827199996,0.0,0,14315.149620534981,15523.559901965014,16187.010678633333,10281.597963296294,6267.23445436111,0.02098909999949683,0.0
2025-04-06,seasonal_q0.7,24105.21747478316,83189.91227182168,107295.12974660484,41951.26779289095,14339.652315791665,36,0.0,13569.084965390948,11688.241123374999,6267.23445436111,5492.476341685186,0.03432319999956235,0.0
2025-04-07,seasonal_q0.7,38285.91237399072,0.0,38285.91237399072,64531.667565051444,0.0,0,6341.88865809671,20892.96524445473,15945.905620833333,5492.476341685186,6578.472149657409,0.03318790000048466,0.0
2025-04-08,seasonal_q0.7,38025.2179615042,823.9258885372419,38849.14385004144,64127.41176067901,150.15535529165925,6,6345.042186193408,20923.271073652264,17343.93976054167,6578.472149657409,6138.371937564815,0.02170029999979306,0.0
2025-04-09,seasonal_q0.7,39254.870448170135,952.2719004061622,40207.1423485763,65576.30114095678,136.50686645730536,1,2684.7786908744897,19941.121197664605,16047.402897791668,6138.371937564815,6254.933351249999,0.03094280000004801,0.0
2025-04-10,seasonal_q0.7,39288.565220220116,0.0,39288.565220220116,66007.74215528806,0.0,0,7328.494557880648,20671.46967657409,16452.85997916667,6254.933351249999,6578.30052775926,0.04294030000164639,0.0
2025-04-11,seasonal_q0.7,23621.81122313082,0.0,23621.81122313082,41028.06083622428,0.0,0,29678.27040010288,14945.488202788063,8912.347933333334,6578.30052775926,10126.6310954537,0.026900700000624056,0.0
2025-04-12,seasonal_q0.7,13001.405024066551,0.0,13001.405024066551,25392.36199659167,0.0,0,16667.626366872424,15178.608336460906,15479.033256741663,10126.6310954537,6588.452757444446,0.021454399999129237,0.0
2025-04-13,seasonal_q0.7,23085.88913724603,89295.82853621166,112381.7176734577,40125.29571746666,15363.840949166664,41,0.0,11860.075900833333,10647.297717533334,6588.452757444446,5432.190270935184,0.04035029999977269,0.0
2025-04-14,seasonal_q0.7,36997.544393017306,0.0,36997.544393017306,62645.078574866246,0.0,0,5360.266156100817,21103.689656265433,16346.909037499998,5432.190270935184,6262.278697685187,0.024604599999292986,0.0
2025-04-15,seasonal_q0.7,36664.95178641926,0.0,36664.95178641926,61692.10426602879,0.0,0,7740.765212017987,18925.302481942912,15113.392261265431,6262.278697685187,6502.392863361112,0.032630499999868334,0.0
2025-04-16,seasonal_q0.7,37219.75488204413,0.0,37219.75488204413,62470.33517706789,0.0,0,3067.2835120884747,19633.15000331276,16009.690288333331,6502.392863361112,6383.683101527777,0.020694299999377108,0.0
2025-04-17,seasonal_q0.7,37705.09261499057,0.0,37705.09261499057,63502.270725185175,0.0,0,6690.571607952674,19795.96516306584,15852.608395833333,6383.683101527777,6586.042419583331,0.021640500001012697,0.0
2025-04-18,seasonal_q0.7,22860.071300855678,0.0,22860.071300855678,39828.17368320834,0.0,0,27346.599654578185,14613.696168755145,8486.239323458329,6586.042419583331,10309.214167620374,0.03267489999961981,0.0
2025-04-19,seasonal_q0.7,12098.531042644941,0.0,12098.531042644941,23969.46819330833,0.0,0,17590.605296358022,15860.953011975309,16266.769365025,10309.214167620374,6509.883695037036,0.047227000000930275,0.0
2025-04-20,seasonal_q0.7,22739.257916606668,78405.80437728825,101145.06229389492,39821.84109613333,13576.5398055,37,0.0,13251.311749166667,11810.675730866667,6509.883695037036,5313.091234990741,0.02787989999887941,0.0
2025-04-21,seasonal_q0.7,36175.79722588707,0.0,36175.79722588707,61728.29137504115,0.0,0,8596.182824876554,19732.2289501646,15117.030783333332,5313.091234990741,6275.39641976852,0.0272067000005336,0.0
2025-04-22,seasonal_q0.7,34278.280978404655,0.0,34278.280978404655,57402.15584024691,0.0,0,1282.667199814818,20054.869442098756,16088.31011833333,6275.39641976852,6448.878786175928,0.04930469999999332,0.0
2025-04-23,seasonal_q0.7,36485.75787798966,0.0,36485.75787798966,62017.00702734568,0.0,0,6852.569698456794,18721.698003888887,14957.177391666664,6448.878786175928,6679.320998935186,0.020917899999403744,0.0
2025-04-24,seasonal_q0.7,35476.46213384965,0.0,35476.46213384965,59828.052768271606,0.0,0,9459.603685668722,18046.712540936216,14768.370158333333,6679.320998935186,6512.062109851851,0.019688500000484055,0.0
2025-04-25,seasonal_q0.7,21828.973722267994,0.0,21828.973722267994,38343.39672696666,0.0,0,30367.433290709872,14750.430193456788,8774.824407199998,6512.062109851851,10037.644387074077,0.0634661000003689,0.0
2025-04-26,seasonal_q0.7,11602.720489915811,0.0,11602.720489915811,23389.797577466663,0.0,0,23871.264553806584,15463.89030702675,16015.550916700002,10037.644387074077,6160.08908928704,0.06009420000009413,0.0
2025-04-27,seasonal_q0.7,22132.20394422804,69270.54271789751,91402.74666212554,38927.22720464166,12266.970810833334,35,348.89803333333236,15687.879734166667,13416.050935358337,6160.08908928704,5372.457588527777,0.025753900001291186,0.0
2025-04-28,seasonal_q0.7,34291.378296770476,24109.89818213926,58401.276478909735,57783.356959732504,3566.8192359166683,7,618.8886266152284,17332.940895617285,13223.62064325,5372.457588527777,6279.19256875,0.039238800000021,0.0
2025-04-29,seasonal_q0.7,36972.86541209092,1416.0817531893247,38388.947165280246,63154.59632280864,202.99337058333208,1,12417.959829855967,17581.881213786,14075.465066916668,6279.19256875,6463.480031250001,0.038959699999395525,0.0
2025-04-30,seasonal_q0.7,34200.543460963614,0.0,34200.543460963614,57497.59695867283,0.0,0,6062.086353106993,18116.336355565843,14937.680183333334,6463.480031250001,6170.760325333333,0.023176799999419018,0.0
2025-05-01,seasonal_q0.7,33098.57685570057,15089.888241064597,48188.46509676517,55838.06957728394,2288.4225367916683,10,3952.0843594855987,19635.241488631684,16472.212534041664,6170.760325333333,5540.019293944443,0.03014900000016496,0.0
2025-05-02,seasonal_q0.7,23632.652376762075,0.0,23632.652376762075,40725.78145680041,0.0,0,20019.858615709876,15272.771446923869,8857.168689166669,5540.019293944443,9444.215052657404,0.03949309999916295,0.0
2025-05-03,seasonal_q0.7,13594.34044263537,2398.6512092681296,15992.9916519035,25941.498560108335,449.2834792083306,5,17641.23381802469,15766.558125308638,15884.181554016663,9444.215052657404,5985.026749861111,0.059005299999626004,0.0
2025-05-04,seasonal_q0.7,23893.17638957865,73114.20961034167,97007.38599992031,40913.354155124995,12413.400245833334,35,0.0,13007.5552075,11415.468139875004,5985.026749861111,5007.972947861112,0.02250370000001567,0.0
2025-05-05,seasonal_q0.7,37935.62631529142,3824.792717541313,41760.41903283273,64008.980783148145,548.2787725833304,1,4486.245474578198,21692.77969356995,16697.77241241667,5007.972947861112,5978.394213833333,0.03421349999916856,0.0
2025-05-06,seasonal_q0.7,36453.58411042679,1616.459184392345,38070.04329481914,60365.48433876697,277.4504580000017,6,4157.64115531893,20177.937963323042,16562.72668854167,5978.394213833333,5735.508726888887,0.03476609999961511,0.0
2025-05-07,seasonal_q0.7,35917.03124179271,10196.644983392345,46113.67622518506,60065.901634220674,1487.524336374999,4,2385.318029516457,20152.45659949589,16052.19460841667,5735.508726888887,6036.947879305557,0.032407600001533865,0.0
2025-05-08,seasonal_q0.7,38470.33790666796,243.22893262500048,38713.566839292966,62407.129199454735,35.999250000000075,1,2294.279068179011,19535.693743775715,15213.3567625,6036.947879305557,6715.342512592594,0.06004889999894658,0.0
2025-05-09,seasonal_q0.7,25651.18019452319,0.0,25651.18019452319,43110.3814781893,0.0,0,28484.156743611118,14414.96677207818,8288.127887499997,6715.342512592594,10479.78162135185,0.03610570000091684,0.0
2025-05-10,seasonal_q0.7,14341.717445399066,0.0,14341.717445399066,26108.468349116665,0.0,0,14436.575301843004,15582.862748940326,16032.014984999998,10479.78162135185,6691.008112064816,0.07151429999976244,1.2683204856538309e-16
2025-05-11,seasonal_q0.7,24796.709346170916,89016.6669946184,113813.37634078931,41463.25072830833,14991.130590166666,42,16.85097499999995,10879.8672575,9926.415997358334,6691.008112064816,5453.537535638889,0.0462439999992057,0.0
2025-05-12,seasonal_q0.7,39685.63504603197,0.0,39685.63504603197,65801.52946822015,0.0,0,8993.262832304525,17876.55658174897,12999.485179166668,5453.537535638889,7098.566037916669,0.03125019999970391,0.0
2025-05-13,seasonal_q0.7,37322.203626457864,0.0,37322.203626457864,60975.81760955503,0.0,0,4888.447342623457,17799.329995473247,14841.172495208335,7098.566037916669,6627.771372500002,0.021689499999411055,0.0
2025-05-14,seasonal_q0.7,38674.79146172553,0.0,38674.79146172553,63386.497483878586,0.0,0,6743.477502139919,17951.214569238677,14322.343370833332,6627.771372500002,6870.149628333333,0.02533689999836497,0.0
2025-05-15,seasonal_q0.7,38386.89002077192,0.0,38386.89002077192,63255.44162861111,0.0,0,6547.864112088475,18808.007020689303,14865.487787499998,6870.149628333333,7280.1472941759275,0.0184702999995352,0.0
2025-05-16,seasonal_q0.7,24500.1501127121,0.0,24500.1501127121,40945.91847440833,0.0,0,33032.01894074073,13830.938084259265,8632.545083925,7280.1472941759275,10136.274810092593,0.029325200001039775,0.0
2025-05-17,seasonal_q0.7,14086.47086503061,0.0,14086.47086503061,25948.303561750003,0.0,0,15505.938266820995,16140.21231484567,16146.646103249994,10136.274810092593,6721.748000953708,0.04301769999983662,0.0
2025-05-18,seasonal_q0.7,24926.262392795223,76050.86204875028,100977.1244415455,41596.219778141654,13210.922120000007,34,7.300487500000145,11537.427879166666,10413.754568525,6721.748000953708,5534.594682731481,0.03559459999996761,0.0
2025-05-19,seasonal_q0.7,38038.87439828825,435.07791547500005,38473.95231376325,63140.95878753085,64.50855000000001,1,11211.651034938268,18390.42503175926,13911.825279166667,5534.594682731481,6628.393567796297,0.042496800000662915,0.0
2025-05-20,seasonal_q0.7,36402.976609630525,0.0,36402.976609630525,59578.39054675411,0.0,0,1645.8491304423917,18015.190628395052,14610.044028749997,6628.393567796297,6608.682879185187,0.03241130000060366,0.0
2025-05-21,seasonal_q0.7,38310.23828850456,0.0,38310.23828850456,63130.345423374485,0.0,0,8444.336315123466,16751.378295751027,13427.984470833333,6608.682879185187,6764.94059999074,0.021151599999939208,0.0
2025-05-22,seasonal_q0.7,37699.1616895897,17.333365000000338,37716.4950545897,61402.82692851697,2.57000000000005,1,6730.2748221502125,17942.082703991764,14083.591414291666,6764.94059999074,7264.380128814814,0.022724999998899875,0.0
2025-05-23,seasonal_q0.7,23498.421984510733,0.0,23498.421984510733,39257.270639899994,0.0,0,27110.171499691358,15329.841247808637,9603.690990933334,7264.380128814814,10390.469484138886,0.028970200000912882,0.0
2025-05-24,seasonal_q0.7,14127.503617022438,0.0,14127.503617022438,25676.65832844167,0.0,0,21980.406271563792,15695.497665102876,15753.746991558328,10390.469484138886,7012.2540587777785,0.02167349999945145,0.0
2025-05-25,seasonal_q0.7,23505.203217731614,60016.576297141335,83521.77951487295,39896.06378209999,10312.354197833334,33,8.967149999999947,15163.83306583333,13509.392419233332,7012.2540587777785,5649.267796657407,0.050038100000165286,0.0
2025-05-26,seasonal_q0.7,35882.37009648093,7508.616766797333,43390.98686327827,58565.7181790432,1086.7031807916699,2,805.7444424588468,18403.239703251023,14136.395735874994,5649.267796657407,6505.077156388888,0.031575099999827216,0.0
2025-05-27,seasonal_q0.7,38723.65160246105,0.0,38723.65160246105,64118.19071823044,0.0,0,11310.843815761318,17127.03363246913,13710.054030000003,6505.077156388888,6686.014058944442,0.030680699999720673,0.0
2025-05-28,seasonal_q0.7,36574.98460887131,0.0,36574.98460887131,59667.85356506173,0.0,0,3474.560403837443,18950.578619557615,15031.10955833333,6686.014058944442,7040.301973953708,0.02213560000018333,0.0
2025-05-29,seasonal_q0.7,36975.782372269096,119.77769558333443,37095.56006785243,60757.58963328188,17.817433333333497,1,3348.4657092078246,18550.74699074073,15233.929133333333,7040.301973953708,6809.386339694443,0.02166600000055041,0.0
2025-05-30,seasonal_q0.7,24190.976053636346,0.0,24190.976053636346,40574.71864594166,0.0,0,27939.88760898148,14787.995146851852,8749.397376558332,6809.386339694443,10397.02933124074,0.05930600000101549,0.0
2025-05-31,seasonal_q0.7,13379.53806947379,0.0,13379.53806947379,24930.14181771667,0.0,0,16735.592276244857,16632.361451255143,16826.993459783327,10397.02933124074,6669.495237611109,0.0394283000005089,0.0
2025-06-01,seasonal_q0.7,23535.295014934658,159836.35141743548,183371.64643237012,39841.28499156667,30017.646518083333,86,0.0,4742.0679225,6107.962712849998,6669.495237611109,4150.731131361112,0.025546200000462704,0.0
2025-06-02,seasonal_q0.7,45488.527297440014,21571.007448490895,67059.53474593091,75633.08336690432,3193.9942049166634,12,4535.227163168725,22629.29843365226,16978.255475000005,4150.731131361112,5652.371416092593,0.02631149999979243,0.0
2025-06-03,seasonal_q0.7,43061.900391669544,13354.774266024637,56416.67465769418,70472.07566733539,2158.8976741916667,17,224.61607083333286,21496.991217335388,17283.000779975,5652.371416092593,5796.329311722222,0.020434300000488292,0.0
2025-06-04,seasonal_q0.7,43840.41108232092,12824.039363803982,56664.4504461249,72237.55225981481,1914.7050170749967,11,740.0474249999993,20545.66203481481,16778.71299959167,5796.329311722222,5644.410699064815,0.021445000000312575,0.0
2025-06-05,seasonal_q0.7,45075.83594781012,13136.571670814466,58212.40761862459,74375.10610178858,1932.417371216665,12,831.0701891666668,22565.10793941358,18237.972672241667,5644.410699064815,5688.5937642685185,0.020992800000385614,0.0
2025-06-06,seasonal_q0.7,30124.61231688863,0.0,30124.61231688863,50607.42887965021,0.0,0,14192.728892139923,14769.203929176945,9209.499341666666,5688.5937642685185,8748.100254231482,0.022118400000181282,0.0
2025-06-07,seasonal_q0.7,18050.42938630165,4576.717944016007,22627.147330317657,31830.70784619166,658.1796618333344,2,975.2504844650226,16139.111200534977,15751.987343641666,8748.100254231482,5771.092175111109,0.024583099999290425,0.0
2025-06-08,seasonal_q0.7,37628.64116267046,36269.95705540204,73898.5982180725,63763.528025617285,5573.393354941667,18,697.4911874999997,19756.074314783946,16301.567388391664,5771.092175111109,5438.706404648148,0.021673099998224643,0.0
2025-06-09,seasonal_q0.7,49950.35572499853,404.532664558333,50354.888389556865,80326.97148539094,59.65113333333329,3,3603.9476595884835,23385.606156635793,17535.643930833332,5438.706404648148,7001.703133583334,0.03650420000121812,0.0
2025-06-10,seasonal_q0.7,51313.6756573258,0.0,51313.6756573258,81497.32533151953,0.0,0,6156.633949917688,20079.33501685186,16357.08786858333,7001.703133583334,6898.562572546297,0.02046380000138015,1.4179373278134428e-16
2025-06-11,seasonal_q0.7,51687.349656715276,4203.6411425877495,55890.99079930303,82841.02582596913,859.8719231666666,7,3273.9553316460897,23253.844550823043,18911.348449999998,6898.562572546297,6814.413279398153,0.01783419999992475,0.0
2025-06-12,seasonal_q0.7,54750.231881904474,0.0,54750.231881904474,86577.34162722222,0.0,0,9808.869219197528,20277.817153858017,15961.736179166664,6814.413279398153,7329.186296574075,0.03422830000090471,0.0
2025-06-13,seasonal_q0.7,38111.63204902962,0.0,38111.63204902962,62998.91728073045,0.0,0,29825.747981748973,13355.99068231481,8528.13508333333,7329.186296574075,9873.872262509261,0.020771800000147778,0.0
2025-06-14,seasonal_q0.7,22325.570589702173,0.0,22325.570589702173,37939.80679999166,0.0,0,12028.996048179011,11944.13490765432,12226.66690584167,9873.872262509261,7038.408228462961,0.038843199999973876,0.0
2025-06-15,seasonal_q0.7,34321.10284854713,90321.7149340047,124642.81778255184,56706.76777494855,14845.121848825003,54,0.0,11299.881896615223,10374.966606174992,7038.408228462961,5680.561261888888,0.04787439999927301,0.0
2025-06-16,seasonal_q0.7,53023.11524646895,131.10214354374978,53154.2173900127,84655.3864885391,19.467570833333298,2,6346.101554320986,22833.56718838478,17198.8675,5680.561261888888,7120.918953657409,0.01278460000139603,0.0
2025-06-17,seasonal_q0.7,53413.859209423055,225.2352705416689,53639.094479964726,84787.30969253086,33.405083333333664,2,6404.65271891975,21368.778286111108,17589.72744583333,7120.918953657409,6808.677804675926,0.021838900000147987,0.0
2025-06-18,seasonal_q0.7,56178.06162158257,0.0,56178.06162158257,88387.5982125823,0.0,0,13574.233804917692,18150.713165997946,14265.739658333336,6808.677804675926,7293.497811481484,0.03258089999872027,0.0
2025-06-19,seasonal_q0.7,52879.25477468371,614.0510582729173,53493.30583295663,83780.20303485595,91.20266250000009,2,12278.436490977363,19116.970356378595,15783.50535,7293.497811481484,6961.542965555556,0.023053700000673416,0.0
2025-06-20,seasonal_q0.7,35991.26251789779,0.0,35991.26251789779,59905.63456221193,0.0,0,32354.11684254115,12864.995790504117,7714.058920833331,6961.542965555556,9968.862598305555,0.025086999999984982,0.0
2025-06-21,seasonal_q0.7,20152.92436237636,0.0,20152.92436237636,33922.240346524995,0.0,0,13547.521637469135,16570.4445658642,15530.466256808333,9968.862598305555,7626.189088907405,0.03277619999971648,0.0
2025-06-22,seasonal_q0.7,33299.36579067465,78700.42576040578,111999.79155108043,55810.84594518518,12297.485188874994,31,8.8911333333333,12840.852055185182,12198.753154458336,7626.189088907405,5628.785766953703,0.03173190000052273,0.0
2025-06-23,seasonal_q0.7,52466.39197750407,0.0,52466.39197750407,84299.90150094443,0.0,0,11892.35864099795,21651.239588446493,16304.982728499997,5628.785766953703,6998.253920444446,0.018243900000015856,0.0
2025-06-24,seasonal_q0.7,52408.27137958055,6541.451687484116,58949.72306706466,83067.0795907423,1358.1351875833316,8,3775.404253960907,22871.476784156377,18490.458509791664,6998.253920444446,7037.629126416668,0.023144399998273002,0.0
2025-06-25,seasonal_q0.7,54485.04731957418,6.944044537500442,54491.99136411168,86317.53900608025,1.0301208333333989,1,12117.619333384777,19529.254851862133,15765.726424999997,7037.629126416668,7096.484687537039,0.042308500000217464,0.0
2025-06-26,seasonal_q0.7,51203.96950862702,276.5280363395821,51480.4975449666,81678.24659376543,40.96731249999982,3,10622.542313611113,19547.46993015432,15998.18217083333,7096.484687537039,6913.449657083335,0.026617100000294158,0.0
2025-06-27,seasonal_q0.7,33643.835289423485,0.0,33643.835289423485,56288.73708562757,0.0,0,30962.998570555552,13873.795765072013,8319.703116666666,6913.449657083335,10155.751271574078,0.020775400000275113,0.0
2025-06-28,seasonal_q0.7,18883.81624636957,0.0,18883.81624636957,32429.372887249996,0.0,0,10312.939301419754,15796.423129413579,15456.915660250004,10155.751271574078,7198.181354435186,0.03334129999893776,0.0
2025-06-29,seasonal_q0.7,33300.95232944124,92042.8063063884,125343.75863582964,55556.05800504115,14806.528941550001,42,72.19708333333335,11863.585967541156,10840.964637616664,7198.181354435186,5829.8924612037035,0.02550150000024587,0.0
2025-06-30,seasonal_q0.7,50788.32650543186,279.078477979165,51067.40498341103,81528.79877496194,41.417987499999754,3,6612.650039845684,22109.38434403291,17029.501604749996,5829.8924612037035,6806.669921111114,0.02639900000031048,0.0
2025-07-01,seasonal_q0.7,53459.01355586242,11179.00971831839,64638.02327418081,84971.79091723252,1796.9257090416627,17,5430.292391409468,20888.261929989705,18416.381728458335,6806.669921111114,5143.459293148148,0.028156800000942894,0.0
2025-07-02,seasonal_q0.7,54953.85223002934,2353.836298144372,57307.68852817371,87988.13310702675,354.4204397916661,11,11115.091514362131,19681.99448849794,15359.298822708331,5143.459293148148,5791.3667520092595,0.030517999999574386,0.0
2025-07-03,seasonal_q0.7,51433.72434483308,13530.656086641884,64964.38043147496,82349.72770605965,2079.881600491664,12,372.5841458333334,21901.108256059666,17604.502028675,5791.3667520092595,5941.806372824072,0.026258299998517032,0.0
2025-07-04,seasonal_q0.7,36868.16348319961,0.0,36868.16348319961,60872.43419944444,0.0,0,27110.956943281893,14482.699647829213,9602.089858333333,5941.806372824072,8307.247324388887,0.02226159999918309,0.0
2025-07-05,seasonal_q0.7,22959.491241951822,7134.122351139721,30093.613593091544,38959.94571971666,1292.163082583329,10,10713.408954166665,16281.388938333333,15532.769056866668,8307.247324388887,5701.865083481481,0.03629009999895061,0.0
2025-07-06,seasonal_q0.7,36284.449576108724,123713.70630436103,159998.15588046974,59635.31264168725,21458.500605471912,60,0.0,11376.980546934157,10077.148849775,5701.865083481481,4744.315520416668,0.04428189999998722,0.0
2025-07-07,seasonal_q0.7,55185.34079071462,2373.9160688086617,57559.25685952328,88022.30637340533,402.1621234166659,13,10316.988439588473,19763.620139650204,15065.622849083335,4744.315520416668,5791.992702675926,0.03283270000065386,1.31845840035252e-16
2025-07-08,seasonal_q0.7,55076.4756418037,156.56609604166692,55233.041737845364,87849.14996669753,23.253541666666706,1,7357.72864845679,22055.82211407408,17112.534270833334,5791.992702675926,6628.305637750003,0.02180640000005951,0.0
2025-07-09,seasonal_q0.7,53785.33908217277,37.066227658333034,53822.405309831105,84873.55596764403,5.498216666666622,1,6251.749149537036,20765.243830606996,16196.663812500003,6628.305637750003,7320.731960296297,0.019112899999527144,0.0
2025-07-10,seasonal_q0.7,54852.33659544126,151.72023330833417,55004.05682874959,86559.96949615277,22.47394583333346,2,10231.825365740746,19688.886997037036,16191.892304124995,7320.731960296297,7049.7388086018545,0.023104199999579578,0.0
2025-07-11,seasonal_q0.7,37750.65419793879,0.0,37750.65419793879,59708.78835401235,0.0,0,21645.526326512354,14563.19572249999,9018.710844999998,7049.7388086018545,10135.825131074076,0.01832050000120944,0.0
2025-07-12,seasonal_q0.7,25855.666060949865,0.0,25855.666060949865,42512.03795465833,0.0,0,11207.077653396605,15438.97900256173,15218.262034633335,10135.825131074076,7121.726194898152,0.02518650000092748,0.0
2025-07-13,seasonal_q0.7,40170.68112295539,44827.344223636544,84998.02534659194,64502.038748806575,6890.940819383328,23,212.08291666666662,16920.694587139915,15007.51833561667,7121.726194898152,5675.330950416667,0.022047100001145736,0.0
2025-07-14,seasonal_q0.7,52059.7756930935,0.0,52059.7756930935,82489.30267728394,0.0,0,5479.884315154325,20633.59677046296,15431.857624999997,5675.330950416667,7099.059571611113,0.01954979999936768,0.0
2025-07-15,seasonal_q0.7,53201.08061759261,0.0,53201.08061759261,83347.08398426954,0.0,0,6538.870312253088,19102.44979701646,15043.28670833333,7099.059571611113,7576.501379666669,0.019280200000139303,0.0
2025-07-16,seasonal_q0.7,52242.59029441496,173.32598656041495,52415.91628097537,82451.23597588477,25.65322083333308,1,7079.256555997937,18979.211965720166,15716.142708333331,7576.501379666669,7195.41136177778,0.019573299998228322,1.392725278968656e-16
2025-07-17,seasonal_q0.7,52205.17913263076,0.0,52205.17913263076,82034.6593518827,0.0,0,5445.467250442394,20784.97901394032,16916.20297916667,7195.41136177778,7106.111386361112,0.018977300000187824,1.3937233307251697e-16
2025-07-18,seasonal_q0.7,38429.42970358055,0.0,38429.42970358055,61654.010890709884,0.0,0,24824.167435072028,14115.359405637853,8559.764049999998,7106.111386361112,10299.085906990742,0.03143180000006396,0.0
2025-07-19,seasonal_q0.7,25715.167752670342,0.0,25715.167752670342,42101.186549541664,0.0,0,15177.124961666668,14916.62709583333,15175.384557958332,10299.085906990742,6862.511895509257,0.059702000000470434,0.0
2025-07-20,seasonal_q0.7,36952.001189641975,90301.386288223,127253.38747786498,57895.251148208336,14876.147593508333,41,38.125679166666714,8909.7810075,8266.486161616664,6862.511895509257,5696.330178240742,0.03746540000065579,1.9690293840494222e-16
2025-07-21,seasonal_q0.7,52407.01131136762,0.0,52407.01131136762,83131.76778936882,0.0,0,3466.6367807716115,22140.846013888877,16465.46435529166,5696.330178240742,7328.131195972223,0.019651999999041436,1.388355762352965e-16
2025-07-22,seasonal_q0.7,52600.82721148727,140.21144828124898,52741.038659768514,83038.75832501028,20.776829166666516,2,5661.238352582312,20117.766880761308,16514.614695833334,7328.131195972223,7084.54950439815,0.049346899999363814,1.383240150374377e-16
2025-07-23,seasonal_q0.7,52368.68870875827,0.0,52368.68870875827,82725.47826535854,0.0,0,4452.335291779838,21319.486911203698,17262.891054291664,7084.54950439815,7091.097664157408,0.026854899999307236,1.3893717397904935e-16
2025-07-24,seasonal_q0.7,53265.10531405857,0.0,53265.10531405857,83636.73725834364,0.0,0,5779.504018786026,19843.747481224265,15602.986241666664,7091.097664157408,7613.819017629631,0.023663699999815435,0.0
2025-07-25,seasonal_q0.7,38119.979942762584,0.0,38119.979942762584,61060.05781209876,0.0,0,29913.9060121502,13185.072933281888,8544.2407,7613.819017629631,9986.783879805558,0.02952700000059849,0.0
2025-07-26,seasonal_q0.7,25359.38380574102,0.0,25359.38380574102,41399.77814150833,0.0,0,12463.348205668726,16193.475350164605,15726.136980991667,9986.783879805558,7087.426160518522,0.06079230000068492,0.0
2025-07-27,seasonal_q0.7,37128.32192332284,92889.56083776063,130017.88276108346,59441.11885471192,15161.711666711315,38,7.422283333333439,11776.402477139913,10866.184039050002,7087.426160518522,5612.650568777777,0.020915199998853495,0.0
2025-07-28,seasonal_q0.7,53956.55968812536,0.0,53956.55968812536,85721.96706442129,0.0,0,2179.4126490123435,22995.47250061729,17407.795318541666,5612.650568777777,6966.581020953707,0.03033770000001823,0.0
2025-07-29,seasonal_q0.7,54765.63608786112,414.3572864020841,55179.993374263206,86451.99708462087,61.532150000000115,3,6364.035560072016,20471.67525109053,16391.427526541665,6966.581020953707,7178.391495222223,0.025860100000500097,0.0
2025-07-30,seasonal_q0.7,53927.88657830751,0.0,53927.88657830751,85245.33883687809,0.0,0,7136.258489871909,20321.46135117284,16315.635054166667,7178.391495222223,7339.22331775926,0.024943999998868094,0.0
2025-07-31,seasonal_q0.7,52778.79450268804,142.4963843333337,52921.29088702137,83497.87066050206,21.19693333333339,1,5452.453984711936,20827.533944290117,17455.916601833327,7339.22331775926,6688.540976694444,0.022886900000230526,0.0
2025-08-01,seasonal_q0.7,36909.871632747374,0.0,36909.871632747374,59492.029264475306,0.0,0,32795.22158419753,13777.620459444448,8332.172445833332,6688.540976694444,9830.430005935186,0.03592510000089533,0.0
2025-08-02,seasonal_q0.7,23945.72660511121,0.0,23945.72660511121,39652.39143049166,0.0,0,18493.246274002053,15633.506663497945,15401.38644034167,9830.430005935186,6787.934402703705,0.04208169999947131,0.0
2025-08-03,seasonal_q0.7,34903.37731700836,49908.64242357384,84812.0197405822,55666.889724567896,8670.415897108329,32,0.0,15397.148002901231,13899.322364558338,6787.934402703705,5201.6760891388885,0.026191999999355176,0.0
2025-08-04,seasonal_q0.7,50741.38433838728,10.763682395832394,50752.14802078311,80968.81725470164,1.5986458333331939,1,10173.16250429012,19884.87908624486,14503.280773333334,5201.6760891388885,6983.310851944446,0.023292899999432848,0.0
2025-08-05,seasonal_q0.7,49694.39409029945,63.91175782499937,49758.30584812445,78981.01002463991,9.487383333333241,1,10650.83473181069,18306.578151162554,15119.225208333333,6983.310851944446,6660.092067620371,0.024602800000138814,0.0
2025-08-06,seasonal_q0.7,49022.699718627264,24.480518788930578,49047.18023741619,78023.64824719135,3.928116041668522,2,6922.312998590547,18577.172248600815,15586.308150624998,6660.092067620371,6061.426923999999,0.021144799999092356,0.0
2025-08-07,seasonal_q0.7,50700.84689098505,310.01920104999965,51010.86609203505,80443.56373164609,45.950287499999945,3,12812.283248497948,19795.09315814814,15505.8476375,6061.426923999999,6648.2911691111085,0.027111699999295524,1.4350761496800834e-16
2025-08-08,seasonal_q0.7,33711.811132359,0.0,33711.811132359,53745.810955299996,0.0,0,32400.40603518518,14903.544434814816,9333.310764699998,6648.2911691111085,9691.135866333334,0.04717700000037439,0.0
2025-08-09,seasonal_q0.7,22681.65943496584,0.0,22681.65943496584,37829.173680299995,0.0,0,18789.632012397116,15791.43628926955,15673.823621366668,9691.135866333334,6488.068947379627,0.023054799999954412,0.0
2025-08-10,seasonal_q0.7,33433.88225818312,80143.16481265209,113577.04707083521,53244.10586235834,13351.191612499999,34,0.0,12291.129440833332,11000.451015974999,6488.068947379627,5327.362093046296,0.047650399999838555,0.0
2025-08-11,seasonal_q0.7,47396.102011371,449.41161920624904,47845.51363057725,75145.64526804526,66.65882499999987,4,5605.313413518519,20884.848833693417,15839.1114875,5327.362093046296,6524.713279481482,0.04301599999962491,1.5351383986045566e-16
2025-08-12,seasonal_q0.7,46501.392591934695,3979.880583249897,50481.27317518459,73573.87324770575,576.0695132499972,7,2976.9336316049344,18304.126416100822,14891.660936750002,6524.713279481482,6452.137124250001,0.021604899999147165,0.0
2025-08-13,seasonal_q0.7,48786.54875221231,202.4816586749981,48989.0304108873,76769.55515737654,29.537370833333057,2,6706.260648549382,18841.674554660494,14869.822124999999,6452.137124250001,6887.619640111109,0.023160599999755505,0.0
2025-08-14,seasonal_q0.7,46377.154459316516,548.0615741145835,46925.2160334311,73106.21159488683,80.15283750000003,5,3989.4406977160506,20033.401760504115,16762.769009166666,6887.619640111109,6292.382325490745,0.021261099998810096,0.0
2025-08-15,seasonal_q0.7,33806.02039176063,0.0,33806.02039176063,53973.74880419752,0.0,0,31237.13180827161,14720.133324259252,9143.243211666668,6292.382325490745,9381.343193250003,0.021849400000064634,0.0
2025-08-16,seasonal_q0.7,22893.557389804453,0.0,22893.557389804453,38462.493157741665,0.0,0,21081.517337700516,15853.23489337448,15401.53944,9381.343193250003,6536.432997287037,0.05970149999848218,0.0
2025-08-17,seasonal_q0.7,33443.72026318047,67613.61773192004,101057.3379951005,53041.167173316666,11979.367247458333,35,23.7730958333334,14982.02111833333,13150.653410058332,6536.432997287037,5408.414881499999,0.029995199998666067,0.0
2025-08-18,seasonal_q0.7,46917.50372413053,694.7891154020838,47612.292839532616,74121.49209374176,102.29118333333338,4,4546.36351849794,21361.03692549383,16077.732783583335,5408.414881499999,6769.20057712963,0.04396369999994931,0.0
2025-08-19,seasonal_q0.7,47593.68796773318,1088.2009463333322,48681.88891406651,74631.59468800412,161.29290416666652,3,7197.578441450616,17917.035479886836,14639.386379166666,6769.20057712963,6628.547643287037,0.01950110000143468,0.0
2025-08-20,seasonal_q0.7,46676.66336158602,11391.588294015197,58068.25165560121,73514.29078045268,1775.2028473333244,8,1173.3080481790148,19855.43815727366,16389.94364433334,6628.547643287037,6287.393491129629,0.0229416999991372,0.0
2025-08-21,seasonal_q0.7,49040.37381803555,62.38811441041635,49102.76193244597,77631.98360343621,9.250220833333287,1,7879.247265267483,18392.392188168727,14474.824112499999,6287.393491129629,6757.408557703705,0.0227216999992379,0.0
2025-08-22,seasonal_q0.7,33300.706762220536,0.0,33300.706762220536,53013.6183039,0.0,0,26655.416238076134,14601.411471923864,9473.778806100003,6757.408557703705,9372.25798676852,0.023080799999661394,0.0
2025-08-23,seasonal_q0.7,23469.11999167363,0.0,23469.11999167363,38927.95846440832,0.0,0,15862.084222551437,15779.12830244856,15243.26021059167,9372.25798676852,6636.517669425924,0.019410499999139574,0.0
2025-08-24,seasonal_q0.7,33787.7901848469,70507.34708705902,104295.13727190593,53545.48890668333,12292.547623874996,36,273.7337291666668,15684.373655000001,13853.66033694167,6636.517669425924,5359.498028990739,0.019992900000943337,0.0
2025-08-25,seasonal_q0.7,47322.982942931136,15294.561099401202,62617.54404233234,74263.20553338477,2241.9397976249957,5,1074.7331594650213,19731.148590586417,15073.823435708335,5359.498028990739,6368.839054175926,0.047036199999638484,0.0
2025-08-26,seasonal_q0.7,48595.2687255387,0.0,48595.2687255387,76619.96592712963,0.0,0,6777.094593199587,20224.56070059671,15910.507749999999,6368.839054175926,6892.601740268519,0.02442950000113342,1.4972563800968608e-16
2025-08-27,seasonal_q0.7,48685.13053913197,49.77366643541758,48734.904205567385,76688.52231128601,7.391179166666802,2,5278.755375781889,20298.93055633745,16795.921308333334,6892.601740268519,6499.504453935185,0.023455700000340585,1.494492781186071e-16
2025-08-28,seasonal_q0.7,48140.997541409786,371.7175237749998,48512.715065184784,75758.62420608025,55.15194166666663,3,1152.4664862242826,21071.47108235596,17177.956404166667,6499.504453935185,6377.2102012037085,0.023324399999182788,0.0
2025-08-29,seasonal_q0.7,34575.57432400948,0.0,34575.57432400948,54635.16971360081,0.0,0,26162.719092932093,15840.622545668717,9923.392274999998,6377.2102012037085,9607.779075638886,0.04039610000108951,0.0
2025-08-30,seasonal_q0.7,23483.18573721275,0.0,23483.18573721275,38917.81243775833,0.0,0,20457.805275226332,14909.561768106996,14962.274438908333,9607.779075638886,6401.635290370372,0.043617499999527354,0.0
2025-08-31,seasonal_q0.7,34681.96118800073,80469.87095300302,115151.83214100375,54775.05389828601,13628.986180847329,34,16.215549999999894,12492.931084166667,10751.729638366665,6401.635290370372,5698.90700126852,0.03561999999874388,0.0
2025-09-01,seasonal_q0.7,50032.16072979138,0.0,50032.16072979138,79190.63739476337,0.0,0,18116.071193508233,20369.528101255135,12869.096433333332,5698.90700126852,9732.486255361115,0.020494599999437924,0.0
2025-09-02,seasonal_q0.7,41708.15374690213,0.0,41708.15374690213,65177.045109588464,0.0,0,9353.401406378598,17127.198274043203,15361.310420833333,9732.486255361115,8078.842012185185,0.021945799999230076,0.0
2025-09-03,seasonal_q0.7,43595.018994184866,0.0,43595.018994184866,68810.48794563785,0.0,0,10166.378705606992,16460.0213608642,13363.629370833332,8078.842012185185,8044.3841582592595,0.021931399998720735,0.0
2025-09-04,seasonal_q0.7,44490.10474732111,0.0,44490.10474732111,70532.60920688271,0.0,0,13130.175987355971,18418.676857026745,14941.8091875,8044.3841582592595,8019.18312125,0.02205139999932726,0.0
2025-09-05,seasonal_q0.7,30501.10648278691,0.0,30501.10648278691,48726.117378375,0.0,0,36727.76842937243,14059.74784979424,8885.660567458333,8019.18312125,10800.0,0.08521740000105638,0.0
2025-09-06,seasonal_q0.7,19448.63299898375,0.0,19448.63299898375,32813.650141666665,0.0,0,24052.633743713992,16383.502943786007,15343.57024583333,10800.0,8496.74126514815,0.02039630000035686,0.0
2025-09-07,seasonal_q0.7,29589.016172574673,48126.78283400508,77715.79900657975,47353.18741803333,8119.271257041661,27,92.45840833333341,14024.271776666665,13605.25512659167,8496.74126514815,6001.635723490741,0.025369299999510986,0.0
2025-09-08,seasonal_q0.7,39133.975339165816,9405.076996971531,48539.05233613735,63668.45810028806,1387.2599102469126,5,2031.846080576137,19482.181096625507,15853.878700000003,6001.635723490741,5920.177932675925,0.026610300001266296,0.0
2025-09-09,seasonal_q0.7,41096.33497578537,15.868399416666733,41112.203375202036,66725.09525194444,2.352616666666677,1,9417.290321213988,20067.825476563783,15860.502195833335,5920.177932675925,6358.440643990739,0.022470500000054017,0.0
2025-09-10,seasonal_q0.7,39720.53002266638,13652.032881844043,53372.56290451043,63298.04586655093,2220.8569770416593,10,616.1154097119326,20025.995577047324,16439.206793166668,6358.440643990739,6116.051337592593,0.023867600000812672,0.0
2025-09-11,seasonal_q0.7,41860.47329319971,40.929105000000334,41901.402398199716,67563.7291279218,6.071666666666715,1,9930.98951083334,20106.384804588466,15963.659304166662,6116.051337592593,6474.398434870373,0.0341560999986541,0.0
2025-09-12,seasonal_q0.7,26941.18556783744,0.0,26941.18556783744,44446.887974979414,0.0,0,26888.606098693414,15529.811251285999,9523.185575,6474.398434870373,9869.91125547222,0.06371060000128637,0.0
2025-09-13,seasonal_q0.7,16602.310787015587,0.0,16602.310787015587,29640.34153424167,0.0,0,21847.208983106993,15814.956296893002,16028.925229091663,9869.91125547222,6293.455001462963,0.021249499999612453,0.0
2025-09-14,seasonal_q0.7,27257.187365173195,93938.29069235972,121195.47805753292,45337.7382255144,15874.280009858327,37,0.0,12205.019568014406,11092.32608264167,6293.455001462963,4953.165854185185,0.024012100000618375,0.0
2025-09-15,seasonal_q0.7,43467.13298721981,7.893606150000311,43475.02659336981,70820.9244034362,1.1717666666667128,1,10287.745543168716,22334.414881100827,16867.094887500003,4953.165854185185,6312.922705509258,0.02018099999986589,0.0
2025-09-16,seasonal_q0.7,39840.12035667844,55.3817476666671,39895.502104345105,63385.92681161522,8.238266666666732,1,370.42497242798186,20393.698244187242,16861.728121666667,6312.922705509258,5931.997656759258,0.021916499999861117,0.0
2025-09-17,seasonal_q0.7,43558.79540246965,34.70889375000024,43593.50429621965,70585.19681348765,7.62916666666672,1,6321.402087397125,20918.938121923864,16607.63262916667,5931.997656759258,6306.116822972222,0.02124510000066948,0.0
2025-09-18,seasonal_q0.7,41082.19306622962,658.528226897081,41740.721293126706,65930.73618155348,104.64704229166648,4,3376.8109159567875,20445.496761430033,16742.97557020833,6306.116822972222,6103.757719138887,0.02116099999875587,0.0
2025-09-19,seasonal_q0.7,28163.851281177005,0.0,28163.851281177005,46717.81489497942,0.0,0,23686.190882078186,16631.4093420679,9701.137645833334,6103.757719138887,10292.984298296295,0.044654700001046876,0.0
2025-09-20,seasonal_q0.7,16986.7629897114,0.0,16986.7629897114,29909.812044033333,0.0,0,14645.425278323053,16472.09973251028,16853.14670013333,10292.984298296295,6392.155501851851,0.027123300000312156,0.0
2025-09-21,seasonal_q0.7,28795.366365093607,73449.22970465106,102244.59606974467,47848.532412037035,12359.601018683337,31,0.0,14705.4897387037,12784.843791316664,6392.155501851851,5421.714276333333,0.04057710000051884,0.0
2025-09-22,seasonal_q0.7,41666.36089661006,129.61628253750078,41795.97717914756,67032.38506508229,19.23360833333345,2,1679.2001268827185,21908.965071532915,17150.566408333332,5421.714276333333,6083.597942564815,0.024036599999817554,0.0
2025-09-23,seasonal_q0.7,43097.07551602683,114.08420986722692,43211.15972589406,69452.38227625513,21.610324124995053,2,3019.8638171296325,21819.61121745884,17482.09801754167,6083.597942564815,6296.694685453705,0.03474300000016228,0.0
2025-09-24,seasonal_q0.7,44204.907093446694,0.0,44204.907093446694,70481.9113210185,0.0,0,5288.729684137576,20545.205561829498,16415.249024948564,6296.694685453705,6548.214107824076,0.027577799999562558,0.0
2025-09-25,seasonal_q0.7,43262.43833545397,103.49743166666669,43365.93576712064,69151.1940721502,15.37166666666667,1,5470.463779002063,19311.098305648142,15950.44524583333,6548.214107824076,6205.485643092595,0.019751200001337565,0.0
2025-09-26,seasonal_q0.7,29112.037734328052,0.0,29112.037734328052,48294.56598712962,0.0,0,23774.444730915646,16877.49786871398,10051.620112499999,6205.485643092595,10226.766933268516,0.04100450000078126,0.0
2025-09-27,seasonal_q0.7,17180.97281131922,161.37565074932834,17342.34846206855,30336.408245891664,23.13297745833262,1,13488.355638837442,16109.779171995886,17039.89583748333,10226.766933268516,5792.3505908611105,0.02149680000002263,0.0
2025-09-28,seasonal_q0.7,29414.855614760494,98211.35904961848,127626.21466437897,48561.87886378601,16689.596103641663,43,0.0,12518.179263786005,10754.333463025,5792.3505908611105,5109.452524907406,0.041746500000954256,1.2367828197892496e-16
2025-09-29,seasonal_q0.7,45100.670937172545,134.73625666666706,45235.407193839215,72854.31289136832,26.015016666666725,2,4877.1355766255165,22354.264035576132,17110.963304166668,5109.452524907406,6216.108707851852,0.020530200001303456,0.0
2025-09-30,seasonal_q0.7,45377.70312553846,212.2294349750009,45589.93256051346,72199.34210470165,31.411150000000134,1,2366.2931273045283,21999.15349823045,17556.8681375,6216.108707851852,6507.715592370374,0.02614990000074613,0.0
2025-10-01,seasonal_q0.7,45779.43796064634,0.0,45779.43796064634,72952.05419278805,0.0,0,18330.88892997942,18203.05498364197,13243.411254166664,6507.715592370374,8175.563684129632,0.021229599999060156,0.0
2025-10-02,seasonal_q0.7,39332.52256395272,0.0,39332.52256395272,62766.7177279218,0.0,0,7833.3000761214025,19211.181397633736,16008.5468625,8175.563684129632,7678.352650333336,0.025840700000117067,0.0
2025-10-03,seasonal_q0.7,26538.00986889382,0.0,26538.00986889382,44787.62726123456,0.0,0,31259.93789324073,15268.700280493827,9558.1646125,7678.352650333336,10800.0,0.038599100000283215,0.0
2025-10-04,seasonal_q0.7,16326.212183657248,0.0,16326.212183657248,29325.0458525,0.0,0,16131.579010771611,16229.61205756172,16132.127649166669,10800.0,7482.064574953702,0.02704690000064147,0.0
2025-10-05,seasonal_q0.7,27616.208791268393,56333.75598905672,83949.96478032511,46467.75256744855,9834.28724101667,29,0.0,16753.682570781893,15187.60382898333,7482.064574953702,5685.263523120369,0.022427199999583536,0.0
2025-10-06,seasonal_q0.7,42738.300092864265,0.0,42738.300092864265,69215.9991376852,0.0,0,6127.173310462969,20891.045327222222,15535.32875,5685.263523120369,7225.7279287314805,0.02463790000001609,0.0
2025-10-07,seasonal_q0.7,43725.04297716996,0.0,43725.04297716996,70098.5862632716,0.0,0,8342.811976563788,19685.46997837448,15701.258691666668,7225.7279287314805,7496.807918527777,0.018496300001061172,0.0
2025-10-08,seasonal_q0.7,38003.9181897158,0.0,38003.9181897158,61685.62780053499,0.0,0,2352.5910940534986,19869.42616898148,17014.88512916667,7496.807918527777,6473.863549314815,0.021610300000247662,0.0
2025-10-09,seasonal_q0.7,38519.905550246986,179.74419835570248,38699.649748602686,62957.347022705755,30.09088120833237,2,3500.856728240742,20685.362977798355,16958.763485458338,6473.863549314815,6247.619689935184,0.02126240000143298,0.0
2025-10-10,seasonal_q0.7,26186.771292108533,0.0,26186.771292108533,45192.76563196503,0.0,0,29140.69040830248,17019.31984699588,10310.85554,6247.619689935184,10108.501396675927,0.043089599999802886,0.0
2025-10-11,seasonal_q0.7,15570.681880258806,0.0,15570.681880258806,29189.411982991667,0.0,0,15413.145836851858,15691.078632314806,16021.126069508331,10108.501396675927,6429.220977416672,0.05518339999980526,0.0
2025-10-12,seasonal_q0.7,26669.22584019778,84101.83766505317,110771.06350525096,46007.45047484567,14166.244822383329,35,0.0,15103.357588179006,13444.618274283335,6429.220977416672,5083.7780575740735,0.050607099999979255,0.0
2025-10-13,seasonal_q0.7,41854.71167665305,0.0,41854.71167665305,68787.36000449589,0.0,0,6284.689609804529,22222.102407191356,16746.827312499998,5083.7780575740735,6476.0843212685195,0.021890199999688775,0.0
2025-10-14,seasonal_q0.7,40927.41819504032,0.0,40927.41819504032,66478.29667753086,0.0,0,1792.8882678600808,21178.386343004116,17266.807216666668,6476.0843212685195,6351.290678120369,0.023289400000066962,0.0
2025-10-15,seasonal_q0.7,41600.37709235949,0.0,41600.37709235949,67661.81110596708,0.0,0,1653.2577810082398,20981.986262458842,16893.4565875,6351.290678120369,6464.570994888891,0.02005739999913203,0.0
2025-10-16,seasonal_q0.7,41812.565536476926,5754.64992532888,47567.215461805805,67962.91086331275,828.1488777083372,2,1894.5586193929976,21493.427923086423,17563.399751458324,6464.570994888891,6293.767512935186,0.021991799998431816,0.0
2025-10-17,seasonal_q0.7,27916.045063603433,0.0,27916.045063603433,47984.3349719753,0.0,0,25490.147699598765,17041.036030709874,10551.048074999999,6293.767512935186,9907.313190574076,0.025094399999943562,0.0
2025-10-18,seasonal_q0.7,15867.706564727752,0.0,15867.706564727752,29560.15569348333,0.0,0,13423.017637139917,15543.762512026748,15483.217722349998,9907.313190574076,6693.12420434259,0.025225400000636,0.0
2025-10-19,seasonal_q0.7,27040.55095131085,110396.59309785944,137437.14404917028,46495.19158960905,18885.067782216665,46,0.0,13956.840662942392,12462.30382445,6693.12420434259,5407.276551601853,0.035143900000548456,0.0
2025-10-20,seasonal_q0.7,43694.660342166906,2946.283715992714,46640.94405815962,70935.48142842592,612.4078010416678,6,2042.5425012962942,22598.168374629626,17533.604013124997,5407.276551601853,6263.845851962964,0.029012900000452646,0.0
2025-10-21,seasonal_q0.7,44530.11969247769,0.0,44530.11969247769,72149.10433761316,0.0,0,1255.5859151131665,22146.391164166664,17715.454091666666,6263.845851962964,6511.760020083335,0.026716499998656218,0.0
2025-10-22,seasonal_q0.7,45190.76883243904,1831.2006218224633,47021.9694542615,73664.79246804526,375.33307758333444,4,4599.079917860084,21842.97974601851,17956.830818249997,6511.760020083335,6218.407548999997,0.018272999999680906,0.0
2025-10-23,seasonal_q0.7,45910.9309277302,0.0,45910.9309277302,74098.36562952674,0.0,0,6388.917205030866,21569.95339532922,17240.00200416667,6218.407548999997,6475.807822388888,0.02610379999896395,0.0
2025-10-24,seasonal_q0.7,28144.76567859676,0.0,28144.76567859676,48792.41491176954,0.0,0,24013.000202160492,17788.399897109048,11429.035904166667,6475.807822388888,9786.438947379627,0.03185529999973369,0.0
2025-10-25,seasonal_q0.7,16457.526014248073,0.0,16457.526014248073,30559.857386525004,0.0,0,11462.303186574076,15404.606414259255,15705.484947641664,9786.438947379627,6200.045889500003,0.01956100000097649,0.0
2025-10-26,seasonal_q0.7,29483.830422094794,93926.7303620139,123410.56078410869,50885.63820472222,15800.170914224998,38,0.0,15478.553429722218,13337.056327441665,6200.045889500003,5311.792501314815,0.040111100001013256,0.0
2025-10-27,seasonal_q0.7,46186.632341188684,742.2186110873587,46928.85095227604,75065.8942366358,109.8297904583369,2,6661.653238508228,22222.708214794235,17261.219092874995,5311.792501314815,6133.097569212963,0.05367430000114837,0.0
2025-10-28,seasonal_q0.7,46341.18222675146,0.0,46341.18222675146,74906.5155232819,0.0,0,4462.763611399187,22002.980603549375,17531.650391666666,6133.097569212963,6456.1685661111105,0.026407000001199776,0.0
2025-10-29,seasonal_q0.7,46547.854059418314,0.0,46547.854059418314,74960.80508611111,0.0,0,1657.2328829732492,22313.913394804527,18322.59799166667,6456.1685661111105,6180.248408472222,0.027979599999525817,0.0
2025-10-30,seasonal_q0.7,47372.082486693485,0.0,47372.082486693485,76383.69050625307,0.0,0,7431.5036864711965,20901.56119578189,16737.192026,6180.248408472222,6394.773455787038,0.025993100000050617,0.0
2025-10-31,seasonal_q0.7,29646.394486857418,0.0,29646.394486857418,51023.8822830144,0.0,0,20556.745821954733,17586.847148559667,11024.002754166664,6394.773455787038,9974.043940416663,0.03815530000065337,0.0
2025-11-01,seasonal_q0.7,16927.17226933201,0.0,16927.17226933201,31062.370823625002,0.0,0,8454.100146388892,15770.946086111106,15706.71384220833,9974.043940416663,6715.9911487963,0.053270899999915855,0.0
2025-11-02,seasonal_q0.7,30149.21843094379,106504.30652467231,136653.5249556161,52493.499444403285,18003.030255572736,41,0.0,15367.358428251024,13667.212661608335,6715.9911487963,5360.821887990739,0.024836500000674278,0.0
2025-11-03,seasonal_q0.7,47970.00276083758,0.0,47970.00276083758,77229.18999594083,0.0,0,2266.1190169032902,22923.298344495885,17465.157648791668,5360.821887990739,6586.059677157406,0.027667399999700137,0.0
2025-11-04,seasonal_q0.7,48200.29812932965,481.5201628837474,48681.81829221339,77625.59831131122,80.00829104166633,3,6553.092906316875,20971.296860452672,17398.85519775,6586.059677157406,6128.165520731481,0.02622009999868169,0.0
2025-11-05,seasonal_q0.7,49340.89724140374,0.0,49340.89724140374,78929.3402744789,0.0,0,4580.86487946502,21731.117645555554,17060.662317208335,6128.165520731481,6729.879938166667,0.024348400000235415,0.0
2025-11-06,seasonal_q0.7,47884.42716662373,3699.702225166638,51584.12939179037,76883.3106002176,760.4399999999939,6,2475.563957561735,22359.299589197522,18560.697496541667,6729.879938166667,6230.252350064816,0.023920200001157355,0.0
2025-11-07,seasonal_q0.7,33323.295632828405,0.0,33323.295632828405,57694.962849115225,0.0,0,27484.233253271603,17852.05791667695,10959.790104166663,6230.252350064816,10119.559914888892,0.041289400000096066,0.0
2025-11-08,seasonal_q0.7,17255.530071631714,0.0,17255.530071631714,31847.170498266663,0.0,0,8393.329043940328,15287.006084393004,15624.371730066669,10119.559914888892,6517.452357435189,0.04382619999887538,0.0
2025-11-09,seasonal_q0.7,32170.99413158691,106061.13389850849,138232.1280300954,55811.484686306576,17656.70640690154,42,2.2540166666667574,16694.79252451646,14575.672631308333,6517.452357435189,5347.573816935186,0.026291599999240134,0.0
2025-11-10,seasonal_q0.7,50762.09198708902,0.0,50762.09198708902,81622.99741249692,0.0,0,2475.0418954732477,23736.379933107,18446.86751608333,5347.573816935186,6213.7962944166675,0.030124299999442883,0.0
2025-11-11,seasonal_q0.7,51009.45668317238,0.0,51009.45668317238,81145.31379513991,0.0,0,5232.442445020577,21653.916252119336,17300.06456866666,6213.7962944166675,6480.0269561388905,0.04551469999933033,0.0
2025-11-12,seasonal_q0.7,50590.762581292416,0.0,50590.762581292416,80591.64380707458,0.0,0,5609.386456358024,21756.843542674895,17730.573941958333,6480.0269561388905,6360.54843125926,0.026501399999688147,0.0
2025-11-13,seasonal_q0.7,51176.224166697226,0.0,51176.224166697226,81176.37527772633,0.0,0,4842.66629855967,20663.074283333328,16725.236620833337,6360.54843125926,6373.719040888887,0.024829200001477147,0.0
2025-11-14,seasonal_q0.7,33267.488147891876,0.0,33267.488147891876,57335.38862173868,0.0,0,23181.043241183124,16908.64058888889,10352.75050833333,6373.719040888887,10088.439450518526,0.022551500000190572,0.0
2025-11-15,seasonal_q0.7,17504.59076025374,0.0,17504.59076025374,32015.732085366657,0.0,0,4061.351503940332,16305.368482726335,16562.874817966673,10088.439450518526,6360.07684278704,0.037312299999030074,0.0
2025-11-16,seasonal_q0.7,34471.872019663875,104168.09285674605,138639.9648764099,59367.546773539085,17288.037936525,41,0.0,17296.92304437242,15075.882717641663,6360.07684278704,5176.326785342594,0.02119970000057947,0.0
2025-11-17,seasonal_q0.7,53761.392408535496,0.0,53761.392408535496,85507.87981647119,0.0,0,7146.057599609042,23010.723908528813,17344.656025,5176.326785342594,6614.138275240742,0.02007439999943017,0.0
2025-11-18,seasonal_q0.7,51418.620393297744,0.0,51418.620393297744,81464.21446187243,0.0,0,2688.9491937139837,21578.71198565844,17693.99855083333,6614.138275240742,6374.980672518521,0.02794510000057926,0.0
2025-11-19,seasonal_q0.7,52086.06506730332,6.301057500000477,52092.366124803324,82579.50327960905,1.3850000000001046,1,2972.434824506173,23011.730385936207,18771.58853083333,6374.980672518521,6228.2174300463,0.02024170000004233,0.0
2025-11-20,seasonal_q0.7,52774.95594957638,0.0,52774.95594957638,83696.00712422837,0.0,0,4366.1197031687225,22340.426929392997,17803.615541666666,6228.2174300463,6552.806620203706,0.03620299999965937,0.0
2025-11-21,seasonal_q0.7,35011.90610319277,0.0,35011.90610319277,60310.114663055545,0.0,0,24797.39827924897,17224.92389630658,10576.591579166667,6552.806620203706,10303.469705583333,0.020365500000480097,0.0
2025-11-22,seasonal_q0.7,18122.71346895391,0.0,18122.71346895391,33248.01843655833,0.0,0,3583.156454403298,15748.2754955967,16303.242996774998,10303.469705583333,6362.203210759261,0.020641299999624607,0.0
2025-11-23,seasonal_q0.7,35944.39088997168,96712.05699274517,132656.44788271684,61581.72166977366,16233.346708708328,37,0.0,18129.615655606995,15546.643560458337,6362.203210759261,5404.808900296296,0.020189599999866914,0.0
2025-11-24,seasonal_q0.7,53311.51377023195,88.24499866666649,53399.75876889862,84723.36396900206,18.83966666666663,1,5770.951850668731,22209.246399999996,17399.938315,5404.808900296296,6059.865865851856,0.018695700000534998,0.0
2025-11-25,seasonal_q0.7,53220.26356723273,0.0,53220.26356723273,84570.35531494855,0.0,0,3549.3989681584435,23490.77010512344,18638.474224999998,6059.865865851856,6492.143154907408,0.029499700000087614,0.0
2025-11-26,seasonal_q0.7,54121.89479607809,154.53999266666654,54276.43478874476,85493.51995504115,32.99316666666664,1,4266.508333364194,22775.030009176957,18272.69210416667,6492.143154907408,6686.678936314812,0.01962939999975788,0.0
2025-11-27,seasonal_q0.7,53909.043568203735,0.0,53909.043568203735,85184.89153798352,0.0,0,5235.500879320984,22444.332321162554,18275.83439583333,6686.678936314812,6580.095363324074,0.02186499999879743,0.0
2025-11-28,seasonal_q0.7,35663.50861951378,0.0,35663.50861951378,61271.1377239609,0.0,0,24027.80564234567,17356.57061911523,11034.477087499998,6580.095363324074,9940.47882330556,0.019965100000263192,0.0
2025-11-29,seasonal_q0.7,19222.414462305263,0.0,19222.414462305263,35359.24537755143,0.0,0,737.6677770679039,14781.451374650202,15089.323874166665,9940.47882330556,6477.86964475,0.02001869999912742,0.0
2025-11-30,seasonal_q0.7,37650.71035664364,109478.58725346392,147129.29761010758,64445.56424206789,18186.632602825,42,0.0,17967.559285401232,15580.190557174994,6477.86964475,5337.350160305555,0.020012900000438094,0.0
2025-12-01,seasonal_q0.7,55708.745965016344,20889.43895225433,76598.18491727067,88360.43838049381,4214.417694324998,15,637.3256541666668,25743.65441132716,20105.051724008335,5337.350160305555,6167.692770490741,0.01976450000074692,0.0
2025-12-02,seasonal_q0.7,58466.26440081184,9592.84718275423,68059.11158356606,91708.81507612139,1777.2033806750007,13,159.11958333333348,24669.448292788064,19980.359369325004,6167.692770490741,6169.79693475,0.02293899999858695,0.0
2025-12-03,seasonal_q0.7,59994.5357124853,0.0,59994.5357124853,93738.89716063785,0.0,0,1550.9843678395068,24961.84960779835,19936.685381666666,6169.79693475,6483.588935472222,0.023129700000936282,0.0
2025-12-04,seasonal_q0.7,58922.85409138192,8469.512717914424,67392.36680929635,92454.50852719136,1695.3614628333376,10,2819.5862551234554,24814.098922067904,20255.023937166665,6483.588935472222,6310.695812925926,0.017947000000276603,0.0
2025-12-05,seasonal_q0.7,41274.56984546341,0.0,41274.56984546341,69709.89634820988,0.0,0,21535.164242870364,17911.283463672837,11048.179041666666,6310.695812925926,10155.096439490742,0.019859800000631367,0.0
2025-12-06,seasonal_q0.7,23564.110946608704,1341.7513915412296,24905.862338149935,44372.53698124485,276.9845412499959,4,1277.666869341559,17239.279258569957,17532.055422083336,10155.096439490742,6190.3861921111165,0.01996090000102413,0.0
2025-12-07,seasonal_q0.7,43497.55605994759,103515.86282195148,147013.41888189907,73316.50867358383,17371.842487692702,42,10.211058333333312,20358.6935740432,17333.2347211,6190.3861921111165,5254.060718638889,0.01933129999997618,0.0
2025-12-08,seasonal_q0.7,64028.86896216303,0.0,64028.86896216303,99826.39964987653,0.0,0,6045.948230668719,24688.32764420782,18755.087341666665,5254.060718638889,6634.569663240741,0.02254709999942861,0.0
2025-12-09,seasonal_q0.7,64139.22692953638,29.648883197917378,64168.875812734295,99441.8580372325,5.104395833333456,1,7750.341938899169,23733.620723333333,19425.454495833335,6634.569663240741,6410.989985537034,0.016848299999765004,0.0
2025-12-10,seasonal_q0.7,63566.474904648334,0.0,63566.474904648334,98748.58290634773,0.0,0,5828.769480102876,23236.445072911527,18704.250113333335,6410.989985537034,6541.29042523148,0.01552819999960775,0.0
2025-12-11,seasonal_q0.7,63663.56003877138,0.0,63663.56003877138,98913.8570226646,0.0,0,8411.868249907398,23093.087193590538,18552.353120833333,6541.29042523148,6711.34320964815,0.019296200000098906,1.1428763345550164e-16
2025-12-12,seasonal_q0.7,44383.55932775093,0.0,44383.55932775093,74207.08258234258,0.0,0,24368.74823167696,16052.956664248963,9929.035796916667,6711.34320964815,10126.742210898154,0.01965100000052189,0.0
2025-12-13,seasonal_q0.7,26908.400272339615,0.0,26908.400272339615,50116.48806110081,0.0,0,6559.620912407406,15432.240429526737,15673.906664166667,10126.742210898154,6600.306748398146,0.019988399999419926,0.0
2025-12-14,seasonal_q0.7,45855.06132481832,90400.20979778538,136255.2711226037,76406.37813174896,15102.797246958331,37,2.104750000000081,20304.459023415635,17576.11019470833,6600.306748398146,5345.308542018518,0.012705600000117556,1.5867294479541847e-16
2025-12-15,seasonal_q0.7,64567.89870684459,1.3457568437507819,64569.244463688345,100732.99056497941,0.2316875000001346,1,5314.412752417695,25434.577537561727,19485.326004166673,5345.308542018518,6586.066098972221,0.034425699999701465,0.0
2025-12-16,seasonal_q0.7,64257.51944208618,0.0,64257.51944208618,99534.12283391976,0.0,0,5817.363843775719,23451.9398568107,19153.2722,6586.066098972221,6411.398414546298,0.018505100000766106,0.0
2025-12-17,seasonal_q0.7,64276.20536064351,0.0,64276.20536064351,99985.22986458847,0.0,0,7133.541775462948,23518.14226412552,18858.301241666668,6411.398414546298,6624.058405962965,0.02057050000075833,0.0
2025-12-18,seasonal_q0.7,62818.10615358686,0.0,62818.10615358686,97812.61235066871,0.0,0,5928.458073971192,24247.032526697527,19729.145216666668,6624.058405962965,6525.115217027778,0.020569599999362254,0.0
2025-12-19,seasonal_q0.7,45520.65561212705,0.0,45520.65561212705,76020.34839741769,0.0,0,27080.740062016463,15714.671339567896,9683.454304166666,6525.115217027778,9908.925751342591,0.023828200000934885,0.0
2025-12-20,seasonal_q0.7,26786.33101281737,0.0,26786.33101281737,49792.96046875514,0.0,0,6883.208089279827,16068.187970308645,16014.787840833334,9908.925751342591,6576.08621258333,0.01989820000017062,0.0
2025-12-21,seasonal_q0.7,45689.93218015089,93099.26261447028,138789.19479462117,76235.5156337963,15533.912533225,37,18.062041666666687,19699.411873796296,16985.827615108326,6576.08621258333,5432.415104435186,0.012722400000711787,0.0
2025-12-22,seasonal_q0.7,64949.05442766819,0.0,64949.05442766819,101321.42842427983,0.0,0,6936.98776808642,24804.30364369341,19357.290070833333,5432.415104435186,6248.1883050555525,0.023121999998693354,0.0
2025-12-23,seasonal_q0.7,64517.15513518416,0.0,64517.15513518416,100226.63055239711,0.0,0,8148.491191543211,23486.62471918724,18666.577891666664,6248.1883050555525,6645.508450472224,0.03551590000097349,0.0
2025-12-24,seasonal_q0.7,62983.43384212075,0.0,62983.43384212075,98164.60720161522,0.0,0,6062.865958724271,23795.038309557618,19547.856383333332,6645.508450472224,6341.202503148151,0.022236599999814644,0.0
2025-12-25,seasonal_q0.7,63436.95139054324,0.0,63436.95139054324,98373.0154515535,0.0,0,5995.393245545267,23380.133518508228,18814.959845833335,6341.202503148151,6477.811729990742,0.01792139999997744,0.0
2025-12-26,seasonal_q0.7,45162.293423007824,0.0,45162.293423007824,75624.26487614196,0.0,0,25781.931396090527,17006.405346718104,10171.6943,6477.811729990742,10481.693986481481,0.012761999998474494,0.0
2025-12-27,seasonal_q0.7,26059.925941565176,0.0,26059.925941565176,48431.9038758642,0.0,0,5865.403071810701,14803.431244053496,15575.739506666665,10481.693986481481,6498.404876499996,0.019601699999839184,0.0
2025-12-28,seasonal_q0.7,45609.59376998608,81433.68955221506,127043.28332220114,76172.6666918004,13655.143185166675,36,9.450954166666634,20642.43937930041,17633.33520649999,6498.404876499996,5484.0056439814825,0.01319839999996475,0.0
2025-12-29,seasonal_q0.7,63619.32557480338,0.0,63619.32557480338,99316.4931789609,0.0,0,6455.182696604941,23914.461295689296,18576.91708,5484.0056439814825,6366.001832324074,0.02440779999960796,0.0
2025-12-30,seasonal_q0.7,62246.37902988795,190.63325959791626,62437.012289485865,97318.74850523661,32.705245833333265,2,6406.7904556893,23888.23284538066,19167.97215,6366.001832324074,6567.664559833332,0.029438300000037998,0.0
2025-12-31,seasonal_q0.7,61701.539491930474,0.0,61701.539491930474,96037.43571717077,0.0,0,3144.1990855658473,24011.0129832716,19764.199284999995,6567.664559833332,6217.354817000001,0.02065530000072613,0.0
2025-02-01,ridge_q0.7,22372.694293931898,0.0,22372.694293931898,42195.52520883065,0.0,0,7454.099430346772,15136.33612669653,14773.08628154598,9902.811287870369,7110.973489068381,0.023896400000012363,0.0
2025-02-02,ridge_q0.7,59004.70473464223,0.0,59004.70473464223,92802.1927747523,0.0,0,10296.824236434295,21323.62979082336,17174.539202505348,7110.973489068381,7219.418964692354,0.020153499999651103,0.0
2025-02-03,ridge_q0.7,56981.89275465289,0.0,56981.89275465289,89968.90396514407,0.0,0,5891.856988686584,21802.639771297167,17942.50929483967,7219.418964692354,6905.67332014906,0.020849800001087715,0.0
2025-02-04,ridge_q0.7,56883.057424927945,0.0,56883.057424927945,90170.8113300443,0.0,0,4239.094372060581,23957.71438962844,19220.86138164471,6905.67332014906,7111.103624542752,0.022168299999975716,0.0
2025-02-05,ridge_q0.7,51968.24164050874,7137.875872802924,59106.11751331166,83293.51029012937,1158.66381064197,9,317.9968170484166,22928.85896462429,19543.108664234693,7111.103624542752,6032.511510221633,0.024505999999746564,0.0
2025-02-06,ridge_q0.7,54194.605700556654,326.73357686501834,54521.33927742167,86532.55738619893,56.458860649377584,3,1786.3993822410155,23848.994908354176,19317.435260413553,6032.511510221633,6032.7899717253395,0.018984999998792773,0.0
2025-02-07,ridge_q0.7,20204.81822237443,2123.7999700085315,22328.61819238296,39409.13907836766,438.1470172782012,5,4479.252427415003,20119.938337615386,16557.584336051197,6032.7899717253395,5743.41854663342,0.03105440000035742,0.0
2025-02-08,ridge_q0.7,17938.875806781674,6916.445151547732,24855.32095832941,35113.06642253031,1248.519144635306,8,1038.0762494880573,19285.399818077465,15539.053217066576,5743.41854663342,5834.663697273614,0.029997300000104588,0.0
2025-02-09,ridge_q0.7,50735.29319425845,13684.61568051556,64419.90887477401,81944.8055599294,2231.6748775977308,15,114.90367798019827,23444.376450615026,18938.21565773475,5834.663697273614,5892.140660899635,0.02539930000057211,0.0
2025-02-10,ridge_q0.7,51239.10084140643,1735.4988481368366,52974.59968954326,82435.01188177048,304.8928878588591,9,4381.198954263502,22034.075369050413,18002.007137017903,5892.140660899635,5720.57834080289,0.021055500001239125,0.0
2025-02-11,ridge_q0.7,49893.92475060087,3990.9470237232517,53884.87177432412,80845.50711831497,635.8897223092578,8,1590.5778065813088,23507.728585091096,18837.50668438152,5720.57834080289,5946.971084738748,0.01923270000042976,0.0
2025-02-12,ridge_q0.7,51114.413426938474,2155.7677646335733,53270.18119157205,82350.26998671675,332.59807749399494,6,3018.7432096977523,22688.772934622586,18291.38421344292,5946.971084738748,6043.1064887402745,0.025348399998620152,0.0
2025-02-13,ridge_q0.7,50758.56436645545,191.82314303083723,50950.38750948629,81688.9944000513,35.84520856351637,2,6335.64379999796,20755.224229321124,16695.50743737093,6043.1064887402745,6172.2444758282545,0.024735900000450783,0.0
2025-02-14,ridge_q0.7,18120.687669504634,3145.7460020380177,21266.43367154265,34747.063132439405,576.2588308613257,6,2351.4877467432198,18298.810057959297,15128.77765806845,6172.2444758282545,5831.4205745822355,0.025781400001505972,0.0
2025-02-15,ridge_q0.7,18332.665486205384,1011.4979971845769,19344.16348338996,35370.743539783674,211.23606074005238,8,2778.6534695895816,18637.174342386064,15113.939311451917,5831.4205745822355,5811.611581116455,0.05026919999909296,0.0
2025-02-16,ridge_q0.7,49192.71517455547,5737.807535861602,54930.52271041708,79825.96003876418,998.6343871090185,8,612.8432818822664,23647.636623716477,18813.264579725528,5811.611581116455,6190.857231655136,0.019835400000374648,0.0
2025-02-17,ridge_q0.7,48368.23309422853,387.1068338700578,48755.33992809859,78635.56366919226,60.28908793826827,2,3456.6317446322314,21840.77753450144,17785.419688669812,6190.857231655136,6085.97958085109,0.018678899999940768,0.0
2025-02-18,ridge_q0.7,48198.56663001883,191.92468655071676,48390.49131656955,78409.26929574163,41.9567641369307,2,1805.4529035027704,22993.224390554948,18438.839017512488,6085.97958085109,6292.282624003333,0.019538700000339304,0.0
2025-02-19,ridge_q0.7,48368.840004339705,2431.660408105791,50800.50041244549,78524.00897960986,465.59460781566463,8,1891.798689057297,23581.053910934617,19362.57639589972,6292.282624003333,6001.257370622575,0.030223599998862483,0.0
2025-02-20,ridge_q0.7,48408.68133215792,184.63164204524003,48593.31297420316,78775.44718127277,39.417515381135786,1,2907.7255335818754,23086.390119822456,18172.384690083756,6001.257370622575,6587.469933925273,0.02087750000100641,0.0
2025-02-21,ridge_q0.7,17990.95097649395,152.12257443520255,18143.07355092915,34338.08049809749,27.788040696459028,2,5771.7817641836145,17690.949940583254,14657.12519930625,6587.469933925273,6223.630214554371,0.047957999999198364,0.0
2025-02-22,ridge_q0.7,18303.913496681744,0.0,18303.913496681744,35107.29788533956,0.0,0,3628.1189741116696,17894.31138193932,14259.895354044762,6223.630214554371,6484.182287138909,0.04623589999937394,0.0
2025-02-23,ridge_q0.7,47930.06838510172,0.0,47930.06838510172,77820.7560209839,0.0,0,1869.455923435598,22950.38300205688,18530.936587841912,6484.182287138909,6549.59744694353,0.020220399999743677,0.0
2025-02-24,ridge_q0.7,46606.69412055764,262.6410192904088,46869.335139848044,75927.07235098517,57.777564696927584,2,3943.7078424826614,21494.526083813515,17656.417627280745,6549.59744694353,6276.429114285976,0.022971100001086597,0.0
2025-02-25,ridge_q0.7,46783.953028390046,195.44357713964249,46979.39660552969,76328.02379130991,44.23487730851309,3,6493.723062720469,20935.38066064656,16878.168288081924,6276.429114285976,6364.751388776852,0.02732339999965916,0.0
2025-02-26,ridge_q0.7,46521.983166279286,778.375197879059,47300.35836415835,75843.10194147256,111.57901345743392,1,2845.376916728606,21967.707780517463,17673.251775649413,6364.751388776852,6498.741973854325,0.017804200000682613,0.0
2025-02-27,ridge_q0.7,45700.87301175075,2598.9733959593264,48299.84640771008,74654.2737323393,535.3889959953993,5,3769.2096092679512,23055.703211711014,18591.83429264427,6498.741973854325,6591.28120590061,0.022406399999454152,0.0
2025-02-28,ridge_q0.7,17467.5311051385,0.0,17467.5311051385,33569.79586546641,0.0,0,7286.208905508778,17129.5915174658,14138.598107508162,6591.28120590061,6298.360118832994,0.03035989999989397,0.0
2025-03-01,ridge_q0.7,17956.483819848727,0.0,17956.483819848727,34523.08353255157,0.0,0,7403.528570395389,16649.258628236952,13188.469599414098,6298.360118832994,6628.837773786142,0.03950690000056056,0.0
2025-03-02,ridge_q0.7,44989.54268241284,26567.000679669152,71556.54336208198,73509.79750755415,3930.362615552407,8,1793.8133831769978,19726.5953787775,16438.55570551459,6628.837773786142,6117.711719669685,0.023922799999127164,0.0
2025-03-03,ridge_q0.7,45253.11617655339,19972.06740121495,65225.183577768345,74010.12079489617,3278.7509661121694,15,1108.6147377007105,21969.027273128682,17805.916883154387,6117.711719669685,6105.484173091742,0.024837700000716723,0.0
2025-03-04,ridge_q0.7,46763.8314646808,0.0,46763.8314646808,76386.61103766877,0.0,0,2435.253004243015,23183.676435317633,18431.776335225197,6105.484173091742,6491.041481294055,0.018584700001156307,0.0
2025-03-05,ridge_q0.7,48794.072106510925,0.0,48794.072106510925,79121.78890029641,0.0,0,9313.897497409,19536.967688147884,15859.548301927134,6491.041481294055,6452.592065152557,0.018999100000655744,0.0
2025-03-06,ridge_q0.7,47288.73533429338,0.0,47288.73533429338,76712.60909988277,0.0,0,6921.960557212368,19991.316437789188,16141.32202845212,6452.592065152557,6509.9746053271365,0.01977950000036799,3.0772477050816647e-16
2025-03-07,ridge_q0.7,17231.332414862798,0.0,17231.332414862798,32899.645660846116,0.0,0,9105.709192960558,15411.715110846404,12540.06417629418,6509.9746053271365,6447.113564762035,0.03034269999989192,0.0
2025-03-08,ridge_q0.7,16736.92757361602,0.0,16736.92757361602,31723.948197161164,0.0,0,9568.466404973558,16310.635637576446,13218.293362055509,6447.113564762035,6439.69301407472,0.030578799998693285,0.0
2025-03-09,ridge_q0.7,45914.18299407098,0.0,45914.18299407098,74877.39840282463,0.0,0,7357.557339686009,21172.03945194257,16985.723438803943,6439.69301407472,6621.502477707544,0.022763000000850298,0.0
2025-03-10,ridge_q0.7,43735.23964177653,3340.050337027109,47075.28997880364,71460.5318378901,480.39685505435557,3,108.7376498239255,21374.7875934217,17584.668000301186,6621.502477707544,6320.291311452428,0.02204119999987597,0.0
2025-03-11,ridge_q0.7,44390.91497949738,0.0,44390.91497949738,73115.61315012246,0.0,0,5052.819312458676,20584.462828086926,16460.58779042314,6320.291311452428,6556.7658673716205,0.021844200000487035,0.0
2025-03-12,ridge_q0.7,43264.46874740095,0.0,43264.46874740095,71187.43223209045,0.0,0,5110.452787536125,20579.754618896382,16938.30985767539,6556.7658673716205,6258.200738072377,0.018159299999751966,0.0
2025-03-13,ridge_q0.7,42198.396501459196,14246.360333237586,56444.75683469678,69788.69266665084,2348.2796000767416,10,643.609570836086,20620.705771161993,16672.961091937166,6258.200738072377,6291.323607743538,0.025521199999275268,0.0
2025-03-14,ridge_q0.7,16014.70214931735,855.5290990159674,16870.23124833332,30388.112360168256,226.84373977027113,4,11382.971528016336,16525.372580989286,13322.813992400432,6291.323607743538,6361.032272411195,0.03177719999985129,0.0
2025-03-15,ridge_q0.7,15845.68773272223,1039.9807751457356,16885.668507867966,30500.98026106903,253.91466398042053,5,7156.4585271102105,16287.452974537799,13613.141726598555,6361.032272411195,5894.026919941262,0.04265750000013213,0.0
2025-03-16,ridge_q0.7,43809.296937712694,7.461180000000455,43816.75811771269,72325.9692008771,1.6400000000001,1,4103.200175946935,21531.405517174586,16658.04342557775,5894.026919941262,6763.354745867563,0.020627500000045984,0.0
2025-03-17,ridge_q0.7,42524.954167270436,0.0,42524.954167270436,70227.94498640654,0.0,0,9038.810852088138,18882.191296991135,15551.18859600606,6763.354745867563,6478.228473152854,0.019162800001140567,0.0
2025-03-18,ridge_q0.7,40112.321464160304,5622.433516452496,45734.7549806128,66789.79315291744,1114.9094483721628,8,2791.7989536322066,21713.311480672077,17726.366199681343,6478.228473152854,6324.246361667352,0.02204879999953846,0.0
2025-03-19,ridge_q0.7,41028.99211475457,979.8166706153086,42008.808785369874,68052.46067175144,203.62481929691094,3,4369.031398634274,21884.545401824296,17462.96175941022,6324.246361667352,6617.0463795200885,0.02295599999888509,0.0
2025-03-20,ridge_q0.7,41276.85412392637,0.0,41276.85412392637,68036.46994470483,0.0,0,1974.847188610574,21414.621445624893,17561.960506197298,6617.0463795200885,6376.916229252159,0.021876499999052612,0.0
2025-03-21,ridge_q0.7,15485.525499829613,1437.5044742103046,16923.029974039917,29616.84222055218,366.8992521363416,4,15154.311759607193,16148.806187792943,13352.84099137828,6376.916229252159,6074.351807845497,0.022588900001210277,0.0
2025-03-22,ridge_q0.7,16272.415645604538,0.0,16272.415645604538,31174.225206009563,0.0,0,11355.03990742035,16332.357212253355,12394.371646997473,6074.351807845497,7001.9492466541005,0.026378200000181096,0.0
2025-03-23,ridge_q0.7,40336.69923546671,131.15523964252606,40467.854475109234,66711.12828149926,18.800923113894214,1,4628.772095628995,20431.395922656906,17099.95893033941,7001.9492466541005,6390.251210001528,0.022968699999182718,0.0
2025-03-24,ridge_q0.7,39355.80851858214,0.0,39355.80851858214,65177.359011269036,0.0,0,3089.519401956548,21589.10035964869,17499.75783366953,6390.251210001528,6376.266162941432,0.02393339999980526,0.0
2025-03-25,ridge_q0.7,38864.70312166186,3206.0575868460783,42070.76070850794,64722.55524973232,569.1597669479083,9,436.0676425335598,21638.43288714619,17732.910229666188,6376.266162941432,6147.622172855023,0.020024800000101095,0.0
2025-03-26,ridge_q0.7,39496.62601801228,0.0,39496.62601801228,65732.57112630145,0.0,0,6013.804582063098,20784.041662110634,16657.82998453895,6147.622172855023,6344.559685933542,0.03307600000152888,0.0
2025-03-27,ridge_q0.7,39284.08059751881,0.0,39284.08059751881,65205.182168283165,0.0,0,2400.4036446558694,21091.10266395009,17003.313540322793,6344.559685933542,6433.981483129965,0.025984500000049593,0.0
2025-03-28,ridge_q0.7,15037.770084050999,310.9318546622376,15348.701938713237,29181.62107365954,74.17173985714962,2,15338.0756304018,16435.221245804867,13339.38482935664,6433.981483129965,6404.141905069189,0.025016800000230432,0.0
2025-03-29,ridge_q0.7,15116.139935917587,0.0,15116.139935917587,29563.49308521217,0.0,0,18784.762616737447,15973.207757630233,12901.686472488844,6404.141905069189,6444.821695282138,0.02525659999992058,0.0
2025-03-30,ridge_q0.7,38319.063489699955,0.0,38319.063489699955,63489.007939714764,0.0,0,3903.3152409973072,20743.216152685844,16503.14315396838,6444.821695282138,6776.890506067867,0.025853799999822513,0.0
2025-03-31,ridge_q0.7,36711.6024088164,1982.7925237401282,38694.394932556526,60876.6221788745,284.2305796645826,1,891.2772231509798,19408.29794642765,16090.111894372872,6776.890506067867,6366.456552994007,0.023760800000673044,0.0
2025-04-01,ridge_q0.7,37599.503310559565,10410.620974906586,48010.124285466154,62557.476150785136,1520.4768865633187,4,391.69900180158584,18639.647119225876,15162.244600345672,6366.456552994007,6295.200515468767,0.020409200000358396,0.0
2025-04-02,ridge_q0.7,37824.2982588876,10273.27616209118,48097.57442097878,63133.4659318402,1946.8279476227324,11,675.2332714672658,20868.958081338606,16899.232873342935,6295.200515468767,6300.337373848027,0.04786289999901783,0.0
2025-04-03,ridge_q0.7,38985.49882708852,635.3981357224314,39620.896962810955,65430.78956425004,128.7695564346768,2,5365.726484123877,21559.367996497873,17229.065626603697,6300.337373848027,6560.362318914225,0.029507199998988654,0.0
2025-04-04,ridge_q0.7,14245.589626129498,0.0,14245.589626129498,28070.15215036673,0.0,0,18605.664717214437,16590.68330593475,13556.99812278245,6560.362318914225,6428.646046719449,0.02510190000066359,0.0
2025-04-05,ridge_q0.7,14762.456782269983,0.0,14762.456782269983,29086.60896874468,0.0,0,14145.042514138433,15737.788851850486,12840.337380577574,6428.646046719449,6325.614479409807,0.018534799999542884,0.0
2025-04-06,ridge_q0.7,37896.186577707056,0.0,37896.186577707056,63511.50525228989,0.0,0,5036.238000713856,20613.800186075387,16548.60920116602,6325.614479409807,6490.691090026522,0.02126250000037544,0.0
2025-04-07,ridge_q0.7,36872.89906554014,0.0,36872.89906554014,61759.76372881475,0.0,0,4851.248656577597,19881.14902860785,16215.353239704025,6490.691090026522,6366.666060546898,0.021343500000511995,0.0
2025-04-08,ridge_q0.7,37240.688596610504,513.4415774999956,37754.1301741105,62432.45952158024,104.15124999999911,4,4382.205975695404,21172.716846757627,17371.50566753945,6366.666060546898,6120.438258696036,0.02596110000013141,0.0
2025-04-09,ridge_q0.7,37059.71282452539,12155.354576876616,49215.067401402004,62211.09657005512,1779.570684775762,4,1120.243097586389,19397.684924667476,15661.57178408965,6120.438258696036,6176.6082641304865,0.03474070000083884,0.0
2025-04-10,ridge_q0.7,37591.121685681544,0.0,37591.121685681544,63101.42553361546,0.0,0,4386.261111514392,21149.83764113363,16895.311119032558,6176.6082641304865,6438.894231114567,0.062491399999998976,0.0
2025-04-11,ridge_q0.7,13768.004440552324,0.0,13768.004440552324,27469.806573113965,0.0,0,19435.965900702417,16212.917279852434,13495.726774107548,6438.894231114567,6035.267811751143,0.058636900001147296,0.0
2025-04-12,ridge_q0.7,14589.236505846256,0.0,14589.236505846256,28992.916894832273,0.0,0,16541.14442962925,15477.549103427282,12050.937188224261,6035.267811751143,6575.131795697627,0.024125300000378047,0.0
2025-04-13,ridge_q0.7,35865.356409749,0.0,35865.356409749,60039.01708609447,0.0,0,2070.9418930036372,20252.5177180214,16560.801008263898,6575.131795697627,6401.507732734782,0.026688399999329704,0.0
2025-04-14,ridge_q0.7,35310.39645483946,594.8232312076384,35905.219686047094,59505.587428771745,86.98511459913857,2,3484.0086870960777,19962.79371832354,16382.261662048728,6401.507732734782,6165.509121394056,0.026673899999877904,0.0
2025-04-15,ridge_q0.7,36294.81868391334,0.0,36294.81868391334,60904.244642392165,0.0,0,6710.9212390541825,19292.84331887655,15238.948748871906,6165.509121394056,6596.90283185861,0.049755799998820294,0.0
2025-04-16,ridge_q0.7,35326.83427219697,1558.5800713331578,36885.41434353012,59308.11271278263,227.53733375010336,2,617.7847778420585,19179.63605389357,16041.362735202893,6596.90283185861,6034.838907915166,0.024810400000205846,0.0
2025-04-17,ridge_q0.7,36149.62103934646,0.0,36149.62103934646,60687.48829954451,0.0,0,3632.090795692788,20120.50113515908,15933.445981307355,6034.838907915166,6439.461061439053,0.022577099998670747,0.0
2025-04-18,ridge_q0.7,13321.424668210715,0.0,13321.424668210715,26908.26320947951,0.0,0,17531.088873325207,16366.58755777754,13343.53040495657,6439.461061439053,6343.244969042652,0.01988560000063444,0.0
2025-04-19,ridge_q0.7,13598.179005118436,0.0,13598.179005118436,27363.205939143463,0.0,0,17365.874011822612,16176.123807843018,12963.471130522164,6343.244969042652,6497.899584410073,0.019508999999743537,0.0
2025-04-20,ridge_q0.7,35085.48158124555,0.0,35085.48158124555,58985.235356846126,0.0,0,3040.9184743007822,20215.434047781673,16228.862048569663,6497.899584410073,6659.721284558395,0.02366049999909592,0.0
2025-04-21,ridge_q0.7,34735.95413560494,0.0,34735.95413560494,58473.509924519734,0.0,0,6888.002092588838,18231.842173300724,15163.244724703156,6659.721284558395,6220.329546414431,0.03286140000091109,0.0
2025-04-22,ridge_q0.7,34066.845625849106,0.0,34066.845625849106,57019.790033677076,0.0,0,822.1206499719007,20318.724334157592,16273.98426711908,6220.329546414431,6424.976705912839,0.03635960000065097,0.0
2025-04-23,ridge_q0.7,34801.48757162136,0.0,34801.48757162136,58737.51313951048,0.0,0,3649.2986024820284,18698.435810731433,15010.13799036964,6424.976705912839,6575.63783516042,0.02342089999910968,0.0
2025-04-24,ridge_q0.7,34179.11075808201,0.0,34179.11075808201,57448.89332687547,0.0,0,7124.453197318927,18303.96508116579,15069.631651609241,6575.63783516042,6305.171239754918,0.02390459999878658,0.0
2025-04-25,ridge_q0.7,12182.08874143539,458.53499544888956,12640.62373688428,25274.288166155544,92.90547977892606,1,20797.913022434146,16002.804406447689,13433.881432947364,6305.171239754918,5781.160280060772,0.05122730000039155,0.0
2025-04-26,ridge_q0.7,13094.640751543893,4.862405423247667,13099.503156967141,27017.998375419807,1.2525516288633867,1,23809.131293720675,15649.80311532097,12509.877115326304,5781.160280060772,5966.11962237597,0.018991900000401074,0.0
2025-04-27,ridge_q0.7,32552.4885399762,7147.847899773652,39700.33643974985,55355.80662681417,1035.437503916572,2,3770.6880602805245,20285.605427627903,16238.520540511014,5966.11962237597,6180.363906673293,0.02903650000007474,0.0
2025-04-28,ridge_q0.7,33032.02247429487,32359.01821146065,65391.04068575552,55507.91250015528,4792.638661163043,9,726.7217387431426,15357.074998930206,12405.212893021686,6180.363906673293,6218.161524575276,0.035485300000800635,0.0
2025-04-29,ridge_q0.7,34835.26728185248,1397.4024923239986,36232.66977417648,58860.45384984133,200.31572424369244,1,7962.718427901553,17917.20867819539,14252.371248678592,6218.161524575276,6507.681280863808,0.026214199999230914,0.0
2025-04-30,ridge_q0.7,33457.886539700616,74.78404244126463,33532.67058214188,56408.052997249426,16.494054354050423,1,5046.977278565759,18183.542767934705,15062.827428230321,6507.681280863808,6136.394851749132,0.03618590000041877,0.0
2025-05-01,ridge_q0.7,33088.02728376675,13045.731195006303,46133.75847877305,55535.361534509604,1991.730351406093,9,3421.81341879791,19576.491206741164,16482.591539623376,6136.394851749132,5441.246338234658,0.034650300000066636,0.0
2025-05-02,ridge_q0.7,12560.76335260775,18068.06997134187,30628.83332394962,25773.370030942777,3348.672130401162,18,11860.349877911725,15827.3521578187,12855.979957719817,5441.246338234658,5401.441105027243,0.04387900000074296,0.0
2025-05-03,ridge_q0.7,13129.478745552678,9380.27451149561,22509.753257048287,26907.298663651505,1692.9873672172498,8,16429.45130582435,16151.79361000454,12848.130534960137,5401.441105027243,5662.354759631178,0.021334200000637793,0.0
2025-05-04,ridge_q0.7,32960.45371071051,11795.589627323148,44756.04333803366,55731.21028214526,1888.9055351319514,10,2534.4006935692805,18361.73930327007,15010.69151289548,5662.354759631178,5509.374007134825,0.036472100000537466,0.0
2025-05-05,ridge_q0.7,33884.94418196161,14276.558810855056,48161.50299281667,57728.11883459236,2196.006021463404,10,942.2709298978133,21217.830196843042,17311.98307068509,5509.374007134825,5369.884439087917,0.041495499999655294,0.0
2025-05-06,ridge_q0.7,33051.83020190241,12133.345789560295,45185.175991462704,55885.04576171716,1931.7352766982895,9,999.5068809857805,21297.92308814812,17350.731297385108,5369.884439087917,5259.424887993335,0.0393528000004153,0.0
2025-05-07,ridge_q0.7,38340.479854611964,3700.6554527676712,42041.135307379634,64442.56704769264,530.4838665091272,1,5208.4159194276135,20516.203891410856,15819.414846636699,5259.424887993335,6146.880782889001,0.04576280000037514,0.0
2025-05-08,ridge_q0.7,40974.39840174583,243.22893262500048,41217.62733437083,66495.69734845195,35.999250000000075,1,5818.311846775423,19690.685393830987,14803.813042154448,6146.880782889001,7419.816479387502,0.0229393000008713,0.0
2025-05-09,ridge_q0.7,17035.908939182256,0.0,17035.908939182256,30959.046388957064,0.0,0,19129.62756841453,16050.943173583466,12720.910203040938,7419.816479387502,7731.320665567142,0.022277799998846604,0.0
2025-05-10,ridge_q0.7,16876.830492609643,0.0,16876.830492609643,30640.52247494361,0.0,0,15712.97198088395,15558.060875685358,12751.555664959036,7731.320665567142,7565.180270396148,0.018908899999587447,0.0
2025-05-11,ridge_q0.7,39157.56629077761,230.05813765833253,39387.62442843595,63648.83035609742,34.144212122226236,2,5111.089141979872,17608.189829899326,14520.383486992883,7565.180270396148,7278.791687313455,0.03019769999991695,0.0
2025-05-12,ridge_q0.7,40009.73664022445,0.0,40009.73664022445,65283.59718520721,0.0,0,10169.172924457125,15912.893496129665,12729.664468712908,7278.791687313455,7456.324201926924,0.02366259999871545,0.0
2025-05-13,ridge_q0.7,39756.59949876994,0.0,39756.59949876994,64994.47788677293,0.0,0,8653.34556911487,17687.424822484074,14475.505271492675,7456.324201926924,7291.111796059624,0.021910299999944982,0.0
2025-05-14,ridge_q0.7,39380.60678521667,0.0,39380.60678521667,64262.12978844843,0.0,0,8046.325693793449,17244.142188104815,14042.486876783165,7291.111796059624,7208.076568928222,0.022942099998545018,0.0
2025-05-15,ridge_q0.7,38398.55107175198,0.0,38398.55107175198,62649.19471056274,0.0,0,6093.37934149603,18269.584212044014,14478.827126310633,7208.076568928222,7563.116663867135,0.023359400000117603,0.0
2025-05-16,ridge_q0.7,14862.061325200444,0.0,14862.061325200444,27505.917431637285,0.0,0,22774.939036478005,15664.868818692661,13649.396956866714,7563.116663867135,6495.5019819497375,0.01913349999995262,0.0
2025-05-17,ridge_q0.7,16078.949431977147,0.0,16078.949431977147,29946.182030318334,0.0,0,16045.777947649944,16025.059150398025,12573.454151062968,6495.5019819497375,6947.550605015782,0.02437380000083067,0.0
2025-05-18,ridge_q0.7,38130.63967892858,0.0,38130.63967892858,61981.07291170653,0.0,0,4391.777387220366,18536.949682157276,14623.822257671114,6947.550605015782,7382.113921544978,0.021118299999216106,0.0
2025-05-19,ridge_q0.7,37054.51387598676,451.9039816666674,37506.41785765343,60444.09101830841,67.00333333333344,1,10492.292132062226,16429.92808478263,13926.342415203113,7382.113921544978,6695.335403179224,0.02214269999967655,0.0
2025-05-20,ridge_q0.7,36830.57807240712,0.0,36830.57807240712,60195.08117949247,0.0,0,2128.4279901492873,18265.11156732525,14725.853194648731,6695.335403179224,6771.87670860669,0.03543820000049891,0.0
2025-05-21,ridge_q0.7,37510.10213612714,0.0,37510.10213612714,61384.03212956134,0.0,0,6740.245399061532,16930.73226128249,13649.560814116012,6771.87670860669,6843.357061409797,0.03366060000007565,0.0
2025-05-22,ridge_q0.7,35896.31972543757,17.333365000000338,35913.65309043757,58763.389540906996,2.57000000000005,1,4258.01371528835,18255.907890090763,14564.592881138782,6843.357061409797,7090.793183448391,0.04862489999868558,0.0
2025-05-23,ridge_q0.7,14445.804674714338,1393.8818224153295,15839.686497129667,27152.79447675977,323.4800403799185,5,18015.404678979747,16774.229499710564,13734.30854488396,7090.793183448391,6927.256905539059,0.024108600000545266,0.0
2025-05-24,ridge_q0.7,15728.537823000039,0.0,15728.537823000039,29120.867783376838,0.0,0,21921.662175562797,16031.262730239541,12586.558505758838,6927.256905539059,7370.328356355939,0.06816780000008293,0.0
2025-05-25,ridge_q0.7,35861.732781592,0.0,35861.732781592,58704.30269583173,0.0,0,7357.24798703411,16659.21813871628,13857.173613251996,7370.328356355939,6966.765110920598,0.03160849999949278,0.0
2025-05-26,ridge_q0.7,35695.15812802761,2636.880871429279,38332.03899945688,57862.75588115458,377.99324418424294,1,810.6349956604219,17639.34647802284,14789.065298344438,6966.765110920598,6409.882165202885,0.04015830000025744,0.0
2025-05-27,ridge_q0.7,36657.701728686545,0.0,36657.701728686545,59821.86330235443,0.0,0,6519.188662577767,17902.756544286094,13990.449204509428,6409.882165202885,6977.419494494332,0.036467500000071595,0.0
2025-05-28,ridge_q0.7,36017.9812075775,0.0,36017.9812075775,58581.65178052127,0.0,0,2582.362861826562,18750.379673314783,15024.91485462007,6977.419494494332,7158.411362010888,0.026821100000233855,0.0
2025-05-29,ridge_q0.7,35257.963093992745,233.87681211970445,35491.83990611245,57696.64096927714,34.17338467168929,2,800.6858317719954,18844.448666822725,16024.443644645884,7158.411362010888,6313.477779211465,0.020516000000498025,0.0
2025-05-30,ridge_q0.7,14592.102141781987,0.0,14592.102141781987,27716.782242632464,0.0,0,17691.105809139546,16451.350405047873,13021.90723822162,6313.477779211465,6650.907323508311,0.024072700000033365,0.0
2025-05-31,ridge_q0.7,14680.697456760066,119.30317442154637,14800.000631181612,28022.478610262813,29.507122447243294,2,16336.301430026946,16994.922587834015,13668.419835150908,6650.907323508311,6759.204502391252,0.03479710000101477,0.0
2025-06-01,ridge_q0.7,35749.22117684965,80317.32446249662,116066.54563934627,58925.47981111737,13045.399308167367,46,9.899411512466259,12101.325120905216,11365.171713132942,6759.204502391252,5022.428541058232,0.028840700000728248,0.0
2025-06-02,ridge_q0.7,40283.2921487681,44057.933432390346,84341.22558115845,66729.4189563086,6573.704760495611,15,618.8346339485588,20036.95073279857,15993.469099942915,5022.428541058232,5285.1629784181505,0.027818099999421975,0.0
2025-06-03,ridge_q0.7,39604.2016987512,40401.069424331516,80005.27112308273,65804.004003482,6262.877865959315,24,66.08673344250417,19198.11180803845,15389.683505372968,5285.1629784181505,5463.815266349466,0.04932089999965683,0.0
2025-06-04,ridge_q0.7,42860.48088508348,17834.719500301522,60695.200385385004,71154.87255295292,2692.4637360684765,15,253.3764604338412,20865.029023506995,16916.330011586106,5463.815266349466,5446.419152410099,0.021016899998357985,0.0
2025-06-05,ridge_q0.7,43957.5889677657,18015.01622009343,61972.60518785913,72471.03908254852,2759.069519398953,20,42.22841834288374,21951.031459858696,17912.469292920763,5446.419152410099,5299.603807482079,0.023184800000308314,0.0
2025-06-06,ridge_q0.7,17365.164945631543,24514.971326389354,41880.1362720209,32026.443944773713,4075.5083546300184,19,2197.135855870198,15862.60072169318,12812.779678159643,5299.603807482079,5339.52259238412,0.030765399998927023,0.0
2025-06-07,ridge_q0.7,18503.93333077407,8928.66790532393,27432.601236098002,33895.77488790879,1325.8354046524776,6,787.9147742388541,16117.406932912723,12810.224581256978,5339.52259238412,5611.60596394226,0.0341774999997142,0.0
2025-06-08,ridge_q0.7,53721.31987356265,0.0,53721.31987356265,85891.6009241709,0.0,0,15403.169223987563,18214.53733185192,12911.02889833525,5611.60596394226,7659.10189779205,0.01812170000084734,0.0
2025-06-09,ridge_q0.7,51203.860620719795,76.85184463907619,51280.71246535887,81342.11885475414,11.394743070513186,1,7156.978328889285,19441.904066237483,16178.081530635434,7659.10189779205,7181.169412255314,0.05202419999841368,0.0
2025-06-10,ridge_q0.7,51710.235981944024,0.0,51710.235981944024,82279.88748517228,0.0,0,6642.050478916008,20436.884398855058,16417.491625932133,7181.169412255314,7332.708009078059,0.024946199999249075,0.0
2025-06-11,ridge_q0.7,52536.619535195656,2358.4494210253006,54895.06895622096,83747.43732197075,489.26784840828907,5,3623.025308589978,23438.910466799083,18909.676921676677,7332.708009078059,7416.975294000927,0.02089959999830171,2.769861357108853e-16
2025-06-12,ridge_q0.7,54544.41512472776,0.0,54544.41512472776,85955.68259919104,0.0,0,9331.090056956524,20082.607761256993,15910.406652355798,7416.975294000927,7813.092665403558,0.02461339999899792,0.0
2025-06-13,ridge_q0.7,22411.717523901418,0.0,22411.717523901418,37446.38994696881,0.0,0,6335.238635766433,16026.09365961613,13260.256048413754,7813.092665403558,7502.959127487232,0.03995559999930265,0.0
2025-06-14,ridge_q0.7,22836.634648441723,0.0,22836.634648441723,38461.86835496105,0.0,0,9337.132408530215,15270.70603943435,12339.312843003512,7502.959127487232,7536.246959640911,0.022045699999580393,0.0
2025-06-15,ridge_q0.7,54321.037856477175,0.0,54321.037856477175,85698.3758708103,0.0,0,10995.38582460837,19777.89891424103,15701.883201372437,7536.246959640911,7889.819092044022,0.02669869999954244,0.0
2025-06-16,ridge_q0.7,53147.0579710653,0.0,53147.0579710653,83670.65442577747,0.0,0,7636.361628027093,20166.42035487308,16826.180373789364,7889.819092044022,7343.841440552725,0.025340100000903476,0.0
2025-06-17,ridge_q0.7,52221.54909251458,159.8603440436854,52381.409436558264,83095.71835649607,23.71287458928805,1,4885.266270151465,21102.40987985704,17505.256135589807,7343.841440552725,6885.725737324283,0.018420200000036857,0.0
2025-06-18,ridge_q0.7,53403.72799974827,53.44667208358163,53457.17467183185,84806.81351011715,7.928596956472575,1,10047.307624648722,18675.343448062453,14836.299865637546,6885.725737324283,7208.75721209433,0.02820649999921443,0.0
2025-06-19,ridge_q0.7,51977.9786064478,611.2482113841287,52589.22681783193,82578.07625720493,90.78451848041186,2,11167.56858666272,19110.09053190946,15868.302542886826,7208.75721209433,6776.391420938593,0.022614100000282633,0.0
2025-06-20,ridge_q0.7,21417.381814639586,0.0,21417.381814639586,36344.91131415499,0.0,0,10991.517713055251,14742.411938353598,11789.599187253862,6776.391420938593,6945.007512952543,0.03946889999861014,0.0
2025-06-21,ridge_q0.7,21120.394353449967,0.0,21120.394353449967,36315.39640300604,0.0,0,13248.307532152881,16651.674105086706,12919.325634233554,6945.007512952543,7576.707947271072,0.03838429999996151,0.0
2025-06-22,ridge_q0.7,49849.52580951232,4.257846903274174,49853.783656415595,79717.4037576543,0.6333725404647339,1,9240.86045662202,18924.596084266934,15904.760510694186,7576.707947271072,6936.888300117774,0.020724299998619244,0.0
2025-06-23,ridge_q0.7,49991.12081891218,49.12026809357489,50040.24108700576,80030.81863070268,7.224786392120677,2,9290.054170935007,20514.63157101191,16827.928324852117,6936.888300117774,6702.358575303923,0.026646400001482107,0.0
2025-06-24,ridge_q0.7,48594.05034011968,18526.482106602954,67120.53244672263,78156.12139938257,3409.495845791886,14,1319.5739823392469,21830.66943394083,17853.418421105624,6702.358575303923,6512.829486844418,0.02546030000121391,0.0
2025-06-25,ridge_q0.7,50736.57024502123,0.0,50736.57024502123,81223.12078891363,0.0,0,6270.225334604569,21564.175766690838,17048.70167904844,6512.829486844418,6977.585811256792,0.02011800000036601,0.0
2025-06-26,ridge_q0.7,49779.42598192594,270.09051408742573,50049.51649601336,79501.13135366424,40.005361151498846,2,8353.14921109581,20623.142026706773,16982.538356320183,6977.585811256792,6668.926572714913,0.023341999998592655,0.0
2025-06-27,ridge_q0.7,19390.897652617212,0.0,19390.897652617212,33603.87999954268,0.0,0,10596.745663123302,16878.908838740594,13643.420368987883,6668.926572714913,6700.588562039355,0.0365034000005835,0.0
2025-06-28,ridge_q0.7,19018.994743355135,0.0,19018.994743355135,33742.68336526846,0.0,0,8930.836370641638,16490.38830625218,13455.46742829203,6700.588562039355,6591.418672897398,0.07034890000068117,0.0
2025-06-29,ridge_q0.7,49383.67697060708,0.0,49383.67697060708,79695.77521221063,0.0,0,6074.963045675275,20517.784061658887,16164.740428456858,6591.418672897398,7096.601630105003,0.027174799999556853,0.0
2025-06-30,ridge_q0.7,49713.74368047716,497.0699698309884,50210.81365030815,79389.97002309532,73.7978662609778,2,6338.93164170189,19945.61250073989,16698.460236418803,7096.601630105003,6493.808173638898,0.02427259999967646,0.0
2025-07-01,ridge_q0.7,48086.84312571339,25976.04507122873,74062.88819694212,77822.95044282114,4506.323481201375,27,742.8447338070557,21033.234749732623,18313.3495928505,6493.808173638898,5075.553234119922,0.018442200000208686,0.0
2025-07-02,ridge_q0.7,58116.534980978984,1023.0767400604465,59139.61172103943,92265.55426242301,151.71401797087628,5,14687.205773318974,18908.518933800857,14083.222793392613,5075.553234119922,6445.194948548898,0.015663199999835342,0.0
2025-07-03,ridge_q0.7,51774.4408747532,8138.257440530491,59912.69831528369,82769.04705482491,1254.556885755705,13,558.9509306668907,22064.53150068558,18360.297424105192,6445.194948548898,5902.942827937936,0.019763000000239117,0.0
2025-07-04,ridge_q0.7,21195.761827030215,19804.898127270168,41000.65995430038,36732.07670158289,4201.95052779647,21,9985.075151502764,15480.710214198138,13412.625602988202,5902.942827937936,4932.664684062701,0.038829099999929895,0.0
2025-07-05,ridge_q0.7,21080.9413194238,25648.340413169295,46729.281732593096,37697.74021092953,4727.40951916117,22,10363.689966666665,15688.269609502935,12416.889812745569,4932.664684062701,5255.563096231375,0.047156599999652826,0.0
2025-07-06,ridge_q0.7,45149.14340526461,62662.30168573084,107811.44509099545,73899.5686366403,9700.621115520906,27,204.7434050856357,19342.649564210915,15741.184767135355,5255.563096231375,5173.742407204138,0.03253509999922244,0.0
2025-07-07,ridge_q0.7,45541.706409941326,20824.634558507372,66366.3409684487,74267.53279861179,3433.887945128903,23,138.29685792523446,21427.094178828957,17273.45305968016,5173.742407204138,5265.401546283353,0.02770280000004277,0.0
2025-07-08,ridge_q0.7,55422.4857762703,412.25246489777226,55834.738241168074,88629.3078815502,60.81034758229316,2,7102.006150161393,23469.35086466199,17452.625802357565,5265.401546283353,6996.01087741519,0.022103000001152395,0.0
2025-07-09,ridge_q0.7,56881.84486060073,0.0,56881.84486060073,89591.80244875095,0.0,0,11201.61619622863,19658.532950280183,15327.071714424512,6996.01087741519,7658.610849973448,0.028868200000943034,0.0
2025-07-10,ridge_q0.7,55463.9923924032,0.0,55463.9923924032,87182.66564486027,0.0,0,10794.898487805578,19659.9056127511,16125.761839029734,7658.610849973448,7435.012746971959,0.024919899999076733,0.0
2025-07-11,ridge_q0.7,27641.37315784835,0.0,27641.37315784835,45353.57994411353,0.0,0,9852.625813342514,16429.914898430707,13447.737917659693,7435.012746971959,7280.005135937717,0.05447400000048219,0.0
2025-07-12,ridge_q0.7,28404.194141598153,0.0,28404.194141598153,47027.72993327606,0.0,0,12811.376759024663,15579.260127353009,12447.150286434942,7280.005135937717,7471.17226562771,0.023649400000067544,0.0
2025-07-13,ridge_q0.7,56567.52698060458,131.72404560208292,56699.251026206664,89084.40406369072,19.586518655410032,2,16000.511753285668,18401.86142167356,14566.102992613098,7471.17226562771,7848.288664452691,0.023990899999262183,0.0
2025-07-14,ridge_q0.7,54439.73448054737,0.0,54439.73448054737,85797.49876009807,0.0,0,11266.647196163522,17056.3995881331,14333.22724086521,7848.288664452691,7273.24024836669,0.022452200000770972,0.0
2025-07-15,ridge_q0.7,56142.934841987095,0.0,56142.934841987095,88401.09010114745,0.0,0,11335.84045992593,18386.429402742957,14070.230344854757,7273.24024836669,8187.437438774512,0.021766300000308547,1.295970300566123e-16
2025-07-16,ridge_q0.7,50242.68607983773,406.1128618007551,50648.79894163849,79569.98841060138,60.15318795454857,2,5306.16739263308,18419.61716656614,16230.20634397662,8187.437438774512,6731.530284265575,0.02025130000038189,0.0
2025-07-17,ridge_q0.7,52065.86731117683,0.0,52065.86731117683,82808.87783992721,0.0,0,5991.459794183829,21288.198893252847,17191.19691417612,6731.530284265575,6789.579383553012,0.023418899998432607,0.0
2025-07-18,ridge_q0.7,25449.63583487997,0.0,25449.63583487997,42412.384859336235,0.0,0,8321.229118250503,15918.404826220612,13101.49718513488,6789.579383553012,6558.924632557252,0.04263040000114415,0.0
2025-07-19,ridge_q0.7,26144.51587366398,0.0,26144.51587366398,43991.85019627139,0.0,0,13899.151805822581,15331.431535647442,12421.552195198628,6558.924632557252,6555.488353308147,0.06397019999894837,0.0
2025-07-20,ridge_q0.7,53049.51597317582,0.0,53049.51597317582,84374.16712829725,0.0,0,7621.925158430911,20251.160565155347,15588.89681195567,6555.488353308147,7460.536404219444,0.02434449999964272,0.0
2025-07-21,ridge_q0.7,52393.39074567717,1.3218109332922032,52394.712556610466,82891.98116496192,0.1894797782815658,1,5625.178476298472,19754.65215083154,16477.409332389805,7460.536404219444,6931.49074842361,0.022592599998461083,0.0
2025-07-22,ridge_q0.7,52884.05216468098,463.2542007885894,53347.306365469565,83964.62617454879,68.66151732370417,3,6443.190900729959,20096.03122219829,16301.079047722416,6931.49074842361,6905.608795377163,0.025754000000233646,0.0
2025-07-23,ridge_q0.7,51613.380791802396,242.69408055961185,51856.074872362005,82264.6366520012,36.00120678082135,4,4361.150677535314,21313.654415213132,17590.714350633098,6905.608795377163,6542.659601698867,0.024087600000711973,0.0
2025-07-24,ridge_q0.7,51878.23036673656,85.68411796784699,51963.91448470441,82674.07531641898,12.710501021573464,2,5047.454397850994,20315.70624907688,16292.846829487315,6542.659601698867,6723.632081993269,0.019422400000621565,0.0
2025-07-25,ridge_q0.7,24801.783685763658,0.0,24801.783685763658,41497.70324692774,0.0,0,12583.960237663498,16169.444176078103,13761.020733480524,6723.632081993269,5986.108803262972,0.05238180000014836,0.0
2025-07-26,ridge_q0.7,25583.194349104997,0.0,25583.194349104997,43265.87568148118,0.0,0,11195.540644450415,16390.377713191396,12789.1342428273,5986.108803262972,6527.299586438229,0.06384320000142907,0.0
2025-07-27,ridge_q0.7,51950.699290445395,2530.0817745353997,54480.781064980794,82908.31943864671,502.37715310046326,4,4790.530577144795,22711.996041240538,17777.01982663817,6527.299586438229,7215.851771734528,0.01872689999981958,1.4005504668002798e-16
2025-07-28,ridge_q0.7,51093.75834447019,8427.821442148965,59521.57978661916,81179.0339807992,1299.0325692759386,11,1630.6867680293567,20213.321906112727,17320.819357400273,7215.851771734528,6162.486645680123,0.018079499999657855,0.0
2025-07-29,ridge_q0.7,53994.54415266377,217.8651067703939,54212.409259434164,86097.70178730898,32.357805847377676,1,5167.289906042766,21823.70251144566,16930.178774332056,6162.486645680123,6992.509156723376,0.030921800000214716,0.0
2025-07-30,ridge_q0.7,51069.5313725739,0.0,51069.5313725739,81487.24228096227,0.0,0,3726.932657567339,21495.318377028383,17838.262803633443,6992.509156723376,6518.00369201176,0.029714800000874675,0.0
2025-07-31,ridge_q0.7,51090.35981933221,2531.0331663477073,53621.392985679915,81873.58735965496,367.13413626491763,8,3725.357381973743,21459.44124599937,17639.07339871989,6518.00369201176,6232.530370389086,0.02127660000041942,0.0
2025-08-01,ridge_q0.7,24117.493451128397,1445.1530336901362,25562.646484818535,40441.38707621714,329.5091131112432,8,16808.729621612387,16106.79231387574,13395.985412826409,6232.530370389086,5844.215216403466,0.042172800000116695,0.0
2025-08-02,ridge_q0.7,24299.148233954165,162.59118967643613,24461.739423630603,41443.64835446424,30.266301442392887,3,16996.689522233894,16425.501108670782,12875.300908331368,5844.215216403466,6321.276316061204,0.028186000001369393,0.0
2025-08-03,ridge_q0.7,48489.11160246462,1839.937522383125,50329.04912484774,77814.93195595837,292.11775287573494,13,11866.303831782576,18380.270355336044,14979.004461617857,6321.276316061204,6220.181345177144,0.0208918000007543,0.0
2025-08-04,ridge_q0.7,47377.14757043222,321.97553361817756,47699.1231040504,75505.7688046948,47.75160490142014,3,6327.095426107645,19022.535125652426,15211.76522549718,6220.181345177144,6438.501596600797,0.049668400000882684,0.0
2025-08-05,ridge_q0.7,47641.16514654335,153.36549755453348,47794.53064409789,75648.1920982789,22.742332475509556,2,6675.122894731545,18912.05060048602,15068.548797796491,6438.501596600797,6716.515139486557,0.02124790000016219,0.0
2025-08-06,ridge_q0.7,43331.286521692586,18862.68693184013,62193.973453532715,68387.43577954639,2826.3974910975066,11,416.289063081102,18379.099620161298,15695.954679265165,6716.515139486557,5817.755154003777,0.03607960000044841,0.0
2025-08-07,ridge_q0.7,44792.12324796179,350.49430091901695,45142.61754888081,70482.13238371222,51.90087985907337,3,2846.390182856114,20681.581022644412,16381.92319192924,5817.755154003777,6229.041194462372,0.036414100000911276,0.0
2025-08-08,ridge_q0.7,22685.687556826735,2235.341757159461,24921.029313986197,38606.64900480231,532.4768174054134,9,20655.79948100929,16218.794735508305,13510.639644309871,6229.041194462372,5814.13462940888,0.05217420000008133,0.0
2025-08-09,ridge_q0.7,23012.088787878893,102.35680025379253,23114.445588132687,39535.70732939422,25.679076832361396,1,17309.48978612129,16523.97956192732,13194.011941822024,5814.13462940888,6025.702966452325,0.029349899999942863,0.0
2025-08-10,ridge_q0.7,44413.6162283901,2566.881533860364,46980.49776225047,69645.76191360524,369.2754555548416,3,826.2611133714033,19162.966814807125,15278.80960901844,6025.702966452325,6295.9179786471295,0.030631999999968684,0.0
2025-08-11,ridge_q0.7,46225.69784172029,707.7285532615695,46933.42639498186,72865.83272348391,104.99161106096676,5,4510.364765484036,20061.227300629012,16162.021064901506,6295.9179786471295,6393.221365989339,0.02881329999945592,0.0
2025-08-12,ridge_q0.7,45233.13506264519,9916.812408934002,55149.94747157919,71307.89177471277,1454.4097303713138,7,1399.863729355547,18579.879824757663,14977.98569902912,6393.221365989339,6472.906876016666,0.03326000000015483,1.6085459484748647e-16
2025-08-13,ridge_q0.7,44425.201824296506,2827.282694814251,47252.48451911076,69842.37871668625,411.75838960443554,6,642.0318862308159,19001.985048713264,15510.859278653392,6472.906876016666,6340.4053324659435,0.02011330000095768,1.6377995631759054e-16
2025-08-14,ridge_q0.7,44812.59623867116,3128.774423400004,47941.37066207117,70926.80012258294,499.66576295508247,9,1630.3188775314186,21306.603834017566,17436.74780934429,6340.4053324659435,6142.184550476992,0.0409271999997145,0.0
2025-08-15,ridge_q0.7,22562.84765624287,5531.079868191031,28093.9275244339,38190.73934256753,1293.8871667409828,9,19809.501779352853,16100.680952515524,13585.283105893195,6142.184550476992,5538.038401192969,0.018374499999481486,0.0
2025-08-16,ridge_q0.7,23219.03631657372,1538.4782382860094,24757.514554859732,39944.940217867406,269.8618394355783,3,19592.191429870123,16533.60719371794,12840.276932951749,5538.038401192969,6151.310505592733,0.031111399999645073,0.0
2025-08-17,ridge_q0.7,44707.35535877269,800.5940296913604,45507.949388464054,70283.87624267559,118.84198302829464,5,3145.1832069058023,20389.81614148227,16297.67473935086,6151.310505592733,6393.6175447591495,0.04979780000030587,0.0
2025-08-18,ridge_q0.7,45142.097629606295,988.7618052754873,46130.85943488178,70880.7596454893,145.50596214591553,4,2552.107811380908,20828.88476741081,16748.842587823154,6393.6175447591495,6529.788737847604,0.03560070000094129,0.0
2025-08-19,ridge_q0.7,46269.66128465055,817.8389668411047,47087.500251491656,72554.00146987793,121.20199652994711,3,4782.884081082216,18809.967156531027,15235.307821205368,6529.788737847604,6530.639377386231,0.03791579999960959,1.5725115361060885e-16
2025-08-20,ridge_q0.7,44088.95905218353,33568.89821416831,77657.85726635184,68975.86437127783,5222.539158275379,13,831.6691276172338,16896.48437155463,14180.441036285318,6530.639377386231,5981.429715912825,0.03197809999983292,0.0
2025-08-21,ridge_q0.7,46195.90433970427,119.18576438981933,46315.09010409409,72586.98265173912,17.672303851444553,4,2761.1786404895142,19130.335365055806,15131.277533288096,5981.429715912825,6386.200951920728,0.030744899999262998,0.0
2025-08-22,ridge_q0.7,22686.130494717174,5068.577548612992,27754.708043330167,38495.21345518973,1036.414079888369,12,15826.210050083742,16229.516000413927,13754.667915419566,6386.200951920728,5709.801001827075,0.020992100000512437,0.0
2025-08-23,ridge_q0.7,24326.23360681068,0.0,24326.23360681068,41420.22556439915,0.0,0,15271.612667797908,15903.64182259882,12285.035075997574,5709.801001827075,6373.039668835373,0.01862490000166872,0.0
2025-08-24,ridge_q0.7,46000.34667027089,2112.8805454808025,48113.22721575169,72482.62996921217,328.63006346693953,6,5393.534827864307,20158.880978692177,16474.745257210707,6373.039668835373,6210.760041646431,0.022069700000429293,0.0
2025-08-25,ridge_q0.7,46235.39903334985,18554.59135503179,64789.990388381644,72504.36922671227,2724.2951929742517,6,955.384485103107,18536.01244656149,15035.819528644748,6210.760041646431,6186.705100613162,0.03703809999933583,0.0
2025-08-26,ridge_q0.7,47794.33289990492,146.37639480682358,47940.70929471174,75501.10733796288,20.982854760152463,1,5564.970464278815,20490.811266948804,16062.509921837898,6186.705100613162,6781.201994380534,0.024680399999851943,1.5223473522313564e-16
2025-08-27,ridge_q0.7,45591.91436161987,6601.458977281655,52193.373338901525,71232.37684343313,949.8014841152751,4,972.2594631258443,20460.64737114472,17164.87737338883,6781.201994380534,6123.69865797874,0.05273789999955625,1.5958877173862357e-16
2025-08-28,ridge_q0.7,46604.956869849826,15422.506877358937,62027.46374720876,73160.22561464338,2281.616261634096,8,974.9076140228393,19111.024065067904,15411.884786146602,6123.69865797874,6199.303887488078,0.03461309999875084,0.0
2025-08-29,ridge_q0.7,24357.05548807249,1581.585544642339,25938.641032714826,40596.61273822782,403.55916380804223,4,15294.587999178835,16595.688186302585,13445.324633445556,6199.303887488078,6196.1736624431205,0.019088400000327965,0.0
2025-08-30,ridge_q0.7,24402.013009340262,0.0,24402.013009340262,41244.839384798775,0.0,0,19869.816696385027,15522.226281242827,12659.923426162408,6196.1736624431205,6099.595730936766,0.035294200000862475,0.0
2025-08-31,ridge_q0.7,47394.42108360914,471.9966047710238,47866.41768838016,74627.0465906603,69.57194852526698,3,3185.013906114558,21164.485879804684,16299.504330066993,6099.595730936766,7037.072656019883,0.03813860000082059,0.0
2025-09-01,ridge_q0.7,47269.33638705446,0.0,47269.33638705446,74223.79169398488,0.0,0,14832.9646472528,18839.102203609662,13022.409690210901,7037.072656019883,9522.920539034247,0.021866700000828132,0.0
2025-09-02,ridge_q0.7,38091.34652055442,0.0,38091.34652055442,58988.39977566703,0.0,0,3303.2943397449003,18035.077019407996,16407.727433485867,9522.920539034247,7523.681597072706,0.02402029999939259,0.0
2025-09-03,ridge_q0.7,38693.82692718934,0.0,38693.82692718934,60716.513538396735,0.0,0,1857.6537930768916,18424.155288657148,15113.0127933373,7523.681597072706,7313.184919822691,0.05816109999977925,1.880392349889477e-16
2025-09-04,ridge_q0.7,37638.4745251891,238.58918698361384,37877.06371217271,58961.42185012936,35.07703126693809,3,1983.5417756382544,19975.29827033964,16887.906714581593,7313.184919822691,6526.61256914882,0.021708599999328726,0.0
2025-09-05,ridge_q0.7,16672.26412373039,6051.204374123889,22723.46849785428,29542.861557825796,1387.20919610352,7,21458.469630527816,16087.584656883027,13440.245200148196,6526.61256914882,6071.832982401106,0.01931250000052387,0.0
2025-09-06,ridge_q0.7,18497.489122871568,2113.6930792083467,20611.182202079915,32732.71824998438,517.9588291834509,6,21187.563454595755,17330.097751229798,12988.06782665772,6071.832982401106,7237.734484443796,0.022148800000650226,0.0
2025-09-07,ridge_q0.7,38291.30854401851,0.0,38291.30854401851,59810.508804411525,0.0,0,861.643193390219,20218.903655487382,16231.021661132741,7237.734484443796,7400.279262012719,0.020844500000748667,0.0
2025-09-08,ridge_q0.7,31213.04886388582,61308.72477670989,92521.77364059571,50066.25037002685,9915.2166213427,30,0.0,13766.783391872566,13180.885933836344,7400.279262012719,5144.955499324319,0.02765499999986787,0.0
2025-09-09,ridge_q0.7,33657.26449163915,26329.56892711811,59986.83341875726,54799.73771634701,4193.276960548458,19,1652.5257471329048,20675.4996347419,16437.844971646013,5144.955499324319,5488.632979874238,0.05326319999949192,0.0
2025-09-10,ridge_q0.7,35911.33792712847,43290.09126961928,79201.42919674775,58133.34676578925,6848.063228901696,20,140.9366308542535,17129.976903564006,13605.50218972731,5488.632979874238,5788.387537829281,0.03503359999922395,0.0
2025-09-11,ridge_q0.7,36922.92711432476,7185.282586113185,44108.20970043795,60259.83673093518,1120.728976083947,9,3852.8528658433434,20992.776542809544,16961.149484967085,5788.387537829281,5836.164776394441,0.02585220000037225,0.0
2025-09-12,ridge_q0.7,14808.700289533459,16114.371179712663,30923.071469246122,27676.58733563059,3394.731922584953,19,17086.101448210597,15656.340758536553,13222.779148531605,5836.164776394441,5234.8946273755555,0.025183599998854334,0.0
2025-09-13,ridge_q0.7,16041.883757758362,9641.47614242246,25683.35990018082,30213.430954348925,1761.7753673893794,13,20554.8291,15912.990361627351,12499.714623222375,5234.8946273755555,5668.014149259757,0.06430460000046878,1.1339001273252188e-16
2025-09-14,ridge_q0.7,35636.2687951651,35965.0844383245,71601.3532334896,57850.08888777305,5515.0028048271315,15,45.620411650372944,17516.330187428208,14296.183656478403,5668.014149259757,5548.062810746919,0.0320069000008516,0.0
2025-09-15,ridge_q0.7,39032.03402169816,3315.15911497471,42347.19313667287,63525.692820339886,479.1257798797401,5,4522.850731167538,21908.821321228483,17493.88408550973,5548.062810746919,5828.353015952852,0.03307130000030156,0.0
2025-09-16,ridge_q0.7,38033.70940874105,12589.975030908186,50623.68443964924,61355.50107719291,1885.8861652445146,10,50.26494621938957,19814.94733526659,16115.595022381882,5828.353015952852,5755.588926157356,0.037232099999528145,0.0
2025-09-17,ridge_q0.7,42792.9765937433,0.0,42792.9765937433,68819.68860261317,0.0,0,4261.181470766496,20948.68422637754,16350.295494530865,5755.588926157356,6442.409735973959,0.02367960000083258,0.0
2025-09-18,ridge_q0.7,40642.056530678805,805.6872207606693,41447.74375143948,65377.83960367741,143.73553780704097,5,3058.7893677429215,20289.84861573754,16783.113958662674,6442.409735973959,6055.369091623663,0.021537299999181414,0.0
2025-09-19,ridge_q0.7,17676.83762131806,1305.5944634158357,18982.432084733897,31945.306711029283,332.5207507577448,5,13161.060255923116,16286.736482558132,13271.321593360884,6055.369091623663,5967.519044413886,0.022156400000312715,0.0
2025-09-20,ridge_q0.7,18076.86123161691,367.8300786526712,18444.69131026958,33027.74047540262,58.87025151375684,3,13955.104881114752,16734.383840009094,13248.3117275408,5967.519044413886,6308.118136487855,0.06798290000006091,0.0
2025-09-21,ridge_q0.7,42539.37366449499,0.0,42539.37366449499,68644.41399210847,0.0,0,6449.771442680972,19417.06047982778,15509.905413733613,6308.118136487855,6550.24433085106,0.021735399999670335,0.0
2025-09-22,ridge_q0.7,42884.7255056609,125.58313936001113,43010.30864502091,68683.12325410874,18.634908240185723,2,4882.2527734487685,19133.497922026872,15928.012416460038,6550.24433085106,6072.600886830757,0.020222400000420748,0.0
2025-09-23,ridge_q0.7,44413.78551858612,2.1993689926484015,44415.984887578765,71561.08654727731,0.3260981529614355,1,4886.126051309717,21345.57910007983,16786.908089292596,6072.600886830757,6631.501977688621,0.04698439999992843,0.0
2025-09-24,ridge_q0.7,45280.837646283675,0.0,45280.837646283675,72324.43587101983,0.0,0,7194.628092353704,19994.23861561394,15927.655936947816,6631.501977688621,6928.921246243599,0.022395500000129687,0.0
2025-09-25,ridge_q0.7,44237.948236034856,103.49743166666669,44341.445667701526,70510.3318846701,15.37166666666667,1,6802.92928706149,19070.466360985236,15683.140996709952,6928.921246243599,6666.628752563701,0.05549029999929189,0.0
2025-09-26,ridge_q0.7,18829.493652115812,0.0,18829.493652115812,33459.80795943551,0.0,0,13054.614885786754,15572.205417401985,12861.255843753228,6666.628752563701,6391.329357388574,0.04465560000062396,0.0
2025-09-27,ridge_q0.7,18981.627516915607,0.0,18981.627516915607,34150.9110997385,0.0,0,13745.837376473944,16196.995893573127,13593.224420308572,6391.329357388574,5865.042972372643,0.018727299999227398,0.0
2025-09-28,ridge_q0.7,46085.15045926952,39.56136916666671,46124.711828436186,73940.8693342118,5.868333333333339,1,5208.805786962106,21952.77282416697,16702.470110250597,5865.042972372643,7064.238391622251,0.019272899999123183,0.0
2025-09-29,ridge_q0.7,45820.72316371451,39.20779413333375,45859.93095784784,72939.85391046206,5.620383333333393,1,7068.2164218023045,19518.02148697868,16400.655214985596,7064.238391622251,6407.507491030179,0.01974250000057509,0.0
2025-09-30,ridge_q0.7,47380.99370715133,47.69909704799627,47428.69280419932,75164.94338977612,7.059734633019502,1,5075.16304369723,21372.0379605021,16697.372646456846,6407.507491030179,7089.705381641133,0.020087000000785338,0.0
2025-10-01,ridge_q0.7,48063.730183674474,0.0,48063.730183674474,76252.9104685634,0.0,0,21908.563402903877,17648.846428018474,12966.020895692298,7089.705381641133,8566.977282755206,0.020852099998592166,0.0
2025-10-02,ridge_q0.7,41573.9871181828,0.0,41573.9871181828,66051.18419521836,0.0,0,11357.14150793126,18183.060616999057,15219.801046378623,8566.977282755206,8020.841786522564,0.021713000000090688,0.0
2025-10-03,ridge_q0.7,17352.23781538515,0.0,17352.23781538515,31039.70659922283,0.0,0,20281.862947732126,16249.974947981153,13309.284996490449,8020.841786522564,7857.724799160657,0.024425300000075367,0.0
2025-10-04,ridge_q0.7,18756.06704488345,0.0,18756.06704488345,33428.919767720545,0.0,0,16611.208612514572,16763.74402317153,13042.015301298892,7857.724799160657,8453.966307460712,0.022545399999216897,0.0
2025-10-05,ridge_q0.7,42079.24327156202,0.0,42079.24327156202,66646.83052083537,0.0,0,8163.288674394916,18677.22170878168,14929.64092900789,8453.966307460712,8674.975924244352,0.02897330000087095,0.0
2025-10-06,ridge_q0.7,42456.47683630607,0.0,42456.47683630607,66612.83318459473,0.0,0,6015.991620206858,18123.49552270156,15259.7632083137,8674.975924244352,8030.829440993868,0.019678900000144495,0.0
2025-10-07,ridge_q0.7,42756.661339766106,0.0,42756.661339766106,67641.31951076216,0.0,0,5570.39094727226,20123.045324017614,15823.679760527719,8030.829440993868,8559.703832023362,0.02113930000086839,0.0
2025-10-08,ridge_q0.7,38260.224285359654,0.0,38260.224285359654,62181.47888302806,0.0,0,4092.5596214484176,18375.5428650264,16765.119270113417,8559.703832023362,6469.782110421106,0.021490300001460128,0.0
2025-10-09,ridge_q0.7,39601.46501379122,0.0,39601.46501379122,64988.987937310885,0.0,0,5447.068781414826,20416.06625228813,16634.1287797254,6469.782110421106,6361.876426674421,0.022025300000677817,0.0
2025-10-10,ridge_q0.7,15965.737235586232,431.4996746980602,16397.236910284293,30389.86283594905,118.13591620610332,2,18629.194449688097,15982.469660755109,13447.276274954716,6361.876426674421,5804.681038070997,0.031926499999826774,0.0
2025-10-11,ridge_q0.7,17086.336101845456,0.0,17086.336101845456,33012.19233831993,0.0,0,15216.171597009172,16420.11949324522,12730.412335267796,5804.681038070997,6437.885987249708,0.04569649999939429,0.0
2025-10-12,ridge_q0.7,39347.85453394064,742.5767413361006,40090.431275276744,64639.10058353083,106.75426694503221,2,2546.7579376703934,20702.457051517726,17018.31612204558,6437.885987249708,6160.857198009465,0.02214529999946535,0.0
2025-10-13,ridge_q0.7,40766.46745032779,0.0,40766.46745032779,66648.66190342442,0.0,0,5646.311703258896,20564.44239623753,16589.487496072004,6160.857198009465,6236.091470098798,0.044991799999479554,0.0
2025-10-14,ridge_q0.7,40982.70505414445,98.14375284866634,41080.84880699311,67112.01418906345,14.068771910645978,1,2264.514462043096,21482.82505383718,17395.08583823951,6236.091470098798,6242.760864952814,0.022882999999637832,0.0
2025-10-15,ridge_q0.7,41134.752506706296,0.0,41134.752506706296,67046.57628816995,0.0,0,1052.7052882582225,21108.728186206426,17034.8808362947,6242.760864952814,6312.970858877825,0.028064299998732167,0.0
2025-10-16,ridge_q0.7,40955.46749932176,8915.89372918975,49871.36122851151,66614.50758772157,1296.8632084757578,2,954.8614537306076,21357.90265223009,17367.866259763374,6312.970858877825,6237.454068370049,0.020898300001135794,0.0
2025-10-17,ridge_q0.7,16919.684594498933,0.0,16919.684594498933,31950.146689549958,0.0,0,13366.003362835072,15762.52579859252,13182.581788544301,6237.454068370049,5776.41418872076,0.023699200000919518,0.0
2025-10-18,ridge_q0.7,17273.102904364685,0.0,17273.102904364685,33046.56714793373,0.0,0,13143.0945070414,16491.215144681577,12664.335770455917,5776.41418872076,6547.023629538721,0.02485999999953492,0.0
2025-10-19,ridge_q0.7,41429.789533885705,10803.360907796296,52233.150441682,67930.17869038085,1589.048311825418,7,1800.2085932448485,21488.00726910799,17654.711393479905,6547.023629538721,6269.88417898046,0.026277300001311232,0.0
2025-10-20,ridge_q0.7,43405.02683193002,1594.058496362395,44999.08532829242,70373.03445437839,332.1670110919256,4,2225.22781482942,21686.06085729651,17646.86957332228,6269.88417898046,6179.706091300345,0.03222030000142695,0.0
2025-10-21,ridge_q0.7,44581.001830172136,0.0,44581.001830172136,72572.72969958815,0.0,0,1565.6253411195926,22141.735908120056,17597.212899651488,6179.706091300345,6554.809631217856,0.023499599999922793,0.0
2025-10-22,ridge_q0.7,44587.11308939589,2396.714299268504,46983.827388664395,72563.14913366397,494.8494120873496,5,3694.592067410197,21654.66673296164,17846.1569546205,6554.809631217856,6214.946407971661,0.020284399999582092,0.0
2025-10-23,ridge_q0.7,45435.084706790105,0.0,45435.084706790105,73713.90248262841,0.0,0,5921.810318228957,21911.985895055324,17499.39076398919,6214.946407971661,6491.966197977905,0.02935790000083216,0.0
2025-10-24,ridge_q0.7,16860.484963559884,1721.2247176527444,18581.70968121263,31825.55059016117,343.5452545609505,8,11273.077816612962,16485.770666815326,14009.80335537284,6491.966197977905,5762.711625475215,0.022766699999920093,0.0
2025-10-25,ridge_q0.7,17877.743383103443,0.0,17877.743383103443,34247.61570106642,0.0,0,11409.276543008966,16765.40860483971,13325.50218011559,5762.711625475215,6045.465836369189,0.04659999999967113,0.0
2025-10-26,ridge_q0.7,45375.16437275387,0.0,45375.16437275387,73820.0950271407,0.0,0,4581.234933134219,21710.416253892214,17015.8681765524,6045.465836369189,6678.320268702845,0.032700699999622884,0.0
2025-10-27,ridge_q0.7,45297.17846071816,617.2243941260558,45914.402854844215,73247.57935402443,88.47826750660204,1,6413.24464692145,20859.29163409823,17489.06032615531,6678.320268702845,6019.393488107575,0.02535820000048261,0.0
2025-10-28,ridge_q0.7,46305.464463917335,0.0,46305.464463917335,75227.12267900138,0.0,0,4406.459554032837,22426.10967922203,17577.868254253488,6019.393488107575,6671.927472459087,0.026111999999557156,0.0
2025-10-29,ridge_q0.7,45613.97218742177,5144.178092888679,50758.15028031045,73538.2395712357,781.1659871382802,8,1232.5306671778553,22161.2627397664,18386.644648570284,6671.927472459087,6187.458773170749,0.024621100001240848,0.0
2025-10-30,ridge_q0.7,46086.74247697145,0.0,46086.74247697145,74589.5314192315,0.0,0,5514.775542033214,21710.613599791897,17423.675372593607,6187.458773170749,6367.371710101676,0.02273329999843554,0.0
2025-10-31,ridge_q0.7,18069.927999059684,0.0,18069.927999059684,33696.783012852706,0.0,0,6912.418818249587,17035.774354003705,14155.70222606725,6367.371710101676,5971.010599741406,0.02383949999966717,0.0
2025-11-01,ridge_q0.7,18832.5926223704,0.0,18832.5926223704,35373.841629836665,0.0,0,8731.002307707002,17299.46858105471,13200.667692258374,5971.010599741406,6873.123775736898,0.038434300000517396,0.0
2025-11-02,ridge_q0.7,46938.47660719755,246.69806706574138,47185.17467426329,75814.78043147894,35.363828421121184,1,3182.8280963930283,22607.909063559673,18736.976833385976,6873.123775736898,6401.378784733966,0.023758600000292063,0.0
2025-11-03,ridge_q0.7,47988.33960324712,0.0,47988.33960324712,76927.88863400764,0.0,0,3080.007667833136,21528.655126479684,17185.70444363851,6401.378784733966,6681.941238967338,0.019395499999518506,0.0
2025-11-04,ridge_q0.7,48705.19542644356,54.24183944050414,48759.437265884066,78293.09798875982,11.610229797411534,2,6946.9693524241175,21002.088035649245,17224.42120284945,6681.941238967338,6445.574690107826,0.0198541000008845,0.0
2025-11-05,ridge_q0.7,48900.13130216139,0.0,48900.13130216139,78434.16307500505,0.0,0,4156.228982127954,22159.459982798635,17559.545956588194,6445.574690107826,6878.482056195277,0.019998800000394112,0.0
2025-11-06,ridge_q0.7,47591.25165176625,4790.22812271039,52381.47977447664,76499.1923813503,991.7742103414824,7,2323.3446382446637,22180.599206659637,18382.56180321252,6878.482056195277,6415.952671952812,0.021178799999688636,0.0
2025-11-07,ridge_q0.7,18913.353520939818,0.0,18913.353520939818,35129.38902125457,0.0,0,8566.330256982568,17988.093859585853,14743.49687864719,6415.952671952812,6223.573947083205,0.06868869999925664,0.0
2025-11-08,ridge_q0.7,18298.807152931167,0.0,18298.807152931167,34747.19206106423,0.0,0,7774.625255078132,17212.1971067974,14030.837400811304,6223.573947083205,6124.732008966084,0.050343200000497745,0.0
2025-11-09,ridge_q0.7,48488.654564730154,1478.0300589150002,49966.68462364515,78052.8311884176,230.41736709264674,4,2571.6647683440046,22600.24175072452,18235.475146891607,6124.732008966084,6203.310532516367,0.02695579999999609,0.0
2025-11-10,ridge_q0.7,49744.35318925598,0.0,49744.35318925598,79724.94461561974,0.0,0,1539.8742346838503,22963.398016425974,18636.770735490085,6203.310532516367,6162.84570786632,0.01878690000012284,0.0
2025-11-11,ridge_q0.7,50434.403614360665,0.0,50434.403614360665,80631.13908535983,0.0,0,4420.153526704147,22211.142206323504,17559.176314334487,6162.84570786632,6642.677788741376,0.02598559999933059,0.0
2025-11-12,ridge_q0.7,50012.49559660637,301.09020851131316,50313.585805117684,79997.41327616334,43.1608670457731,1,5328.00935451856,21795.404863516495,18038.827824825923,6642.677788741376,6215.400138321854,0.01988110000093002,0.0
2025-11-13,ridge_q0.7,50181.37431840703,532.1831247922564,50713.557443199286,80150.77200006707,76.28771857687161,1,3508.211813216599,21726.521660276223,17403.545071515546,6215.400138321854,6431.9973308865165,0.024111400000037975,0.0
2025-11-14,ridge_q0.7,19291.97379229552,0.0,19291.97379229552,36032.45441505317,0.0,0,5276.811392700817,17396.65474905285,14239.467026700488,6431.9973308865165,6267.356575366877,0.024118100000123377,0.0
2025-11-15,ridge_q0.7,19086.099051355333,0.0,19086.099051355333,35870.83976138482,0.0,0,4292.886718746055,18165.573708005653,14799.507582033548,6267.356575366877,6172.475599201358,0.04393010000057984,0.0
2025-11-16,ridge_q0.7,51700.698009675514,0.0,51700.698009675514,82370.75225005441,0.0,0,3306.3724187366515,23199.01424190398,18569.17879391955,6172.475599201358,6419.167534782115,0.020475299999816343,0.0
2025-11-17,ridge_q0.7,52278.49929072597,0.0,52278.49929072597,82775.90703320592,0.0,0,5863.442953379407,21791.14003964841,17574.430293155223,6419.167534782115,6504.048800293219,0.01326379999954952,0.0
2025-11-18,ridge_q0.7,51465.458029755886,0.0,51465.458029755886,81774.22435795308,0.0,0,2860.3703898086655,21814.581433883734,17791.279299072645,6504.048800293219,6369.083980707848,0.019726799999261857,0.0
2025-11-19,ridge_q0.7,51411.142681908226,6.301057500000477,51417.44373940823,81848.36540100974,1.3850000000001046,1,2235.0533057796038,23477.163205677934,19230.777710447794,6369.083980707848,6131.000076431546,0.01296619999993709,2.8304983062529214e-16
2025-11-20,ridge_q0.7,52453.26207248852,0.0,52453.26207248852,83305.79657136722,0.0,0,4017.5916886161976,22416.707504911406,17921.578655493708,6131.000076431546,6393.171658081023,0.029359400001339964,0.0
2025-11-21,ridge_q0.7,19465.107241406047,0.0,19465.107241406047,36260.82916132882,0.0,0,4143.760225326907,18198.195859242333,14945.510989907096,6393.171658081023,6165.424609280129,0.02747779999845079,0.0
2025-11-22,ridge_q0.7,19871.45686002453,0.0,19871.45686002453,37415.93896495555,0.0,0,3638.2329790807144,18477.470672157353,14919.594169615844,6165.424609280129,6217.821359093032,0.028454500001316774,0.0
2025-11-23,ridge_q0.7,53019.580049968354,0.0,53019.580049968354,84200.14089833606,0.0,0,4336.424582147541,23470.755366486206,18839.135333631024,6217.821359093032,6409.1285960072655,0.03558080000038899,0.0
2025-11-24,ridge_q0.7,52243.76595879227,788.6529071994573,53032.41886599173,83017.95609951325,131.61117556947545,5,5362.647725499836,21568.354165554385,17943.37831597149,6409.1285960072655,5883.560327260112,0.028637499999604188,0.0
2025-11-25,ridge_q0.7,52824.147333163164,0.0,52824.147333163164,84144.91119719944,0.0,0,3230.4666400722695,23558.723434086016,18812.9393436255,5883.560327260112,6183.14548057586,0.033022499999788124,0.0
2025-11-26,ridge_q0.7,52974.13293161646,154.53999266666654,53128.67292428313,84216.29486800643,32.99316666666664,1,2587.3135357501806,23960.467518557518,19056.159902967927,6183.14548057586,6574.055243979929,0.033903100000316044,0.0
2025-11-27,ridge_q0.7,53018.32855439627,0.0,53018.32855439627,83978.61293889879,0.0,0,3980.1143713093434,22620.29263763978,18402.68680338367,6574.055243979929,6484.8888363183305,0.022769299999708892,0.0
2025-11-28,ridge_q0.7,19860.268037439477,520.5290818333099,20380.797119272785,37317.31460987518,85.15116666666285,1,3270.762077268122,18744.74321354465,15534.278064270924,6484.8888363183305,6094.848768207488,0.03495019999900251,0.0
2025-11-29,ridge_q0.7,20635.89910750766,0.0,20635.89910750766,38910.0745060613,0.0,0,160.09583020798414,19098.767984538048,15278.23940868474,6094.848768207488,6307.918389086461,0.036351499999000225,0.0
2025-11-30,ridge_q0.7,54239.90633546129,28.398311333334185,54268.30464679462,86040.81454849167,6.062833333333515,1,1127.647845882494,24981.72011423832,20307.31869496247,6307.918389086461,6227.779053053775,0.012776499999745283,0.0
2025-12-01,ridge_q0.7,54830.77191794815,24115.463477321762,78946.2353952699,86762.93388387735,4703.88386926934,15,660.7771793635219,24597.757547135257,20090.644706685427,6227.779053053775,6042.8222824916975,0.038655000000289874,0.0
2025-12-02,ridge_q0.7,56507.43300941995,22129.00356930845,78636.4365787284,89297.85322782234,4270.297159321571,15,179.3814640245339,24433.69848220116,19682.73950908178,6042.8222824916975,6163.4403508263185,0.02325560000099358,0.0
2025-12-03,ridge_q0.7,63890.30760120756,0.0,63890.30760120756,98855.78504946551,0.0,0,5623.044465442123,24702.770205455185,18632.77818809847,6163.4403508263185,7692.84666007102,0.024109099998895545,0.0
2025-12-04,ridge_q0.7,63778.88446319429,344.6974432314095,64123.5819064257,97973.23770951582,62.29414930207588,2,6417.366454365224,24221.590548755703,19374.63389430302,7692.84666007102,7964.907160281136,0.01920359999894572,0.0
2025-12-05,ridge_q0.7,29298.52362740104,0.0,29298.52362740104,52717.11230009046,0.0,0,7227.094184662297,19347.488074217705,15169.097642122862,7964.907160281136,8523.093491385005,0.020269999999072752,0.0
2025-12-06,ridge_q0.7,28208.564507933585,0.0,28208.564507933585,51424.003086390374,0.0,0,4402.145400987682,19166.266489263762,15809.039620527737,8523.093491385005,8207.133753358248,0.032644800001435215,0.0
2025-12-07,ridge_q0.7,64559.75361674087,83.74454389605958,64643.498160636926,98831.87510681697,14.417585245082137,1,7031.923834268253,22512.196904160883,18350.50929636709,8207.133753358248,8078.656193361833,0.019683499998791376,0.0
2025-12-08,ridge_q0.7,69357.9672656667,0.0,69357.9672656667,105524.18648835603,0.0,0,13548.847852548137,21067.652884456125,16939.525365314887,8078.656193361833,8217.848939022473,0.01850869999907445,0.0
2025-12-09,ridge_q0.7,68819.6619978835,0.0,68819.6619978835,104867.70725176178,0.0,0,13508.621515633471,21888.036150053063,17917.404680591426,8217.848939022473,8008.854051190872,0.01255229999878793,2.1144996656354378e-16
2025-12-10,ridge_q0.7,63599.71144764292,0.0,63599.71144764292,98228.10790245877,0.0,0,6537.743387311273,21861.81023556197,18559.064187081145,8008.854051190872,7063.300833106488,0.01790429999891785,0.0
2025-12-11,ridge_q0.7,64566.237342818,0.0,64566.237342818,99796.14739419459,0.0,0,9389.525930492298,22671.20159394698,18225.83483024469,7063.300833106488,7216.4546784980075,0.019497299999784445,1.1268981922473393e-16
2025-12-12,ridge_q0.7,27494.686618986707,0.0,27494.686618986707,51332.581094731606,0.0,0,4430.9698026372025,18981.321020020507,15794.123211259437,7216.4546784980075,6750.617806228195,0.02188139999998384,0.0
2025-12-13,ridge_q0.7,28766.027136589477,0.0,28766.027136589477,53986.76419499142,0.0,0,6022.591210640106,19853.323899423318,15687.684298405336,6750.617806228195,7187.848984147698,0.020056700001077843,0.0
2025-12-14,ridge_q0.7,64205.0657086235,0.0,64205.0657086235,99395.62825255835,0.0,0,6257.648240342762,23547.44766346518,19188.189451249575,7187.848984147698,7060.341379877943,0.018722700000580517,0.0
2025-12-15,ridge_q0.7,63722.68452432554,0.0,63722.68452432554,98761.12737248433,0.0,0,4952.641440265427,23664.19813857432,19325.270173022076,7060.341379877943,6885.597290125855,0.022659899999780464,0.0
2025-12-16,ridge_q0.7,63928.40533649011,0.0,63928.40533649011,99014.02115264736,0.0,0,5218.652600654508,23689.320666666747,19312.043448007225,6885.597290125855,6748.159836784572,0.01931499999955122,0.0
2025-12-17,ridge_q0.7,62641.02642670803,0.0,62641.02642670803,97679.17662038154,0.0,0,5262.565555798425,23426.14509579263,19201.381097876172,6748.159836784572,6496.82253646887,0.020885800000542076,0.0
2025-12-18,ridge_q0.7,61805.228820970486,0.0,61805.228820970486,96405.15116902647,0.0,0,4394.26935172837,24886.906373885053,20242.291523253603,6496.82253646887,6403.60324712809,0.020910200000798795,0.0
2025-12-19,ridge_q0.7,26815.315935349336,0.0,26815.315935349336,50801.753641021176,0.0,0,4566.41061968759,19724.784028304366,16397.83230697077,6403.60324712809,5936.09519819005,0.020583600000463775,0.0
2025-12-20,ridge_q0.7,26971.56366075093,0.0,26971.56366075093,51478.93486625823,0.0,0,4295.945825883554,20959.91580931687,16633.279018942194,5936.09519819005,6318.5982944172365,0.019841600000290782,0.0
2025-12-21,ridge_q0.7,62296.02914275311,138.1073234727347,62434.13646622585,97145.51177955553,23.77676224029176,1,3384.630747526916,24392.689694202338,19645.81376660009,6318.5982944172365,6443.337056310349,0.020857899999100482,0.0
2025-12-22,ridge_q0.7,62178.4628987171,558.2201379424837,62736.68303665958,97001.97794143701,116.23361525835783,4,3898.4663825775633,24219.850972281125,19937.53288149664,6443.337056310349,6088.388618589303,0.0209088999999949,0.0
2025-12-23,ridge_q0.7,62218.10820410172,0.0,62218.10820410172,97275.15311717833,0.0,0,5052.500289888919,24355.067576496323,19390.507282540246,6088.388618589303,6462.941345724604,0.029995099999723607,0.0
2025-12-24,ridge_q0.7,60620.18663702049,884.3567886217402,61504.54342564223,95028.21762457759,131.20570642175983,2,2913.3013113462835,24842.447075302836,20450.884372316432,6462.941345724604,6097.938855367784,0.019981199999165256,0.0
2025-12-25,ridge_q0.7,60640.23242870453,598.6553469785193,61238.88777568305,95084.4657108064,86.33690399283898,2,2639.638414543665,24665.887065621704,19947.17139869946,6097.938855367784,6133.7134380945845,0.019533400000000256,0.0
2025-12-26,ridge_q0.7,25774.964033803317,0.0,25774.964033803317,49082.4238598555,0.0,0,1829.5856104860259,21319.65177043246,17074.435954396315,6133.7134380945845,6349.804526599006,0.03211630000078003,0.0
2025-12-27,ridge_q0.7,25667.80177959422,0.0,25667.80177959422,49261.34267138636,0.0,0,2058.264227493563,20814.97909438483,16950.7097171587,6349.804526599006,6249.163803591243,0.021948800000245683,0.0
2025-12-28,ridge_q0.7,61032.65547660698,476.8131008887497,61509.46857749573,95578.34243835288,82.39313830157141,3,4127.128524692258,23998.48829418792,19274.135992225725,6249.163803591243,6432.096610331775,0.0202101999984734,2.3842834814789285e-16
2025-12-29,ridge_q0.7,60600.96651474525,0.0,60600.96651474525,94720.88245052804,0.0,0,2986.1756605259898,23694.14259044182,19483.202067106446,6432.096610331775,6108.822644944476,0.019623499998488114,0.0
2025-12-30,ridge_q0.7,59540.20892672463,919.1485966193848,60459.35752334401,93692.20607841166,174.41988708129242,3,2940.1676533267128,24749.051186319084,20046.995474152824,6108.822644944476,6108.529296906294,0.03265800000008312,0.0
2025-12-31,ridge_q0.7,59295.105996468075,4469.767607511311,63764.87360397939,93218.68364533604,835.4009363177859,10,791.3775048698391,25266.699509609512,20650.415366158864,6108.529296906294,5903.652893156119,0.022626100000707083,0.0
