interval_start,date,slot,plan_kwh,load_kwh,pv_kwh,charge_kwh,discharge_kwh,emergency_kwh,spill_kwh,soc_start_kwh,soc_end_kwh,price,forecast_load_kwh,forecast_pv_kwh,reserve_kwh
2025-03-20 00:00:00,2025-03-20,0,1451.3596124571386,549.8448166666667,0.0,833.3333333333331,0.0,0.0,68.18146245713865,6617.0463795200885,7367.046379520088,0.4248,598.5202285529298,0.0,19.50605057087541
2025-03-20 00:10:00,2025-03-20,1,1442.6370904388768,570.3135,0.0,833.3333333333331,0.0,0.0,38.990257105543606,7367.046379520088,8117.046379520088,0.4244999999999999,590.5416794614396,0.0,18.762077644103897
2025-03-20 00:20:00,2025-03-20,2,1429.5459862427492,613.8516666666667,0.0,815.6943195760825,0.0,0.0,0.0,8117.046379520088,8851.171267138563,0.4269,577.3591389430388,0.0,18.853513966377168
2025-03-20 00:30:00,2025-03-20,3,1087.867461410622,579.4561666666666,0.0,508.4112947439555,0.0,0.0,0.0,8851.171267138563,9308.741432408126,0.4272,587.906340341231,0.0,18.901542758378383
2025-03-20 00:40:00,2025-03-20,4,1437.2794831899057,550.4449166666666,0.0,833.3333333333331,0.0,0.0,53.50123318990563,9308.741432408126,10058.741432408124,0.4270999999999999,585.1001203252171,0.0,18.84602953135524
2025-03-20 00:50:00,2025-03-20,5,580.8991944141372,571.1566666666665,0.0,9.742527747470605,0.0,0.0,0.0,10058.741432408124,10067.509707380848,0.4284999999999999,563.8304716394655,0.0,17.068722774671755
2025-03-20 01:00:00,2025-03-20,6,571.403308164424,601.5890499999999,0.0,0.0,30.185741835575985,0.0,0.0,10067.509707380848,10033.969994230209,0.4310999999999999,556.5413961378335,0.0,14.861912026590405
2025-03-20 01:10:00,2025-03-20,7,566.870941295251,611.48375,0.0,0.0,44.612808704749,0.0,0.0,10033.969994230209,9984.400206780483,0.4302,550.8076084407504,0.0,16.063332854500516
2025-03-20 01:20:00,2025-03-20,8,563.2385025002035,598.2166666666667,0.0,0.0,34.978164166463216,0.0,0.0,9984.400206780483,9945.53557992886,0.4279,544.5862168938446,0.0,18.652285606358877
2025-03-20 01:30:00,2025-03-20,9,575.5330554527436,583.9359499999999,0.0,0.0,8.402894547256324,0.0,0.0,9945.53557992886,9936.19903043191,0.4312,556.0819629882095,0.0,19.45109246453416
2025-03-20 01:40:00,2025-03-20,10,604.6630956718968,590.99505,0.0,13.668045671896834,0.0,0.0,0.0,9936.19903043191,9948.500271536615,0.4333,586.6409181109232,0.0,18.022177560973603
2025-03-20 01:50:00,2025-03-20,11,623.6169267658322,598.4433333333333,0.0,25.173593432498933,0.0,0.0,0.0,9948.500271536615,9971.156505625864,0.4310999999999999,606.1438517403935,0.0,17.473075025438618
2025-03-20 02:00:00,2025-03-20,12,600.5037404888628,565.9836166666666,0.0,34.52012382219618,0.0,0.0,0.0,9971.156505625864,10002.22461706584,0.4293,580.2133703622957,0.0,20.290370126567154
2025-03-20 02:10:00,2025-03-20,13,587.070681046807,546.1207666666667,0.0,40.949914380140285,0.0,0.0,0.0,10002.22461706584,10039.079540007966,0.4324,566.8968994526782,0.0,20.17378159412874
2025-03-20 02:20:00,2025-03-20,14,602.625069993283,565.7133333333334,0.0,36.91173665994961,0.0,0.0,0.0,10039.079540007966,10072.30010300192,0.4366999999999999,581.8025153844042,0.0,20.822554608878875
2025-03-20 02:30:00,2025-03-20,15,608.7362058708575,597.9265666666665,0.0,10.80963920419083,0.0,0.0,0.0,10072.30010300192,10082.028778285692,0.4348,589.0466129235942,0.0,19.689592947263293
2025-03-20 02:40:00,2025-03-20,16,623.7682815596837,600.9544666666666,0.0,22.813814893017135,0.0,0.0,0.0,10082.028778285692,10102.561211689408,0.4335,605.0989918758264,0.0,18.66928968385733
2025-03-20 02:50:00,2025-03-20,17,636.2774191498564,587.1316666666667,0.0,49.14575248318977,0.0,0.0,0.0,10102.561211689408,10146.79238892428,0.4356999999999999,617.6081294659991,0.0,18.66928968385733
2025-03-20 03:00:00,2025-03-20,18,609.2259117966429,605.2103,0.0,4.015611796642929,0.0,0.0,0.0,10146.79238892428,10150.40643954126,0.4374,591.2987484366752,0.0,17.92716335996772
2025-03-20 03:10:00,2025-03-20,19,587.9044265739652,621.8923833333333,0.0,0.0,33.98795675936799,0.0,0.0,10150.40643954126,10112.64204314196,0.4370999999999999,571.9671065839401,0.0,15.937319990025143
2025-03-20 03:20:00,2025-03-20,20,597.1316761302592,620.1683333333333,0.0,0.0,23.036657203074128,0.0,0.0,10112.64204314196,10087.045757360767,0.4355999999999999,583.0094095395806,0.0,14.12226659067852
2025-03-20 03:30:00,2025-03-20,21,613.9150229066621,616.6230833333333,0.0,0.0,2.7080604266711816,0.0,0.0,10087.045757360767,10084.036801331133,0.4353,600.1622414881814,0.0,13.752781418480708
2025-03-20 03:40:00,2025-03-20,22,601.8441703303228,612.4637499999999,0.0,0.0,10.619579669677137,0.0,0.0,10084.036801331133,10072.237268364825,0.436,589.5760778973887,0.0,12.268092432934084
2025-03-20 03:50:00,2025-03-20,23,582.6690298046892,603.93,0.0,0.0,21.260970195310733,0.0,0.0,10072.237268364825,10048.613968147813,0.4378,570.4009373717552,0.0,12.268092432934084
2025-03-20 04:00:00,2025-03-20,24,603.84051804856,589.79495,0.0003166666666666,14.045884715226748,0.0,0.0,0.0,10048.613968147813,10061.255264391517,0.4400999999999999,590.6899060882355,0.0,13.150611960324568
2025-03-20 04:10:00,2025-03-20,25,614.9061985074384,581.4640499999999,0.0,33.442148507438446,0.0,0.0,0.0,10061.255264391517,10091.353198048211,0.4389,600.3650282338845,0.0,14.541170273553972
2025-03-20 04:20:00,2025-03-20,26,604.9273686282497,585.585,0.0,19.342368628249687,0.0,0.0,0.0,10091.353198048211,10108.761329813637,0.4364,589.0740377025892,0.0,15.853330925660488
2025-03-20 04:30:00,2025-03-20,27,615.2924441283283,599.72965,0.0045166666666666,15.56731079499491,0.0,0.0,0.0,10108.761329813637,10122.771909529132,0.4393,597.8964564100515,0.9829524192124948,18.378940137489337
2025-03-20 04:40:00,2025-03-20,28,630.7658157928415,616.7393166666666,0.0,14.02649912617494,0.0,0.0,0.0,10122.771909529132,10135.39575874269,0.4421999999999999,612.1505653299463,0.0,18.61525046289526
2025-03-20 04:50:00,2025-03-20,29,632.2724912182474,625.595,0.0,6.677491218247384,0.0,0.0,0.0,10135.39575874269,10141.405500839111,0.4395,613.262629146238,0.0,19.009862072009355
2025-03-20 05:00:00,2025-03-20,30,615.6764039896664,619.49685,0.0629333333333333,0.0,3.757512677000364,0.0,0.0,10141.405500839111,10137.230486753557,0.4333,600.6061676124399,3.545014085668868,18.61525046289526
2025-03-20 05:10:00,2025-03-20,31,614.4440202955227,617.8444,0.0,0.0,3.400379704477245,0.0,0.0,10137.230486753557,10133.452287081916,0.4439,597.5132661946078,0.0,16.93075410091484
2025-03-20 05:20:00,2025-03-20,32,613.5590315740719,607.115,0.0,6.444031574071913,0.0,0.0,0.0,10133.452287081916,10139.251915498578,0.4300999999999999,599.3924739839406,0.0,14.16655759013139
2025-03-20 05:30:00,2025-03-20,33,1438.2487224860745,576.3066333333334,0.8765666666666667,734.1645383349127,0.0,0.0,128.65411748449492,10139.251915498578,10800.0,0.3713,597.18585616687,7.948393779315267,15.677926765186385
2025-03-20 05:40:00,2025-03-20,34,703.3558480995888,671.4631166666666,0.0,0.0,0.0,0.0,31.892731432922236,10800.0,10800.0,0.5707999999999999,689.6473418403464,0.0,13.708506259242512
2025-03-20 05:50:00,2025-03-20,35,0.0,827.015,0.0,0.0,827.015,0.0,0.0,10800.0,9881.094444444447,0.9099,817.0216906258743,0.0,12.412498638396784
2025-03-20 06:00:00,2025-03-20,36,0.0,817.5199666666667,25.570033333333328,0.0,791.9499333333334,0.0,0.0,9881.094444444447,9001.150074074076,0.9368,810.143930485891,28.996881553000488,11.379735380504286
2025-03-20 06:10:00,2025-03-20,37,0.0,776.8039833333332,66.84066666666665,0.0,709.9633166666667,0.0,0.0,9001.150074074076,8212.301944444444,0.8758,793.1929502905598,63.96151434125727,11.258969232873085
2025-03-20 06:20:00,2025-03-20,38,0.0,783.9583333333331,112.5875,0.0,671.3708333333333,0.0,0.0,8212.301944444444,7466.334351851851,0.8759,813.7963297587697,110.5524639240952,11.223651535488358
2025-03-20 06:30:00,2025-03-20,39,0.0,787.8168,158.77193333333332,0.0,629.0448666666667,0.0,0.0,7466.334351851851,6767.39561111111,0.8600999999999999,797.0753948729832,160.66138601066302,11.258969232873085
2025-03-20 06:40:00,2025-03-20,40,0.0,803.2455499999999,217.08963333333327,0.0,586.1559166666666,0.0,0.0,6767.39561111111,6116.111259259257,0.8442,783.7676873297132,212.13638168077551,9.91390776336087
2025-03-20 06:50:00,2025-03-20,41,60.741860915042025,813.3883333333333,282.20624999999995,0.0,470.44022241829134,0.0,0.0,6116.111259259257,5593.399901016712,0.8334,787.6000827535881,264.6523977316048,9.393584628789995
2025-03-20 07:00:00,2025-03-20,42,476.1426001096924,781.5626833333333,334.9871833333333,29.56710010969232,0.0,0.0,0.0,5593.399901016712,5620.0102911154345,0.8092,782.9561790601906,317.51515237940254,10.701573428904313
2025-03-20 07:10:00,2025-03-20,43,457.366933922613,785.5607666666666,384.31915,56.12531725594647,0.0,0.0,0.0,5620.0102911154345,5670.523076645785,0.7972,809.200140908547,366.1221101062658,14.28890312033174
2025-03-20 07:20:00,2025-03-20,44,429.34044565101954,804.5333333333333,434.95625,59.76336231768619,0.0,0.0,0.0,5670.523076645785,5724.310102731704,0.7643999999999999,825.7454425119563,411.9414751926751,15.536478331738266
2025-03-20 07:30:00,2025-03-20,45,330.5106699545164,763.0259999999998,482.3358,49.8204699545164,0.0,0.0,0.0,5724.310102731704,5769.148525690768,0.6898999999999998,773.5560906833585,461.3788017639162,18.333381035073984
2025-03-20 07:40:00,2025-03-20,46,0.0,864.5061333333333,529.9280666666666,0.0,334.5780666666667,0.0,0.0,5769.148525690768,5397.395118283361,0.8599999999999999,892.7312267485306,514.2137528140388,19.040356292815204
2025-03-20 07:50:00,2025-03-20,47,0.0,1067.5983333333334,579.4187499999999,0.0,488.1795833333334,0.0,0.0,5397.395118283361,4854.973359024101,1.1617,1103.9663682089968,567.1985873705614,19.67109984835457
2025-03-20 08:00:00,2025-03-20,48,0.0,1109.6747666666663,626.8709166666665,0.0,482.8038499999999,0.0,0.0,4854.973359024101,4318.524636801879,1.1683,1074.825327682609,616.9408530998521,19.67109984835457
2025-03-20 08:10:00,2025-03-20,49,0.0,1101.1000166666663,662.7286166666667,0.0,438.37139999999994,0.0,0.0,4318.524636801879,3831.4453034685457,1.0956,1027.9887080159422,665.942629575775,23.487342458386195
2025-03-20 08:20:00,2025-03-20,50,0.0,1114.545,703.3874999999999,0.0,411.15750000000014,0.0,0.0,3831.4453034685457,3374.603636801879,1.0849,1065.9563491292906,713.5352882116374,27.030951381416344
2025-03-20 08:30:00,2025-03-20,51,0.0,1108.2959999999998,775.6238166666667,0.0,332.6721833333331,0.0,0.0,3374.603636801879,3004.96787754262,1.061,1068.1728284427245,757.5154955455076,28.111070465930936
2025-03-20 08:40:00,2025-03-20,52,0.0,1117.5889166666666,839.5837833333331,0.0,278.00513333333333,0.0,0.0,3004.96787754262,2696.0732849500278,1.043,1071.3744383932665,810.0087808690334,34.22084158918511
2025-03-20 08:50:00,2025-03-20,53,0.0,1126.3016666666667,863.4812499999998,0.0,262.8204166666668,0.0,0.0,2696.0732849500278,2404.050599764842,1.036,1087.5189629718711,867.2352646053862,39.18546074300076
2025-03-20 09:00:00,2025-03-20,54,0.0,1082.3667333333333,861.0829666666666,0.0,221.28376666666668,0.0,0.0,2404.050599764842,2158.17974791299,1.0147,1079.3753580520547,913.7531379945171,47.94037901180246
2025-03-20 09:10:00,2025-03-20,55,0.0,1072.7398666666666,922.2215,0.0,150.51836666666668,0.0,0.0,2158.17974791299,1990.9371182833604,0.9922,1079.098208588165,961.0702064210361,55.48135901422211
2025-03-20 09:20:00,2025-03-20,56,0.0,1095.1416666666669,1017.95625,0.0,77.18541666666668,0.0,0.0,1990.9371182833604,1905.1755442092865,0.97,1088.8834322570224,1010.037315525104,62.36952758358427
2025-03-20 09:30:00,2025-03-20,57,0.0,1066.5605833333334,1030.4658333333332,0.0,36.09475000000021,0.0,0.0,1905.1755442092865,1865.0702664315083,0.9422,1078.7040951341814,1047.0554149168047,56.28328404855505
2025-03-20 09:40:00,2025-03-20,58,0.0,1074.321683333333,1033.0643333333333,0.0,41.25734999999986,0.0,0.0,1865.0702664315083,1819.2287664315088,0.9569,1080.4794586803455,1069.7984383550006,56.28328404855505
2025-03-20 09:50:00,2025-03-20,59,0.0,1116.2383333333332,1071.03125,0.0,45.20708333333323,0.0,0.0,1819.2287664315088,1768.998673838916,0.9977,1094.2087978960851,1086.7106048953692,52.56746203758121
2025-03-20 10:00:00,2025-03-20,60,0.0,1096.3326,1112.54135,16.20875000000001,0.0,0.0,0.0,1768.998673838916,1783.586548838916,0.9919,1085.7399976290965,1109.655264413112,52.56746203758121
2025-03-20 10:10:00,2025-03-20,61,0.0,1074.2128666666667,1129.0006666666666,54.78779999999984,0.0,0.0,0.0,1783.586548838916,1832.895568838916,0.9588,1073.2745642416298,1129.3151858704814,50.22284359320247
2025-03-20 10:20:00,2025-03-20,62,0.0,1078.935,1146.5124999999998,67.57749999999987,0.0,0.0,0.0,1832.895568838916,1893.715318838916,0.9549,1063.2909905869524,1145.324476688544,41.745062343364566
2025-03-20 10:30:00,2025-03-20,63,0.0,1075.7058833333333,1211.41895,135.7130666666667,0.0,0.0,0.0,1893.715318838916,2015.857078838916,0.9839,1047.203954261042,1168.8248735455854,40.21988263288824
2025-03-20 10:40:00,2025-03-20,64,0.0,1058.7226666666666,1242.5592333333334,183.83656666666684,0.0,0.0,0.0,2015.857078838916,2181.309988838916,0.799,1055.3217740817347,1202.489910615201,41.745062343364566
2025-03-20 10:50:00,2025-03-20,65,732.3095914458484,1046.65,1210.5,833.3333333333331,0.0,0.0,62.826258112515234,2181.309988838916,2931.309988838916,0.5025,1079.7504879558676,1234.9601361102063,54.18590626685375
2025-03-20 11:00:00,2025-03-20,66,713.9866802647655,1060.3406,1170.2779833333334,823.9240635980989,0.0,0.0,0.0,2931.309988838916,3672.841646077205,0.4662,1076.170167360552,1253.2276894543097,57.710869025189936
2025-03-20 11:10:00,2025-03-20,67,672.7991437986163,1065.63955,1175.4807,782.6402937986164,0.0,0.0,0.0,3672.841646077205,4377.21791049596,0.5007,1048.7247375690863,1274.6029385912166,65.34401148741324
2025-03-20 11:20:00,2025-03-20,68,631.1826556272258,1060.0166666666669,1219.59375,790.759738960559,0.0,0.0,0.0,4377.21791049596,5088.901675560463,0.4827,1031.5148552489793,1298.1395278590792,64.47399490399278
2025-03-20 11:30:00,2025-03-20,69,650.5681088929625,1070.6712666666667,1250.9388833333333,830.8357255596289,0.0,0.0,0.0,5088.901675560463,5836.653828564129,0.4784999999999999,1052.141392919213,1302.6709821506038,67.76436479102006
2025-03-20 11:40:00,2025-03-20,70,651.2256805449204,1063.2702666666669,1272.5053833333332,833.3333333333331,0.0,0.0,27.127463878253597,5836.653828564129,6586.653828564129,0.4662,1044.1851599003762,1294.9133756667327,68.62056297794368
2025-03-20 11:50:00,2025-03-20,71,612.6223640555229,1028.0533333333333,1303.0749999999998,833.3333333333331,0.0,0.0,54.31069738885617,6586.653828564129,7336.65382856413,0.4431999999999999,1001.597618733594,1288.4311859113743,66.1225978999704
2025-03-20 12:00:00,2025-03-20,72,574.1360447959642,993.1352666666666,1347.1565833333334,833.3333333333331,0.0,0.0,94.82402812929763,7336.65382856413,8086.65382856413,0.4410999999999999,985.937991632257,1292.1628021984527,47.02752202882641
2025-03-20 12:10:00,2025-03-20,73,565.9283380865727,975.87165,1348.42845,833.3333333333331,0.0,0.0,105.15180475323928,8086.65382856413,8836.653828564129,0.4551,993.1278485573649,1310.0562090536805,49.52336524955467
2025-03-20 12:20:00,2025-03-20,74,565.8728335329072,980.61,1284.89375,833.3333333333331,0.0,0.0,36.82325019957398,8836.653828564129,9586.653828564127,0.4462999999999999,999.8226737788088,1316.8065388287896,49.52336524955467
2025-03-20 12:30:00,2025-03-20,75,596.7032733963233,1001.0465666666666,1200.876,796.5327067296566,0.0,0.0,0.0,9586.653828564127,10303.53326462082,0.4113,992.1422757603274,1280.6527802935657,51.88044459622802
2025-03-20 12:40:00,2025-03-20,76,377.49425517580954,1028.0591333333332,1201.1573666666666,550.5924885091429,0.0,0.0,0.0,10303.53326462082,10799.06650427905,0.5682,999.5748646050483,1253.073034526471,51.88044459622802
2025-03-20 12:50:00,2025-03-20,77,0.0,1058.5633333333333,1254.3,1.0372174677225603,0.0,0.0,194.69944919894408,10799.06650427905,10800.0,0.8278999999999999,1030.3017220810038,1249.0987980059233,51.30057395715647
2025-03-20 13:00:00,2025-03-20,78,0.0,1085.1036,1223.1791666666666,0.0,0.0,0.0,138.07556666666665,10800.0,10800.0,0.8636,1058.9664818053127,1233.638994786169,51.30057395715647
2025-03-20 13:10:00,2025-03-20,79,0.0,1059.80525,1150.1056333333331,0.0,0.0,0.0,90.30038333333324,10800.0,10800.0,0.8416,1056.5702679923318,1202.4081854603871,46.78227394550152
2025-03-20 13:20:00,2025-03-20,80,0.0,1006.55,1101.6687499999998,0.0,0.0,0.0,95.11874999999985,10800.0,10800.0,0.8618,1041.0790573922495,1174.0744960463412,42.453721378716175
2025-03-20 13:30:00,2025-03-20,81,0.0,1004.8308,1107.0299166666666,0.0,0.0,0.0,102.19911666666668,10800.0,10800.0,0.8623,1053.0140468517027,1166.8355001228604,39.818069362665824
2025-03-20 13:40:00,2025-03-20,82,0.0,1029.6302166666665,1134.42295,0.0,0.0,0.0,104.79273333333344,10800.0,10800.0,0.9026,1036.9412680803152,1147.348874379556,39.52225159135924
2025-03-20 13:50:00,2025-03-20,83,0.0,1046.67,1133.3249999999998,0.0,0.0,0.0,86.65499999999975,10800.0,10800.0,0.9754,1005.5068137494218,1106.6184707915,39.52225159135924
2025-03-20 14:00:00,2025-03-20,84,0.0,1047.24705,1075.6022833333332,0.0,0.0,0.0,28.355233333333217,10800.0,10800.0,1.0002,1027.1901323779189,1067.1005814064492,38.89668802164999
2025-03-20 14:10:00,2025-03-20,85,0.0,1052.4853333333333,1033.9314333333332,0.0,18.553900000000112,0.0,0.0,10800.0,10779.384555555556,0.9978,1029.9979792723473,1026.958326740666,37.695896922423344
2025-03-20 14:20:00,2025-03-20,86,0.0,1058.7983333333332,1019.28125,0.0,39.517083333333176,0.0,0.0,10779.384555555556,10735.476685185184,1.0271,1008.2526216140196,988.141354931102,34.121511075709805
2025-03-20 14:30:00,2025-03-20,87,0.0,1043.2368833333333,972.9436,0.0,70.29328333333319,0.0,0.0,10735.476685185184,10657.373037037038,1.0906,1030.4004299678822,956.8207095095856,32.66624752520016
2025-03-20 14:40:00,2025-03-20,88,0.0,1031.6857666666665,905.32725,0.0,126.35851666666656,0.0,0.0,10657.373037037038,10516.974685185183,0.9376,1052.3176740511058,917.0630540779475,30.502880950649168
2025-03-20 14:50:00,2025-03-20,89,206.7205186719167,1026.1066666666666,845.4624999999999,26.0763520052501,0.0,0.0,0.0,10516.974685185183,10540.443401989913,0.6694,1046.309446063641,870.5135342623006,30.924606870576326
2025-03-20 15:00:00,2025-03-20,90,678.528198171214,1006.5609833333332,809.2424166666666,288.3962200112102,0.0,0.0,192.8134114933372,10540.443401989913,10800.0,0.66,1029.9387945200724,835.2501121421597,30.787915645107432
2025-03-20 15:10:00,2025-03-20,91,252.74011467033347,1009.11315,760.3063833333333,0.0,0.0,0.0,3.9333480036668793,10800.0,10800.0,0.7217,1016.8897718695764,794.9375728443503,30.787915645107432
2025-03-20 15:20:00,2025-03-20,92,307.23010653516326,1031.28,691.1374999999999,0.0,32.91239346483678,0.0,0.0,10800.0,10763.43067392796,0.7308,1017.5816246380198,741.1394337479638,30.787915645107432
2025-03-20 15:30:00,2025-03-20,93,376.5140937858096,1032.5620166666663,629.7797499999999,0.0,26.26817288085704,0.0,0.0,10763.43067392796,10734.243815171452,0.7533999999999998,1029.2813315749972,683.5551534342951,30.787915645107432
2025-03-20 15:40:00,2025-03-20,94,408.32007966170175,1031.0229333333332,578.5704833333333,0.0,44.13237033829808,0.0,0.0,10734.243815171452,10685.2078481289,0.7823,1008.6044175695577,632.6310319049824,32.34669399712661
2025-03-20 15:50:00,2025-03-20,95,420.7888684735513,1033.361666666667,526.0374999999999,0.0,86.53529819311552,0.0,0.0,10685.2078481289,10589.057516803216,0.8054999999999999,973.6355414351301,585.0838274400228,32.2371544784441
2025-03-20 16:00:00,2025-03-20,96,488.9344835832241,1025.5623833333334,463.3008333333333,0.0,73.327066416776,0.0,0.0,10589.057516803216,10507.582998562351,0.8271,987.0707582695776,528.3571469621247,30.220872275771256
2025-03-20 16:10:00,2025-03-20,97,565.7739683182004,1016.9598666666668,417.89265,0.0,33.29324834846625,0.0,0.0,10507.582998562351,10470.590500397391,0.8518999999999999,1005.1621942597312,468.03135356629366,28.643127624763096
2025-03-20 16:20:00,2025-03-20,98,618.8568057145453,1019.825,389.06875,0.0,11.899444285454706,0.0,0.0,10470.590500397391,10457.368895635776,0.8790999999999999,1002.3932027022277,408.2389261826688,24.70252919498668
2025-03-20 16:30:00,2025-03-20,99,671.2129538072828,1034.9158166666666,346.1802666666666,0.0,17.522596192717174,0.0,0.0,10457.368895635776,10437.899344310534,0.9024,996.9484414927352,349.36396778717904,23.628480101726566
2025-03-20 16:40:00,2025-03-20,100,724.2936662999766,1031.6998333333331,288.97555,0.0,18.430617033356384,0.0,0.0,10437.899344310534,10417.420880940135,0.9163,1001.3311475583214,297.01352640249206,19.97604514414741
2025-03-20 16:50:00,2025-03-20,101,793.6272050514963,1017.0316666666664,229.61875,6.214288384829729,0.0,0.0,0.0,10417.420880940135,10423.013740486484,0.9264,1021.7746562157936,249.68760794929585,21.54015678499861
2025-03-20 17:00:00,2025-03-20,102,869.5705257034433,1023.8828166666668,180.65036666666663,26.338075703443337,0.0,0.0,0.0,10423.013740486484,10446.718008619582,0.9462,1046.98572247846,200.6979304227793,23.282733647762527
2025-03-20 17:10:00,2025-03-20,103,888.5098937669861,1012.5022333333332,138.64704999999998,14.654710433652896,0.0,0.0,0.0,10446.718008619582,10459.907248009868,0.9742,1016.967925025582,152.76141169682597,24.30338043823005
2025-03-20 17:20:00,2025-03-20,104,899.535820244725,1004.28,99.55625,0.0,5.187929755275036,0.0,0.0,10459.907248009868,10454.14288161512,0.9862,982.8490125408388,107.17847044803044,23.86527815191657
2025-03-20 17:30:00,2025-03-20,105,994.048921670637,1035.5736,62.48285,20.958171670637057,0.0,0.0,0.0,10454.14288161512,10473.005236118694,0.976,1033.5047525005916,63.38474857998915,23.92891775003463
2025-03-20 17:40:00,2025-03-20,106,927.6007384388915,899.02445,26.021266666666666,54.597555105558165,0.0,0.0,0.0,10473.005236118694,10522.143035713696,1.0742,932.909009782336,29.237189093479344,23.92891775003463
2025-03-20 17:50:00,2025-03-20,107,748.0516668120032,682.3533333333332,0.0,65.69833347866984,0.0,0.0,0.0,10522.143035713696,10581.271535844498,1.2313,722.9680320409472,0.0,25.083634771055785
2025-03-20 18:00:00,2025-03-20,108,720.7599148338398,697.9972833333333,0.0,22.7626315005067,0.0,0.0,0.0,10581.271535844498,10601.757904194954,1.2561,697.3688951946427,0.0,23.391019639197225
2025-03-20 18:10:00,2025-03-20,109,738.1031651657421,740.2377833333331,0.9295666666666667,0.0,1.2050515009245828,0.0,0.0,10601.757904194954,10600.418958082815,1.2447,723.0861637795499,8.189194310933486,23.20619569712568
2025-03-20 18:20:00,2025-03-20,110,735.3623412955809,709.2416666666666,0.0,26.120674628914344,0.0,0.0,0.0,10600.418958082815,10623.927565248838,1.2545,714.3730980655705,0.0,20.98924323001043
2025-03-20 18:30:00,2025-03-20,111,744.0553226500673,714.4228166666667,0.0,29.63250598340062,0.0,0.0,0.0,10623.927565248838,10650.596820633898,1.2522,723.3076443844418,0.0,20.74767826562564
2025-03-20 18:40:00,2025-03-20,112,346.25796319704887,745.0410666666666,0.0667333333333333,0.0,398.71637013628447,0.0,0.0,10650.596820633898,10207.578631593582,1.2881,722.8453241277255,3.8866136991344433,19.8427850227701
2025-03-20 18:50:00,2025-03-20,113,0.0,763.2066666666667,0.0,0.0,763.2066666666667,0.0,0.0,10207.578631593582,9359.571224186175,1.3466,714.1660524244737,0.0,18.73338729915895
2025-03-20 19:00:00,2025-03-20,114,0.0,746.7180333333333,0.0,0.0,746.7180333333333,0.0,0.0,9359.571224186175,8529.884520482472,1.3523,730.3045533615345,0.0,18.73338729915895
2025-03-20 19:10:00,2025-03-20,115,0.0,714.2603,0.0047999999999999,0.0,714.2555,0.0,0.0,8529.884520482472,7736.26729826025,1.3445,733.4721747213248,1.3306657239434685,18.32119851953422
2025-03-20 19:20:00,2025-03-20,116,0.0,699.4633333333333,0.0,0.0,699.4633333333333,0.0,0.0,7736.26729826025,6959.085816778768,1.3483,730.2712520318721,0.0,17.9334673138425
2025-03-20 19:30:00,2025-03-20,117,0.0,721.8114,0.0,0.0,721.8114,0.0,0.0,6959.085816778768,6157.073150112102,1.349,762.3306596178465,0.0,18.416917967057746
2025-03-20 19:40:00,2025-03-20,118,0.0,728.4913499999999,0.0003499999999999,0.0,728.4909999999999,0.0,0.0,6157.073150112102,5347.638705667658,1.3473,761.6141870150557,0.0,18.705135286405152
2025-03-20 19:50:00,2025-03-20,119,0.0,726.3683333333332,0.0,0.0,726.3683333333332,0.0,0.0,5347.638705667658,4540.562779741732,1.3482,730.3476795032349,0.0,19.17884807951424
2025-03-20 20:00:00,2025-03-20,120,0.0,764.3365166666667,0.0,0.0,764.3365166666667,0.0,0.0,4540.562779741732,3691.299983445436,1.3513,736.6466495244584,0.0,19.588661189686636
2025-03-20 20:10:00,2025-03-20,121,0.0,753.9438166666665,0.0,0.0,753.9438166666665,0.0,0.0,3691.299983445436,2853.584631593584,1.34,724.7249634536519,0.0,19.55698742948209
2025-03-20 20:20:00,2025-03-20,122,0.0,702.5616666666666,0.0,0.0,702.5616666666666,0.0,0.0,2853.584631593584,2072.96055751951,1.3489,695.9697766193574,0.0,22.04571417813349
2025-03-20 20:30:00,2025-03-20,123,0.0,709.3744833333333,0.0,0.0,709.3744833333333,0.0,0.0,2072.96055751951,1284.7666871491397,1.3952,714.5942779993007,0.0,23.13120263554725
2025-03-20 20:40:00,2025-03-20,124,765.3097089224085,719.8359833333334,0.0,45.473725589075,0.0,0.0,0.0,1284.7666871491397,1325.6930401793072,1.2226,741.6105975016573,0.0,23.699111420751024
2025-03-20 20:50:00,2025-03-20,125,762.7155728777791,709.5416666666665,0.0,53.173906211112474,0.0,0.0,0.0,1325.6930401793072,1373.5495557693084,0.9332,738.176806495347,0.0,24.538766382432076
2025-03-20 21:00:00,2025-03-20,126,730.9534634747783,715.0446833333333,0.0,15.908780141445163,0.0,0.0,0.0,1373.5495557693084,1387.867457896609,0.9068,706.7050272188712,0.0,24.248436255907198
2025-03-20 21:10:00,2025-03-20,127,725.629526607127,736.4506,0.0,0.0,10.821073392872904,0.0,0.0,1387.867457896609,1375.844043015639,0.9371,701.5065720410179,0.0,24.12295456610917
2025-03-20 21:20:00,2025-03-20,128,751.6785421865918,758.9333333333334,0.0,0.0,7.254791146741581,0.0,0.0,1375.844043015639,1367.783163963704,0.9371,727.1635475604245,0.0,24.514994626167294
2025-03-20 21:30:00,2025-03-20,129,750.1942416375806,754.3754666666665,0.0,0.0,4.181225029085908,0.0,0.0,1367.783163963704,1363.137358375831,0.9871,726.328835935103,0.0,23.86540570247752
2025-03-20 21:40:00,2025-03-20,130,673.6474032727739,666.9375333333332,0.0,6.709869939440637,0.0,0.0,0.0,1363.137358375831,1369.1762413213276,0.7763999999999999,651.2769745200912,0.0,22.370428752682614
2025-03-20 21:50:00,2025-03-20,131,1413.7979553229295,553.1566666666665,0.0,833.3333333333331,0.0,0.0,27.307955322929843,1369.1762413213276,2119.176241321328,0.4209,559.2383675798999,0.0,21.226254409696708
2025-03-20 22:00:00,2025-03-20,132,1416.0812531609215,538.9014666666667,0.0,833.3333333333331,0.0,0.0,43.84645316092156,2119.176241321328,2869.176241321328,0.3859,560.8850900929873,0.0,21.862829734600894
2025-03-20 22:10:00,2025-03-20,133,596.199806961948,553.3285,0.0,42.871306961948,0.0,0.0,0.0,2869.176241321328,2907.7604175870806,0.4368,574.0756557571049,0.0,22.124151204843088
2025-03-20 22:20:00,2025-03-20,134,1416.5712174863384,542.64,0.0,833.3333333333331,0.0,0.0,40.59788415300511,2907.7604175870806,3657.7604175870806,0.4198,561.113732948162,0.0,22.124151204843088
2025-03-20 22:30:00,2025-03-20,135,1415.0090388700696,524.0220999999999,0.0,833.3333333333331,0.0,0.0,57.65360553673645,3657.7604175870806,4407.76041758708,0.4186,561.5799458366049,0.0,20.095759700131453
2025-03-20 22:40:00,2025-03-20,136,573.9568479625024,526.9695666666667,0.0,46.9872812958356,0.0,0.0,0.0,4407.76041758708,4450.0489707533325,0.4240999999999999,554.2913062671389,0.0,19.6655416953634
2025-03-20 22:50:00,2025-03-20,137,1403.061630070576,549.4,0.0,833.3333333333331,0.0,0.0,20.328296737242795,4450.0489707533325,5200.0489707533325,0.4237,548.8179804262454,0.0,20.910316310997302
2025-03-20 23:00:00,2025-03-20,138,599.3061075189265,559.40135,0.0,39.90475751892666,0.0,0.0,0.0,5200.0489707533325,5235.963252520366,0.4248,577.8360999914873,0.0,21.470007527439293
2025-03-20 23:10:00,2025-03-20,139,605.2953913366473,543.6279333333333,0.0,61.66745800331398,0.0,0.0,0.0,5235.963252520366,5291.463964723349,0.4239999999999999,585.048475893266,0.0,20.24691544338137
2025-03-20 23:20:00,2025-03-20,140,1423.8416975387163,544.6216666666667,0.0,833.3333333333331,0.0,0.0,45.88669753871636,5291.463964723349,6041.463964723349,0.4219999999999999,569.0383566779436,0.0,21.470007527439293
2025-03-20 23:30:00,2025-03-20,141,927.2128535755763,600.6793333333333,0.0,326.5335202422432,0.0,0.0,0.0,6041.463964723349,6335.344132941368,0.4239999999999999,573.0423304955153,0.0,20.837189746727752
2025-03-20 23:40:00,2025-03-20,142,538.9845402256775,540.9781833333333,0.0,0.0,1.993643107655771,0.0,0.0,6335.344132941368,6333.12897393286,0.4270999999999999,517.0350370618687,0.0,21.94950316380882
2025-03-20 23:50:00,2025-03-20,143,448.8191725769976,400.1666666666666,0.0,48.65250591033095,0.0,0.0,0.0,6333.12897393286,6376.91622925216,0.4275999999999999,426.088009205104,0.0,22.731163371893604
2025-06-21 00:00:00,2025-06-21,0,568.5658694011936,514.6639666666665,0.0,53.90190273452697,0.0,0.0,0.0,6945.007512952543,6993.519225413616,0.4248,541.4338088343223,0.0,27.132060566871285
2025-06-21 00:10:00,2025-06-21,1,561.6297501022584,533.3486499999999,0.0,28.281100102258502,0.0,0.0,0.0,6993.519225413616,7018.97221550565,0.4244999999999999,536.3659979574585,0.0,25.26375214479988
2025-06-21 00:20:00,2025-06-21,2,550.0668052312801,566.91,0.0,0.0,16.843194768719854,0.0,0.0,7018.97221550565,7000.257554651516,0.4269,524.4508382481463,0.0,25.6159669831338
2025-06-21 00:30:00,2025-06-21,3,546.3764930468088,510.5876833333333,0.0,35.78880971347553,0.0,0.0,0.0,7000.257554651516,7032.467483393644,0.4272,520.9953359558976,0.0,25.381157090911188
2025-06-21 00:40:00,2025-06-21,4,549.3627819659198,470.0428666666666,0.0,79.31991529925313,0.0,0.0,0.0,7032.467483393644,7103.855407162972,0.4270999999999999,524.4446841763755,0.0,24.91809778954422
2025-06-21 00:50:00,2025-06-21,5,548.8755283395053,480.5633333333333,0.0,68.31219500617198,0.0,0.0,0.0,7103.855407162972,7165.336382668527,0.4284999999999999,526.1000931932115,0.0,22.775435146293855
2025-06-21 01:00:00,2025-06-21,6,543.6180732286792,478.32993333333326,0.0,65.28813989534592,0.0,0.0,0.0,7165.336382668527,7224.095708574338,0.4310999999999999,521.7191679899857,0.0,21.898905238693487
2025-06-21 01:10:00,2025-06-21,7,524.1412091721334,497.6381166666666,0.0,26.503092505466725,0.0,0.0,0.0,7224.095708574338,7247.948491829257,0.4302,502.51130119885914,0.0,21.62990797327421
2025-06-21 01:20:00,2025-06-21,8,504.96461122231034,527.3633333333332,0.0,0.0,22.39872211102295,0.0,0.0,7247.948491829257,7223.061022817011,0.4279,483.92073352742074,0.0,21.0438776948896
2025-06-21 01:30:00,2025-06-21,9,521.2220488111307,510.8076166666666,0.0,10.414432144464058,0.0,0.0,0.0,7223.061022817011,7232.434011747027,0.4312,500.178171116241,0.0,21.0438776948896
2025-06-21 01:40:00,2025-06-21,10,504.7043673683216,492.34098333333327,0.0,12.363384034988314,0.0,0.0,0.0,7232.434011747027,7243.561057378519,0.4333,486.3713067683378,0.0,18.333060599983867
2025-06-21 01:50:00,2025-06-21,11,476.1386025971085,499.1033333333333,0.0,0.0,22.964730736224794,0.0,0.0,7243.561057378519,7218.044689893823,0.4310999999999999,459.55718969178105,0.0,16.581412905327426
2025-06-21 02:00:00,2025-06-21,12,508.66637554356686,512.0669,0.0,0.0,3.4005244564331747,0.0,0.0,7218.044689893823,7214.266329386675,0.4293,493.2598556023532,0.0,15.406519941213674
2025-06-21 02:10:00,2025-06-21,13,513.5667109710189,502.1835833333333,0.0,11.38312763768556,0.0,0.0,0.0,7214.266329386675,7224.511144260592,0.4324,499.8282782166162,0.0,13.738432754402709
2025-06-21 02:20:00,2025-06-21,14,483.6284685028865,473.125,0.0,10.503468502886506,0.0,0.0,0.0,7224.511144260592,7233.964265913189,0.4366999999999999,468.85057829760206,0.0,14.777890205284391
2025-06-21 02:30:00,2025-06-21,15,492.4516164057809,458.31998333333325,0.0,34.131633072447585,0.0,0.0,0.0,7233.964265913189,7264.682735678392,0.4348,478.3569381494396,0.0,14.094678256341268
2025-06-21 02:40:00,2025-06-21,16,489.2320269256054,470.09745,0.0,19.134576925605412,0.0,0.0,0.0,7264.682735678392,7281.903854911437,0.4335,477.3175594734143,0.0,11.914467452191133
2025-06-21 02:50:00,2025-06-21,17,468.6198106275373,489.3733333333333,0.0,0.0,20.753522705796,0.0,0.0,7281.903854911437,7258.84438523833,0.4356999999999999,456.70534317534606,0.0,11.914467452191133
2025-06-21 03:00:00,2025-06-21,18,475.4883028312072,486.69823333333335,0.0001999999999999,0.0,11.209730502126147,0.0,0.0,7258.84438523833,7246.389129124857,0.4374,463.1435013792482,0.0,12.344801451958917
2025-06-21 03:10:00,2025-06-21,19,481.4504971850983,491.8388,0.0,0.0,10.388302814901692,0.0,0.0,7246.389129124857,7234.846570441633,0.4370999999999999,470.1169539031038,0.0,11.33354328199448
2025-06-21 03:20:00,2025-06-21,20,478.55021029558793,496.25166666666667,0.0,0.0,17.70145637107879,0.0,0.0,7234.846570441633,7215.178285584879,0.4355999999999999,470.01045752175247,0.0,8.539752773835346
2025-06-21 03:30:00,2025-06-21,21,491.0497928623272,463.3829999999999,0.0026999999999999,27.669492862327274,0.0,0.0,0.0,7215.178285584879,7240.080829160973,0.4353,484.96301913038286,0.0,6.086773731944334
2025-06-21 03:40:00,2025-06-21,22,498.4846477244552,454.71765,0.0,43.766997724455216,0.0,0.0,0.0,7240.080829160973,7279.471127112983,0.436,493.20032563211055,0.0,5.284322092344638
2025-06-21 03:50:00,2025-06-21,23,77.7549206770384,477.0316666666666,0.0,0.0,399.2767459896282,0.0,0.0,7279.471127112983,6835.830298235617,0.4378,477.07022164949234,0.0,5.284322092344638
2025-06-21 04:00:00,2025-06-21,24,0.0,474.3197,0.0377166666666666,0.0,474.28198333333336,0.0,0.0,6835.830298235617,6308.850316754137,0.4400999999999999,444.6212441172752,0.0,5.056897944939635
2025-06-21 04:10:00,2025-06-21,25,0.0,458.1585,0.0,0.0,458.1585,0.0,0.0,6308.850316754137,5799.785316754137,0.4389,444.437212600176,0.0,4.593278661483083
2025-06-21 04:20:00,2025-06-21,26,471.2610659332812,446.2183333333333,0.0,25.04273259994784,0.0,0.0,0.0,5799.785316754137,5822.323776094089,0.4364,466.2041679883415,0.0,5.056897944939635
2025-06-21 04:30:00,2025-06-21,27,0.0,443.4785499999999,0.5252666666666665,0.0,442.9532833333333,0.0,0.0,5822.323776094089,5330.153461279276,0.4393,456.8858137814384,0.0,5.322818137245662
2025-06-21 04:40:00,2025-06-21,28,0.0,450.38675,0.0,0.0,450.38675,0.0,0.0,5330.153461279276,4829.7237390570535,0.4421999999999999,446.6472260480001,0.0,6.080187169407054
2025-06-21 04:50:00,2025-06-21,29,0.0,455.38666666666666,1.2125,0.0,454.1741666666666,0.0,0.0,4829.7237390570535,4325.085776094091,0.4395,444.5659708549772,2.2519730552201622,5.672794889946573
2025-06-21 05:00:00,2025-06-21,30,412.305976178416,444.1196333333333,19.460916666666662,0.0,12.352740488250674,0.0,0.0,4325.085776094091,4311.360508884924,0.4333,429.716960757392,22.83986139361963,5.428876814643644
2025-06-21 05:10:00,2025-06-21,31,0.0,434.4785,43.99505,0.0,390.48345,0.0,0.0,4311.360508884924,3877.490008884924,0.4439,440.86688152911455,50.158912070398635,4.705533042811766
2025-06-21 05:20:00,2025-06-21,32,400.5047948720699,440.35833333333335,69.51249999999999,29.65896153873655,0.0,0.0,0.0,3877.490008884924,3904.183074269786,0.4300999999999999,472.34726101742575,77.65617651005329,5.8137103646974415
2025-06-21 05:30:00,2025-06-21,33,374.19411718056216,457.5106833333333,97.93268333333332,14.616117180562185,0.0,0.0,0.0,3904.183074269786,3917.337579732293,0.3713,475.13709591323686,107.23287104828051,6.28989231560584
2025-06-21 05:40:00,2025-06-21,34,0.0,459.6736666666666,122.63875,0.0,337.0349166666666,0.0,0.0,3917.337579732293,3542.854338991552,0.5707999999999999,468.21710549389434,140.55171356600454,6.959989980295603
2025-06-21 05:50:00,2025-06-21,35,0.0,456.94,148.45,0.0,308.48999999999995,0.0,0.0,3542.854338991552,3200.0876723248853,0.9099,472.6133995173668,176.03989515322542,7.23925565720495
2025-06-21 06:00:00,2025-06-21,36,0.0,481.45506666666665,189.49256666666668,0.0,291.9625,0.0,0.0,3200.0876723248853,2875.6848945471074,0.9368,486.78174711146846,209.94765667276215,10.414616318987385
2025-06-21 06:10:00,2025-06-21,37,0.0,488.7051666666666,242.2338,0.0,246.47136666666668,0.0,0.0,2875.6848945471074,2601.8278204730327,0.8758,480.53148772849113,241.84228686117436,11.828037645447822
2025-06-21 06:20:00,2025-06-21,38,0.0,460.67,294.31875,0.0,166.35125,0.0,0.0,2601.8278204730327,2416.993098250811,0.8759,458.56097476335975,275.2133965668612,14.3535789194722
2025-06-21 06:30:00,2025-06-21,39,0.0,434.43561666666665,337.05043333333333,0.0,97.38518333333332,0.0,0.0,2416.993098250811,2308.787338991552,0.8600999999999999,460.4870925211868,314.66114908061263,16.257092878088315
2025-06-21 06:40:00,2025-06-21,40,0.0,477.96081666666663,391.74871666666655,0.0,86.21210000000006,0.0,0.0,2308.787338991552,2212.996116769329,0.8442,489.4176411618511,361.59507725629857,17.54522614612705
2025-06-21 06:50:00,2025-06-21,41,0.0,550.7116666666666,449.875,0.0,100.8366666666666,0.0,0.0,2212.996116769329,2100.955376028589,0.8334,526.8674559584261,409.1273511510177,21.927184880446305
2025-06-21 07:00:00,2025-06-21,42,0.0,542.3861499999999,479.10385,0.0,63.28229999999997,0.0,0.0,2100.955376028589,2030.6417093619225,0.8092,546.2920732775931,446.38005532383073,22.864603475884707
2025-06-21 07:10:00,2025-06-21,43,0.0,522.9324666666665,501.0047833333333,0.0,21.92768333333333,0.0,0.0,2030.6417093619225,2006.2776167693296,0.7972,542.6239841250399,475.25204468066886,24.795857509439543
2025-06-21 07:20:00,2025-06-21,44,0.0,529.1416666666667,537.4812499999999,8.33958333333328,0.0,0.0,0.0,2006.2776167693296,2013.7832417693296,0.7643999999999999,531.4581002266891,507.57460994061694,31.56731137986409
2025-06-21 07:30:00,2025-06-21,45,0.0,526.62105,589.5878333333333,62.9667833333333,0.0,0.0,0.0,2013.7832417693296,2070.453346769329,0.6898999999999998,534.1059943862512,550.5269094300262,33.86449956151736
2025-06-21 07:40:00,2025-06-21,46,0.0,514.59605,630.8997666666667,116.30371666666667,0.0,0.0,0.0,2070.453346769329,2175.1266917693297,0.8599999999999999,541.9270543628531,598.6125766179221,38.20258663794812
2025-06-21 07:50:00,2025-06-21,47,0.0,510.39333333333326,667.2375,156.84416666666664,0.0,0.0,0.0,2175.1266917693297,2316.286441769329,1.1617,549.80904854914,645.6118265549487,41.282965006419374
2025-06-21 08:00:00,2025-06-21,48,0.0,527.0032833333332,722.4553999999998,195.4521166666667,0.0,0.0,0.0,2316.286441769329,2492.1933467693298,1.1683,557.7209438000108,692.4311745505177,43.934660506468326
2025-06-21 08:10:00,2025-06-21,49,0.0,526.8320333333334,740.3005833333333,213.46854999999996,0.0,0.0,0.0,2492.1933467693298,2684.3150417693296,1.0956,555.1302268609961,729.6810349473615,44.89644254856199
2025-06-21 08:20:00,2025-06-21,50,0.0,506.265,726.4499999999998,220.18499999999997,0.0,0.0,0.0,2684.3150417693296,2882.4815417693294,1.0849,546.5510875103398,760.229466188056,56.75677173589213
2025-06-21 08:30:00,2025-06-21,51,0.0,505.16623333333337,746.6491666666667,241.4829333333333,0.0,0.0,0.0,2882.4815417693294,3099.816181769329,1.061,551.5114979143359,793.6604622537985,60.12348822007948
2025-06-21 08:40:00,2025-06-21,52,0.0,548.3231666666666,778.0861,229.76293333333345,0.0,0.0,0.0,3099.816181769329,3306.6028217693297,1.043,579.0430290515267,822.8107931169081,63.51662589663596
2025-06-21 08:50:00,2025-06-21,53,0.0,608.4366666666666,791.0124999999998,182.5758333333333,0.0,0.0,0.0,3306.6028217693297,3470.921071769329,1.036,618.7819511604562,849.2507235935946,63.51662589663596
2025-06-21 09:00:00,2025-06-21,54,0.0,630.9835166666667,791.1589,160.17538333333334,0.0,0.0,0.0,3470.921071769329,3615.0789167693297,1.0147,647.785173254952,887.2600097229836,64.68595081868074
2025-06-21 09:10:00,2025-06-21,55,0.0,641.60305,856.5730166666667,214.9699666666668,0.0,0.0,0.0,3615.0789167693297,3808.5518867693295,0.9922,658.1495157095383,937.582470624996,66.96978391006212
2025-06-21 09:20:00,2025-06-21,56,0.0,637.4333333333333,965.71875,328.2854166666667,0.0,0.0,0.0,3808.5518867693295,4104.00876176933,0.97,649.733826150546,976.5868217177824,72.34051839735507
2025-06-21 09:30:00,2025-06-21,57,0.0,597.0597666666665,1018.178,421.11823333333336,0.0,0.0,0.0,4104.00876176933,4483.01517176933,0.9422,632.5882968209718,999.7550178716745,67.20788891969278
2025-06-21 09:40:00,2025-06-21,58,0.0,614.6574499999999,1064.183633333333,449.52618333333334,0.0,0.0,0.0,4483.01517176933,4887.588736769329,0.9569,627.5589098047797,1014.916160122511,64.20515348806055
2025-06-21 09:50:00,2025-06-21,59,0.0,666.69,1107.25625,440.56625,0.0,0.0,0.0,4887.588736769329,5284.098361769329,0.9977,641.8505737494602,1028.1346421423027,70.45200077049844
2025-06-21 10:00:00,2025-06-21,60,0.0,637.6840166666666,1098.3148833333332,460.6308666666666,0.0,0.0,0.0,5284.098361769329,5698.666141769329,0.9919,661.2019714883417,1064.441071110929,77.21036609574854
2025-06-21 10:10:00,2025-06-21,61,0.0,626.9162666666666,1115.9334,489.0171333333333,0.0,0.0,0.0,5698.666141769329,6138.7815617693295,0.9588,649.2290568269211,1082.0145153145727,80.49849924627142
2025-06-21 10:20:00,2025-06-21,62,0.0,650.3183333333333,1166.83125,516.5129166666667,0.0,0.0,0.0,6138.7815617693295,6603.64318676933,0.9549,623.5824602399429,1074.3183357962416,84.80277933462366
2025-06-21 10:30:00,2025-06-21,63,0.0,621.1255833333332,1182.3068166666667,561.1812333333335,0.0,0.0,0.0,6603.64318676933,7108.70629676933,0.9839,636.5049055886791,1094.518674025619,90.19854266166658
2025-06-21 10:40:00,2025-06-21,64,0.0,594.26015,1207.1864666666663,612.9263166666666,0.0,0.0,0.0,7108.70629676933,7660.339981769332,0.799,643.0228296808647,1127.5790132839254,88.46249297128564
2025-06-21 10:50:00,2025-06-21,65,0.0,613.2016666666666,1233.35,620.1483333333333,0.0,0.0,0.0,7660.339981769332,8218.47348176933,0.5025,622.9093037352923,1149.7946358732488,88.46249297128564
2025-06-21 11:00:00,2025-06-21,66,0.0,657.6027666666665,1217.7636,560.1608333333334,0.0,0.0,0.0,8218.47348176933,8722.61823176933,0.4662,604.6175474534798,1158.7163847646327,95.55918233678835
2025-06-21 11:10:00,2025-06-21,67,0.0,650.1067166666667,1297.1492333333333,647.0425166666665,0.0,0.0,0.0,8722.61823176933,9304.956496769328,0.5007,607.261319141278,1148.5447144631496,99.32450536484498
2025-06-21 11:20:00,2025-06-21,68,0.0,607.6266666666667,1415.0375,807.4108333333331,0.0,0.0,0.0,9304.956496769328,10031.626246769329,0.4827,624.5469701168831,1130.354539077149,100.44483314605566
2025-06-21 11:30:00,2025-06-21,69,0.0,617.5237833333333,1363.4527333333333,745.92895,0.0,0.0,0.0,10031.626246769329,10702.962301769328,0.4784999999999999,634.4661244036781,1120.803719055048,101.36141226397592
2025-06-21 11:40:00,2025-06-21,70,0.0,620.7188833333332,1279.6117666666669,107.81966470074622,0.0,0.0,551.0732186325872,10702.962301769328,10800.0,0.4662,634.7982980226042,1120.682024484645,103.11985057653806
2025-06-21 11:50:00,2025-06-21,71,0.0,605.18,1277.51875,0.0,0.0,0.0,672.33875,10800.0,10800.0,0.4431999999999999,633.3639963649155,1124.6349276806388,108.98316148083904
2025-06-21 12:00:00,2025-06-21,72,0.0,622.59025,1340.7105166666663,0.0,0.0,0.0,718.1202666666666,10800.0,10800.0,0.4410999999999999,639.1532874858517,1129.3509452630524,115.84993046943327
2025-06-21 12:10:00,2025-06-21,73,0.0,642.0392,1383.4959166666667,0.0,0.0,0.0,741.4567166666669,10800.0,10800.0,0.4551,641.2473828198312,1140.2181984356464,118.6927386882948
2025-06-21 12:20:00,2025-06-21,74,0.0,654.76,1397.16875,0.0,0.0,0.0,742.40875,10800.0,10800.0,0.4462999999999999,640.2989109136204,1128.9553935414567,118.6927386882948
2025-06-21 12:30:00,2025-06-21,75,0.0,676.6507333333333,1434.29795,0.0,0.0,0.0,757.6472166666668,10800.0,10800.0,0.4113,645.1001488477318,1067.4402131745496,119.9986477193786
2025-06-21 12:40:00,2025-06-21,76,0.0,652.0988,1423.7868166666667,0.0,0.0,0.0,771.6880166666667,10800.0,10800.0,0.5682,647.6863539093112,1023.0790687221596,121.30796596808771
2025-06-21 12:50:00,2025-06-21,77,0.0,614.6683333333333,1341.6,0.0,0.0,0.0,726.9316666666666,10800.0,10800.0,0.8278999999999999,644.7630409314828,1022.7876437033703,118.66214960307376
2025-06-21 13:00:00,2025-06-21,78,0.0,651.7447166666666,1248.9027,0.0,0.0,0.0,597.1579833333333,10800.0,10800.0,0.8636,645.5594854211554,1032.479783837746,115.08555494030958
2025-06-21 13:10:00,2025-06-21,79,0.0,643.7692333333333,1225.820516666667,0.0,0.0,0.0,582.0512833333332,10800.0,10800.0,0.8416,646.8123761931587,1007.338070034272,111.01563666303196
2025-06-21 13:20:00,2025-06-21,80,0.0,598.2149999999999,1223.4812499999998,0.0,0.0,0.0,625.2662499999999,10800.0,10800.0,0.8618,649.8299016607382,962.6923712669472,98.57269829504622
2025-06-21 13:30:00,2025-06-21,81,0.0,641.5370166666667,1119.12415,0.0,0.0,0.0,477.5871333333332,10800.0,10800.0,0.8623,658.0845606939183,958.5873795708399,98.57269829504622
2025-06-21 13:40:00,2025-06-21,82,0.0,663.0396999999999,1021.2925,0.0,0.0,0.0,358.2528000000001,10800.0,10800.0,0.9026,658.0389895837969,964.1727478613385,98.57269829504622
2025-06-21 13:50:00,2025-06-21,83,0.0,643.6416666666667,992.7,0.0,0.0,0.0,349.0583333333333,10800.0,10800.0,0.9754,652.9355564072897,957.9145360657571,98.57269829504622
2025-06-21 14:00:00,2025-06-21,84,0.0,674.6484166666667,990.2996333333332,0.0,0.0,0.0,315.65121666666664,10800.0,10800.0,1.0002,658.3508042235063,940.9803494515824,100.3229929786508
2025-06-21 14:10:00,2025-06-21,85,0.0,682.5380166666665,971.2156666666666,0.0,0.0,0.0,288.67765,10800.0,10800.0,0.9978,656.536409404593,914.9341347291611,101.17999477706462
2025-06-21 14:20:00,2025-06-21,86,0.0,667.8983333333333,956.35625,0.0,0.0,0.0,288.4579166666666,10800.0,10800.0,1.0271,647.8401256412984,887.4950387882976,98.75587199902468
2025-06-21 14:30:00,2025-06-21,87,0.0,704.50855,994.04345,0.0,0.0,0.0,289.5348999999999,10800.0,10800.0,1.0906,651.9200232730805,864.2822608242592,87.20234785889181
2025-06-21 14:40:00,2025-06-21,88,0.0,697.0747666666665,996.54085,0.0,0.0,0.0,299.46608333333336,10800.0,10800.0,0.9376,669.0342795648597,851.9776064562482,86.54158784763086
2025-06-21 14:50:00,2025-06-21,89,0.0,646.6133333333332,946.7437499999999,0.0,0.0,0.0,300.13041666666663,10800.0,10800.0,0.6694,684.1604799146023,842.7684638378723,84.02160401692169
2025-06-21 15:00:00,2025-06-21,90,0.0,652.7055833333333,909.52565,0.0,0.0,0.0,256.8200666666668,10800.0,10800.0,0.66,679.5416824670248,822.2081945979032,80.06232084583837
2025-06-21 15:10:00,2025-06-21,91,0.0,654.0566333333334,858.8447999999999,0.0,0.0,0.0,204.7881666666666,10800.0,10800.0,0.7217,660.7244088394008,787.7961067603717,68.07543564834617
2025-06-21 15:20:00,2025-06-21,92,0.0,645.9166666666665,801.85,0.0,0.0,0.0,155.9333333333334,10800.0,10800.0,0.7308,656.1177459003928,751.0861386479194,61.46532342367152
2025-06-21 15:30:00,2025-06-21,93,45.66724242266332,689.5025833333334,780.1588666666665,0.0,0.0,0.0,136.32352575599657,10800.0,10800.0,0.7533999999999998,689.7515349038728,701.8928039467953,57.80851146558592
2025-06-21 15:40:00,2025-06-21,94,111.86976352893087,719.5433666666665,746.8723499999999,0.0,0.0,0.0,139.19874686226422,10800.0,10800.0,0.7823,705.791746727022,647.5628726194432,53.64088942135214
2025-06-21 15:50:00,2025-06-21,95,156.9615216833064,702.905,675.9,0.0,0.0,0.0,129.9565216833064,10800.0,10800.0,0.8054999999999999,700.248616984614,595.7856434653049,52.49854816399727
2025-06-21 16:00:00,2025-06-21,96,210.92083481766383,672.3809666666666,593.8094166666666,0.0,0.0,0.0,132.34928481766383,10800.0,10800.0,0.8271,717.4600791187785,556.469617835612,49.930373534497335
2025-06-21 16:10:00,2025-06-21,97,221.12948586576533,663.4524333333333,560.2481333333333,0.0,0.0,0.0,117.92518586576534,10800.0,10800.0,0.8518999999999999,699.3173479853954,524.8626968507807,46.674834731150725
2025-06-21 16:20:00,2025-06-21,98,227.77694271455192,673.67,567.7624999999999,0.0,0.0,0.0,121.86944271455184,10800.0,10800.0,0.8790999999999999,675.5732410713399,495.62746204011194,47.83116368332389
2025-06-21 16:30:00,2025-06-21,99,305.32954702062085,663.9623333333333,548.5383,0.0,0.0,0.0,189.90551368728745,10800.0,10800.0,0.9024,727.8248247377123,468.9673330190977,46.472055302006055
2025-06-21 16:40:00,2025-06-21,100,316.3054434069099,603.6488499999999,494.0291666666667,0.0,0.0,0.0,206.68576007357672,10800.0,10800.0,0.9163,708.0089747071974,433.9105024879733,42.206971187685774
2025-06-21 16:50:00,2025-06-21,101,272.99063407367885,540.05,437.26875,0.0,0.0,0.0,170.20938407367885,10800.0,10800.0,0.9264,619.0777599482396,388.2940970622466,42.206971187685774
2025-06-21 17:00:00,2025-06-21,102,309.77529362785634,555.8345333333333,413.2071,0.0,0.0,0.0,167.14786029452296,10800.0,10800.0,0.9462,616.8637406484831,350.56270679150606,43.47425977087926
2025-06-21 17:10:00,2025-06-21,103,356.912897892979,577.1041333333333,364.3091333333333,0.0,0.0,0.0,144.11789789297904,10800.0,10800.0,0.9742,630.5355180805169,317.9709217344713,44.34830154693326
2025-06-21 17:20:00,2025-06-21,104,374.6864452240362,580.7116666666666,291.74375,0.0,0.0,0.0,85.71852855736961,10800.0,10800.0,0.9862,616.0145297096269,282.47976368232565,41.15167919673498
2025-06-21 17:30:00,2025-06-21,105,402.2479549216297,608.2013499999999,254.7311833333333,0.0,0.0,0.0,48.77778825496307,10800.0,10800.0,0.976,608.0897681178985,241.84663546321977,36.00482226695084
2025-06-21 17:40:00,2025-06-21,106,429.0803543034854,600.7254833333333,218.40456666666665,0.0,0.0,0.0,46.7594376368188,10800.0,10800.0,1.0742,603.7505772527401,207.28252047446736,32.61229752521277
2025-06-21 17:50:00,2025-06-21,107,453.40532784219096,558.2516666666667,172.34999999999997,0.0,0.0,0.0,67.50366117552426,10800.0,10800.0,1.2313,602.0438937830073,179.06268720543773,30.42412126462125
2025-06-21 18:00:00,2025-06-21,108,0.0,545.7471333333333,143.3881,0.0,402.3590333333333,0.0,0.0,10800.0,10352.934407407409,1.2561,606.5934414721136,145.88953730741486,27.801557784256655
2025-06-21 18:10:00,2025-06-21,109,524.1715883158478,549.5005333333334,112.87578333333332,87.54683831584771,0.0,0.0,0.0,10352.934407407409,10431.72656189167,1.2447,609.3252695816886,110.50132724069864,25.347645974857784
2025-06-21 18:20:00,2025-06-21,110,145.57077928028627,557.1316666666667,75.45,0.0,336.1108873863804,0.0,0.0,10431.72656189167,10058.270020351249,1.2545,609.9164221078281,78.04600930191502,25.7298706077419
2025-06-21 18:30:00,2025-06-21,111,594.541582238382,576.1385666666665,46.0094,64.41241557171543,0.0,0.0,0.0,10058.270020351249,10116.24119436579,1.2522,620.1781343672424,51.36642273660209,25.7298706077419
2025-06-21 18:40:00,2025-06-21,112,0.0,605.7608,20.306116666666664,0.0,585.4546833333334,0.0,0.0,10116.24119436579,9465.735990662084,1.2881,621.0807865158739,25.13447517750535,26.04642681965544
2025-06-21 18:50:00,2025-06-21,113,0.0,642.1199999999999,1.29375,0.0,640.82625,0.0,0.0,9465.735990662084,8753.706823995417,1.3466,616.9245583083962,4.0743126494681405,26.04642681965544
2025-06-21 19:00:00,2025-06-21,114,0.0,667.4907,0.0,0.0,667.4907,0.0,0.0,8753.706823995417,8012.0504906620845,1.3523,631.8104338560089,0.0,22.312777500542776
2025-06-21 19:10:00,2025-06-21,115,0.0,617.7905666666666,0.5436499999999999,0.0,617.2469166666666,0.0,0.0,8012.0504906620845,7326.220583254679,1.3445,635.8849967589558,0.0,21.254628607970744
2025-06-21 19:20:00,2025-06-21,116,0.0,548.9133333333333,0.0,0.0,548.9133333333333,0.0,0.0,7326.220583254679,6716.3168795509755,1.3483,619.9236783264201,0.0,23.759452566739757
2025-06-21 19:30:00,2025-06-21,117,0.0,582.0875666666666,0.0,0.0,582.0875666666666,0.0,0.0,6716.3168795509755,6069.552916588012,1.349,604.4108579319167,0.0,21.906852203471487
2025-06-21 19:40:00,2025-06-21,118,0.0,581.7777833333333,0.0390333333333333,0.0,581.73875,0.0,0.0,6069.552916588012,5423.176527699123,1.3473,593.3299077902798,0.0,21.212907671227583
2025-06-21 19:50:00,2025-06-21,119,0.0,531.6033333333332,0.0,0.0,531.6033333333332,0.0,0.0,5423.176527699123,4832.506157328752,1.3482,600.6240067159747,0.0,21.254628607970744
2025-06-21 20:00:00,2025-06-21,120,0.0,558.0394333333334,0.0,0.0,558.0394333333334,0.0,0.0,4832.506157328752,4212.462342513937,1.3513,637.6228460389141,0.0,21.686757200880606
2025-06-21 20:10:00,2025-06-21,121,0.0,620.8675333333333,0.0027999999999999,0.0,620.8647333333333,0.0,0.0,4212.462342513937,3522.6126388102334,1.34,647.6258010465823,0.0,23.13342677075309
2025-06-21 20:20:00,2025-06-21,122,0.0,660.0216666666666,0.0,0.0,660.0216666666666,0.0,0.0,3522.6126388102334,2789.255231402826,1.3489,632.8949998314608,0.0,24.739097525178067
2025-06-21 20:30:00,2025-06-21,123,0.0,646.97075,0.0,0.0,646.97075,0.0,0.0,2789.255231402826,2070.3988425139373,1.3952,649.3121595788708,0.0,23.875406750948912
2025-06-21 20:40:00,2025-06-21,124,686.3510118794985,585.6121499999999,0.0001999999999999,100.73906187949864,0.0,0.0,0.0,2070.3988425139373,2161.0639982054863,1.2226,661.7020491908423,0.0,24.64896268865624
2025-06-21 20:50:00,2025-06-21,125,672.1850148850295,526.72,0.0,145.46501488502952,0.0,0.0,0.0,2161.0639982054863,2291.982511602013,0.9332,643.8862044368817,0.0,28.29881044814772
2025-06-21 21:00:00,2025-06-21,126,636.5378023577596,535.7851,0.0,100.75270235775965,0.0,0.0,0.0,2291.982511602013,2382.6599437239965,0.9068,608.305443964703,0.0,28.23235839305653
2025-06-21 21:10:00,2025-06-21,127,609.9239209471126,581.5171499999999,0.0,28.406770947112705,0.0,0.0,0.0,2382.6599437239965,2408.226037576398,0.9371,581.6251104989649,0.0,28.29881044814772
2025-06-21 21:20:00,2025-06-21,128,606.9991740970083,618.915,0.0,0.0,11.915825902991628,0.0,0.0,2408.226037576398,2394.9862310175185,0.9371,579.0391639416273,0.0,27.96001015538104
2025-06-21 21:30:00,2025-06-21,129,622.5903237270164,619.2412833333333,0.0,3.3490403936832536,0.0,0.0,0.0,2394.9862310175185,2398.0003673718334,0.9871,596.1686593328988,0.0,26.421664394117755
2025-06-21 21:40:00,2025-06-21,130,610.0393059674668,576.7794666666665,0.0,33.259839300800195,0.0,0.0,0.0,2398.0003673718334,2427.9342227425536,0.7763999999999999,584.2945202909865,0.0,25.744785676480287
2025-06-21 21:50:00,2025-06-21,131,1408.9962710772236,528.28,0.0,833.3333333333331,0.0,0.0,47.38293774389035,2427.9342227425536,3177.9342227425536,0.4209,551.6860617638978,0.0,23.976875979992545
2025-06-21 22:00:00,2025-06-21,132,1402.0513813620305,526.8737333333333,0.0,833.3333333333331,0.0,0.0,41.844314695363884,3177.9342227425536,3927.9342227425536,0.3859,549.1721536412404,0.0,19.54589438745677
2025-06-21 22:10:00,2025-06-21,133,563.8705150246518,544.7410833333333,0.0,19.129431691318477,0.0,0.0,0.0,3927.9342227425536,3945.15071126474,0.4368,543.5645531617371,0.0,20.305961862914728
2025-06-21 22:20:00,2025-06-21,134,1397.029422920509,552.865,0.0,833.3333333333331,0.0,0.0,10.831089587175711,3945.15071126474,4695.15071126474,0.4198,539.7759799462285,0.0,23.920109640947203
2025-06-21 22:30:00,2025-06-21,135,1434.9654302873485,546.83985,0.0,833.3333333333331,0.0,0.0,54.79224695401524,4695.15071126474,5445.15071126474,0.4186,577.7587743128352,0.0,23.87332264118004
2025-06-21 22:40:00,2025-06-21,136,623.9307423247777,541.7928999999999,0.0,82.1378423247778,0.0,0.0,0.0,5445.15071126474,5519.074769357039,0.4240999999999999,600.3289340695113,0.0,23.60180825526629
2025-06-21 22:50:00,2025-06-21,137,1428.8693988317118,531.7316666666666,0.0,833.3333333333331,0.0,0.0,63.80439883171198,5519.074769357039,6269.074769357039,0.4237,571.6627428571985,0.0,23.87332264118004
2025-06-21 23:00:00,2025-06-21,138,541.1891226901174,499.82271666666657,0.0,41.36640602345079,0.0,0.0,0.0,6269.074769357039,6306.304534778145,0.4248,517.2690130491702,0.0,23.920109640947203
2025-06-21 23:10:00,2025-06-21,139,528.8801015531058,486.82905,0.0,42.05105155310582,0.0,0.0,0.0,6306.304534778145,6344.1504811759405,0.4239999999999999,500.82335081619294,0.0,28.05675073691276
2025-06-21 23:20:00,2025-06-21,140,1386.255869695201,498.2166666666667,0.0,833.3333333333331,0.0,0.0,54.705869695201045,6344.1504811759405,7094.1504811759405,0.4219999999999999,523.7904398129688,0.0,29.1320965488992
2025-06-21 23:30:00,2025-06-21,141,899.0797625647277,504.09516666666656,0.0,394.984595898061,0.0,0.0,0.0,7094.1504811759405,7449.636617484195,0.4239999999999999,537.572175620045,0.0,28.17425361134924
2025-06-21 23:40:00,2025-06-21,142,606.7580087745837,532.2190166666667,0.0,74.53899210791701,0.0,0.0,0.0,7449.636617484195,7516.72171038132,0.4270999999999999,576.0158413392755,0.0,30.74216743530815
2025-06-21 23:50:00,2025-06-21,143,672.6747076552797,606.0233333333333,0.0,66.65137432194638,0.0,0.0,0.0,7516.72171038132,7576.707947271072,0.4275999999999999,636.9367332649001,0.0,35.737974390379506
2025-09-23 00:00:00,2025-09-23,0,1522.4663880230682,570.1843333333334,0.0,833.3333333333331,0.0,0.0,118.94872135640162,6072.600886830757,6822.600886830757,0.4248,657.363740178221,0.0,31.7693145115142
2025-09-23 00:10:00,2025-09-23,1,1528.1511864110562,560.3181833333333,0.0,833.3333333333331,0.0,0.0,134.49966974438962,6822.600886830757,7572.600886830757,0.4244999999999999,660.8189167678643,0.0,33.99893630985867
2025-09-23 00:20:00,2025-09-23,2,1482.805445016455,564.7666666666667,0.0,833.3333333333331,0.0,0.0,84.70544501645507,7572.600886830757,8322.600886830758,0.4269,614.6802638760659,0.0,34.79184780705592
2025-09-23 00:30:00,2025-09-23,3,1465.51107819256,598.5089166666667,0.0,833.3333333333331,0.0,0.0,33.66882819256011,8322.600886830758,9072.600886830758,0.4272,596.6181722732148,0.0,35.559572586012
2025-09-23 00:40:00,2025-09-23,4,1456.7562124131528,606.51065,0.0,833.3333333333331,0.0,0.0,16.912229079819554,9072.600886830758,9822.600886830758,0.4270999999999999,587.2511481811305,0.0,36.17173089868896
2025-09-23 00:50:00,2025-09-23,5,611.0513099324186,589.77,0.0,21.281309932418598,0.0,0.0,0.0,9822.600886830758,9841.754065769936,0.4284999999999999,575.6252384603233,0.0,35.42607147209526
2025-09-23 01:00:00,2025-09-23,6,620.2211232021616,597.35335,0.0,22.86777320216163,0.0,0.0,0.0,9841.754065769936,9862.335061651882,0.4310999999999999,583.7652826778161,0.0,36.45584052434532
2025-09-23 01:10:00,2025-09-23,7,621.1472634612335,579.9716666666666,0.0,41.1755967945669,0.0,0.0,0.0,9862.335061651882,9899.393098766994,0.4302,583.1103185519421,0.0,38.03694490929138
2025-09-23 01:20:00,2025-09-23,8,864.4503275218642,552.68,0.0,311.77032752186426,0.0,0.0,0.0,9899.393098766994,10179.98639353667,0.4279,572.4103951327454,0.0,39.37425108996112
2025-09-23 01:30:00,2025-09-23,9,617.8786216089443,584.0533499999999,0.0,33.82527160894438,0.0,0.0,0.0,10179.98639353667,10210.42913798472,0.4312,579.5403913835789,0.0,38.338230225365294
2025-09-23 01:40:00,2025-09-23,10,641.2222074634323,601.8616166666666,0.0,39.36059079676568,0.0,0.0,0.0,10210.42913798472,10245.85366970181,0.4333,601.8479563734711,0.0,39.37425108996112
2025-09-23 01:50:00,2025-09-23,11,649.7379726415792,590.6066666666666,0.0,59.131305974912486,0.0,0.0,0.0,10245.85366970181,10299.071845079232,0.4310999999999999,612.10755910298,0.0,37.63041353859916
2025-09-23 02:00:00,2025-09-23,12,626.8705460054945,604.56305,0.0,22.3074960054945,0.0,0.0,0.0,10299.071845079232,10319.148591484178,0.4293,587.4962949155333,0.0,39.37425108996112
2025-09-23 02:10:00,2025-09-23,13,616.6807882890241,607.79955,0.0,8.881238289024282,0.0,0.0,0.0,10319.148591484178,10327.1417059443,0.4324,574.6407157361526,0.0,42.04007255287158
2025-09-23 02:20:00,2025-09-23,14,634.5760556692957,594.9866666666667,0.0,39.58938900262899,0.0,0.0,0.0,10327.1417059443,10362.772156046663,0.4366999999999999,594.560964599085,0.0,40.01509107021073
2025-09-23 02:30:00,2025-09-23,15,666.3807612490882,598.5124,0.0,67.86836124908825,0.0,0.0,0.0,10362.772156046663,10423.853681170844,0.4348,623.2745354218116,0.0,43.106225827276575
2025-09-23 02:40:00,2025-09-23,16,661.8641584096013,587.2797666666667,0.0,74.58439174293461,0.0,0.0,0.0,10423.853681170844,10490.979633739487,0.4335,617.9865374608065,0.0,43.8776209487946
2025-09-23 02:50:00,2025-09-23,17,640.4361750128304,567.005,0.0,73.4311750128304,0.0,0.0,0.0,10490.979633739487,10557.067691251035,0.4356999999999999,596.1056074157442,0.0,44.3305675970862
2025-09-23 03:00:00,2025-09-23,18,659.1778236035514,578.4799333333333,0.0,80.69789027021808,0.0,0.0,0.0,10557.067691251035,10629.695792494233,0.4374,611.736553250398,0.0,47.441270353153406
2025-09-23 03:10:00,2025-09-23,19,655.8609407574597,591.0519666666667,0.0,64.80897409079307,0.0,0.0,0.0,10629.695792494233,10688.023869175944,0.4370999999999999,608.8754930006447,0.0,46.985447756815006
2025-09-23 03:20:00,2025-09-23,20,630.5475548137778,586.8499999999999,0.0,43.697554813777856,0.0,0.0,0.0,10688.023869175944,10727.351668508343,0.4355999999999999,584.6346131671952,0.0,45.91294164658257
2025-09-23 03:30:00,2025-09-23,21,642.3478878095399,582.1735833333332,0.0,60.17430447620666,0.0,0.0,0.0,10727.351668508343,10781.508542536933,0.4353,594.0759957076888,0.0,48.271892101851215
2025-09-23 03:40:00,2025-09-23,22,654.2524248522056,602.7533333333333,0.0,20.54606384785479,0.0,0.0,30.953027671017416,10781.508542536933,10800.0,0.436,605.4921612541158,0.0,48.76026359808972
2025-09-23 03:50:00,2025-09-23,23,661.0881207741792,623.1283333333333,0.0,0.0,0.0,0.0,37.95978744084584,10800.0,10800.0,0.4378,612.2670014180411,0.0,48.82111935613804
2025-09-23 04:00:00,2025-09-23,24,685.4914142126476,595.5229999999999,0.0003166666666666,0.0,0.0,0.0,89.96873087931431,10800.0,10800.0,0.4400999999999999,636.746889165281,0.0,48.74452504736655
2025-09-23 04:10:00,2025-09-23,25,682.9776556198537,591.4709333333333,0.0,0.0,0.0,0.0,91.50672228652049,10800.0,10800.0,0.4389,634.2331305724872,0.0,48.74452504736655
2025-09-23 04:20:00,2025-09-23,26,660.5266393969887,616.0716666666666,0.0,0.0,0.0,0.0,44.45497273032208,10800.0,10800.0,0.4364,610.552382976299,0.0,49.97425642068964
2025-09-23 04:30:00,2025-09-23,27,666.5232423902617,604.9007666666665,0.0044666666666666,0.0,0.0,0.0,61.62694239026166,10800.0,10800.0,0.4393,615.6477603298723,0.0,50.87548206038935
2025-09-23 04:40:00,2025-09-23,28,659.2958187604913,600.4158166666666,0.0,0.0,0.0,0.0,58.88000209382472,10800.0,10800.0,0.4421999999999999,609.3215623398016,0.0,49.97425642068964
2025-09-23 04:50:00,2025-09-23,29,637.4907739257213,618.1233333333332,0.0,0.0,0.0,0.0,19.367440592388107,10800.0,10800.0,0.4395,587.5881103035035,0.0,49.9026636222178
2025-09-23 05:00:00,2025-09-23,30,639.1215549055644,625.22745,0.0621833333333333,0.0,0.0,0.0,13.95628823889774,10800.0,10800.0,0.4333,587.0295086776432,0.0,52.09204622792112
2025-09-23 05:10:00,2025-09-23,31,669.3519055631169,614.9081333333334,0.0,0.0,0.0,0.0,54.44377222978369,10800.0,10800.0,0.4439,608.8878047835867,0.0,60.46410077953033
2025-09-23 05:20:00,2025-09-23,32,687.8215550960579,592.9466666666666,0.0,0.0,0.0,0.0,94.87488842939126,10800.0,10800.0,0.4300999999999999,619.9467497001351,0.0,67.87480539592275
2025-09-23 05:30:00,2025-09-23,33,1493.3413863725175,584.8440666666667,0.8660166666666665,0.0,0.0,0.0,909.3633363725174,10800.0,10800.0,0.3713,596.7919522652953,6.659674412681568,69.87577518657045
2025-09-23 05:40:00,2025-09-23,34,719.1170558562922,666.9134333333333,0.0,0.0,0.0,0.0,52.20362252295888,10800.0,10800.0,0.5707999999999999,654.6297864487217,10.331045193753027,74.81831460132352
2025-09-23 05:50:00,2025-09-23,35,0.0,790.6233333333331,0.0,0.0,790.6233333333331,0.0,0.0,10800.0,9921.52962962963,0.9099,770.4232613624257,19.32992298023544,77.67700358654595
2025-09-23 06:00:00,2025-09-23,36,0.0,818.5693,24.797216666666664,0.0,793.7720833333332,0.0,0.0,9921.52962962963,9039.560648148146,0.9368,796.8027775192835,52.34738071305628,83.70069513378233
2025-09-23 06:10:00,2025-09-23,37,0.0,805.3289166666666,62.66909999999999,0.0,742.6598166666665,0.0,0.0,9039.560648148146,8214.383074074074,0.8758,779.364971023763,94.63919195734901,84.15767926642492
2025-09-23 06:20:00,2025-09-23,38,0.0,798.6999999999998,108.23125,0.0,690.4687499999999,0.0,0.0,8214.383074074074,7447.195574074073,0.8759,771.3025101132778,138.28108576174725,86.91869313918338
2025-09-23 06:30:00,2025-09-23,39,0.0,792.8847499999998,162.3007333333333,0.0,630.5840166666667,0.0,0.0,7447.195574074073,6746.546666666667,0.8600999999999999,779.6508357970605,186.32468281337597,87.89092497789481
2025-09-23 06:40:00,2025-09-23,40,0.0,792.5254333333332,207.64328333333333,0.0,584.88215,0.0,0.0,6746.546666666667,6096.677611111111,0.8442,782.0602143176984,235.2738968272581,91.14758252122813
2025-09-23 06:50:00,2025-09-23,41,0.0,798.1749999999998,251.9625,0.0,546.2125,0.0,0.0,6096.677611111111,5489.774833333334,0.8334,772.9609850156033,286.1187003294027,91.14758252122813
2025-09-23 07:00:00,2025-09-23,42,282.0160969114645,802.7136666666665,317.9908333333333,0.0,202.70673642186887,0.0,0.0,5489.774833333334,5264.545126197924,0.8092,770.4250884590048,343.0386226509107,89.96542102486438
2025-09-23 07:10:00,2025-09-23,43,483.93752712351846,797.7029833333331,372.3946333333333,58.629177123518616,0.0,0.0,0.0,5264.545126197924,5317.311385609091,0.7972,793.9132098591117,399.5193575365224,89.5436748009293
2025-09-23 07:20:00,2025-09-23,44,444.96174771471453,776.7516666666666,415.43125,83.64133104804785,0.0,0.0,0.0,5317.311385609091,5392.588583552334,0.7643999999999999,811.0294828750101,456.4190029421096,90.351267781814
2025-09-23 07:30:00,2025-09-23,45,361.3399471733194,767.8136999999998,482.3454333333333,75.87168050665275,0.0,0.0,0.0,5392.588583552334,5460.873096008321,0.6898999999999998,787.5239618220075,515.4870116142113,89.30299696552314
2025-09-23 07:40:00,2025-09-23,46,0.0,914.9736166666665,557.2434,0.0,357.7302166666667,0.0,0.0,5460.873096008321,5063.395077489803,0.8599999999999999,881.3304813495989,567.5453379323328,84.38500377958104
2025-09-23 07:50:00,2025-09-23,47,0.0,1116.8433333333332,625.51875,0.0,491.3245833333333,0.0,0.0,5063.395077489803,4517.478873786099,1.1617,1054.4069564431247,617.5782823515536,84.14339429358972
2025-09-23 08:00:00,2025-09-23,48,0.0,1110.83115,686.6041499999999,0.0,424.2270000000001,0.0,0.0,4517.478873786099,4046.115540452766,1.1683,1095.1010977141425,678.5932181772421,83.87234052113308
2025-09-23 08:10:00,2025-09-23,49,0.0,1078.2838,737.98415,0.0,340.29965,0.0,0.0,4046.115540452766,3668.004818230544,1.0956,1076.42647163747,742.2485301067456,84.41898166135849
2025-09-23 08:20:00,2025-09-23,50,0.0,1105.995,783.1062499999998,0.0,322.88875,0.0,0.0,3668.004818230544,3309.239540452766,1.0849,1065.2921617433549,797.0304955249045,87.75936334254453
2025-09-23 08:30:00,2025-09-23,51,0.0,1100.0135833333334,832.8488333333331,0.0,267.16475000000014,0.0,0.0,3309.239540452766,3012.389818230544,1.061,1052.9253539839358,842.1975641263864,89.50310919219822
2025-09-23 08:40:00,2025-09-23,52,0.0,1077.07055,900.0535666666666,0.0,177.01698333333331,0.0,0.0,3012.389818230544,2815.704281193506,1.043,1044.4053001741104,894.7700140900334,95.56364278726812
2025-09-23 08:50:00,2025-09-23,53,0.0,1071.2616666666663,967.975,0.0,103.28666666666652,0.0,0.0,2815.704281193506,2700.941318230544,1.036,1047.0409788144657,955.189661985684,105.24894648550712
2025-09-23 09:00:00,2025-09-23,54,0.0,1091.9557166666666,1003.4251833333332,0.0,88.53053333333331,0.0,0.0,2700.941318230544,2602.574058971285,1.0147,1060.5171912488768,995.9151008954713,115.67488836046677
2025-09-23 09:10:00,2025-09-23,55,0.0,1101.9716166666667,1026.5778833333334,0.0,75.39373333333333,0.0,0.0,2602.574058971285,2518.8032441564696,0.9922,1062.2795300296723,1030.366115935401,121.47370055989175
2025-09-23 09:20:00,2025-09-23,56,0.0,1097.4033333333332,1051.0437499999998,0.0,46.359583333333376,0.0,0.0,2518.8032441564696,2467.2925960083217,0.97,1041.0944202943183,1074.5919809284978,123.107322042789
2025-09-23 09:30:00,2025-09-23,57,0.0,1104.6482166666665,1070.56755,0.0,34.0806666666665,0.0,0.0,2467.2925960083217,2429.425188600914,0.9422,1011.0353179922844,1127.401714977511,118.19541774561252
2025-09-23 09:40:00,2025-09-23,58,0.0,1094.5292666666664,1080.5508333333332,0.0,13.978433333333214,0.0,0.0,2429.425188600914,2413.8935960083218,0.9569,1017.8123501244754,1162.1020801617706,113.17435649470542
2025-09-23 09:50:00,2025-09-23,59,0.0,1075.993333333333,1081.2937499999998,5.30041666666648,0.0,0.0,0.0,2413.8935960083218,2418.663971008322,0.9977,1052.6794778724368,1183.0695415096086,110.8876047633206
2025-09-23 10:00:00,2025-09-23,60,0.0,1087.8485333333333,1084.459566666667,0.0,3.388966666666647,0.0,0.0,2418.663971008322,2414.8984524898037,0.9919,1061.8673178732547,1208.9152583465286,110.8876047633206
2025-09-23 10:10:00,2025-09-23,61,0.0,1081.4083166666665,1127.3218833333333,45.91356666666684,0.0,0.0,0.0,2414.8984524898037,2456.2206624898035,0.9588,1058.733099394684,1245.0232118321128,110.10263146669342
2025-09-23 10:20:00,2025-09-23,62,0.0,1056.0183333333332,1189.9499999999998,133.93166666666662,0.0,0.0,0.0,2456.2206624898035,2576.759162489804,0.9549,1057.182770749337,1277.1216068351523,108.3611344853972
2025-09-23 10:30:00,2025-09-23,63,0.0,1062.8238666666666,1209.6129166666665,146.78904999999986,0.0,0.0,0.0,2576.759162489804,2708.869307489804,0.9839,1054.032992025279,1291.2884880490285,107.81179945752672
2025-09-23 10:40:00,2025-09-23,64,0.0,1078.949116666667,1206.7621833333333,127.8130666666666,0.0,0.0,0.0,2708.869307489804,2823.901067489804,0.799,1051.3830593094294,1310.7066298381676,104.86953026121648
2025-09-23 10:50:00,2025-09-23,65,0.0,1078.4266666666667,1226.6125,148.18583333333322,0.0,0.0,0.0,2823.901067489804,2957.2683174898034,0.5025,1049.4133146322188,1334.3215617503258,101.33805886401296
2025-09-23 11:00:00,2025-09-23,66,627.0057564330118,1059.5224333333333,1297.4641499999998,833.3333333333331,0.0,0.0,31.614139766345037,2957.2683174898034,3707.2683174898034,0.4662,1047.2465946284271,1353.0329965335288,99.45882500478012
2025-09-23 11:10:00,2025-09-23,67,467.75385553884627,1051.7829166666666,1368.281433333333,784.2523722055126,0.0,0.0,0.0,3707.2683174898034,4413.095452474765,0.5007,1054.01540102814,1361.103430236,98.07122889421805
2025-09-23 11:20:00,2025-09-23,68,633.9761692961126,1071.92,1399.9562499999995,833.3333333333331,0.0,0.0,128.67908596277903,4413.095452474765,5163.095452474765,0.4827,1062.4688266449757,1359.8972195764145,98.07122889421805
2025-09-23 11:30:00,2025-09-23,69,612.2793426046655,1100.6726166666667,1396.6131666666663,833.3333333333331,0.0,0.0,74.88655927133209,5163.095452474765,5913.095452474765,0.4784999999999999,1051.7588475590424,1368.9927330431733,96.17989475546312
2025-09-23 11:40:00,2025-09-23,70,573.3374139358482,1061.9253666666666,1405.9018166666667,833.3333333333331,0.0,0.0,83.98053060251505,5913.095452474765,6663.095452474765,0.4662,1021.7673514327788,1374.9214566265207,93.15818579625704
2025-09-23 11:50:00,2025-09-23,71,532.5628361402523,982.2816666666664,1435.59375,833.3333333333331,0.0,0.0,152.54158614025255,6663.095452474765,7413.095452474767,0.4431999999999999,983.6780827358195,1377.6067657251576,93.15818579625704
2025-09-23 12:00:00,2025-09-23,72,491.3989916456396,969.2598833333332,1448.3985833333331,833.3333333333331,0.0,0.0,137.20435831230623,7413.095452474767,8163.095452474767,0.4410999999999999,958.2059748601649,1392.8617009123493,92.72138436449028
2025-09-23 12:10:00,2025-09-23,73,488.4590153692759,988.3075333333331,1430.2115666666664,833.3333333333331,0.0,0.0,97.02971536927576,8163.095452474767,8913.095452474767,0.4551,975.6010880016192,1411.5332174032935,91.05781143761713
2025-09-23 12:20:00,2025-09-23,74,517.5902203491885,993.0716666666668,1414.0812499999995,833.3333333333331,0.0,0.0,105.26647034918824,8913.095452474767,9663.095452474767,0.4462999999999999,1008.790750805496,1412.2480621347113,87.71419834507061
2025-09-23 12:30:00,2025-09-23,75,524.0506681740551,980.4257666666668,1440.8882833333332,833.3333333333331,0.0,0.0,151.17985150738832,9663.095452474767,10413.095452474765,0.4113,998.6775292434248,1385.3587923415262,77.3985979388234
2025-09-23 12:40:00,2025-09-23,76,0.0,1015.2652,1424.444,409.1788,0.0,0.0,0.0,10413.095452474765,10781.356372474766,0.5682,995.5313099374957,1372.2382636907469,73.56368949647798
2025-09-23 12:50:00,2025-09-23,77,0.0,1068.0883333333331,1355.8562499999998,20.715141694704972,0.0,0.0,267.0527749719617,10781.356372474766,10800.0,0.8278999999999999,1017.746685489467,1364.0830381705805,68.41065583147008
2025-09-23 13:00:00,2025-09-23,78,0.0,1042.2472166666666,1314.1581333333334,0.0,0.0,0.0,271.9109166666667,10800.0,10800.0,0.8636,1027.7095704802127,1315.2454068691509,65.97688710605485
2025-09-23 13:10:00,2025-09-23,79,0.0,1013.4041833333332,1292.3498,0.0,0.0,0.0,278.94561666666664,10800.0,10800.0,0.8416,1007.6043842307348,1272.1047761146226,61.835924647394
2025-09-23 13:20:00,2025-09-23,80,0.0,1019.2716666666666,1267.88125,0.0,0.0,0.0,248.6095833333333,10800.0,10800.0,0.8618,988.248037100904,1254.6742874891445,59.90438241096626
2025-09-23 13:30:00,2025-09-23,81,0.0,1026.9902333333332,1232.426416666667,0.0,0.0,0.0,205.43618333333347,10800.0,10800.0,0.8623,1017.2448575569322,1229.6162508405432,54.27161802372132
2025-09-23 13:40:00,2025-09-23,82,0.0,1048.6416333333332,1204.69615,0.0,0.0,0.0,156.0545166666668,10800.0,10800.0,0.9026,1034.662671585509,1196.5150656632718,50.22792853208136
2025-09-23 13:50:00,2025-09-23,83,0.0,1068.255,1182.49375,0.0,0.0,0.0,114.23874999999998,10800.0,10800.0,0.9754,1013.5367957029264,1158.905952859442,45.8124015822807
2025-09-23 14:00:00,2025-09-23,84,0.0,1049.77675,1139.6694666666667,0.0,0.0,0.0,89.89271666666673,10800.0,10800.0,1.0002,988.6192519791128,1129.289815819537,44.829407700913634
2025-09-23 14:10:00,2025-09-23,85,0.0,1035.4709833333332,1065.57745,0.0,0.0,0.0,30.106466666666847,10800.0,10800.0,0.9978,990.500329951002,1099.7599015610303,44.57463557466093
2025-09-23 14:20:00,2025-09-23,86,0.0,1039.4333333333334,975.675,0.0,63.75833333333344,0.0,0.0,10800.0,10729.157407407409,1.0271,1012.4886697911994,1062.9013076094666,44.14923694722602
2025-09-23 14:30:00,2025-09-23,87,0.0,1036.1879,898.9024333333333,0.0,137.2854666666666,0.0,0.0,10729.157407407409,10576.618,1.0906,1020.5813516373332,1025.5165293246562,45.557629456028
2025-09-23 14:40:00,2025-09-23,88,0.0,1034.3812666666663,831.80015,0.0,202.5811166666665,0.0,0.0,10576.618,10351.527870370372,0.9376,1013.0716531988332,983.2185981754368,54.943845155361146
2025-09-23 14:50:00,2025-09-23,89,131.049948043011,1043.78,793.6062499999998,0.0,119.12380195698904,0.0,0.0,10351.527870370372,10219.16809041816,0.6694,1001.883423622438,936.6127009243492,65.77922534492245
2025-09-23 15:00:00,2025-09-23,90,338.3014039068964,1062.897516666667,807.0136666666667,82.41755390689627,0.0,0.0,0.0,10219.16809041816,10293.343888934369,0.66,1004.9469585429756,888.8349347196665,67.35067397560852
2025-09-23 15:10:00,2025-09-23,91,268.5426633597019,1076.8336166666666,789.0494166666667,0.0,19.24153664029791,0.0,0.0,10293.343888934369,10271.96440377848,0.7217,1040.320362154093,840.2402777115661,68.46257891717539
2025-09-23 15:20:00,2025-09-23,92,357.1804830873027,1063.7416666666666,736.2062499999998,29.645066420636116,0.0,0.0,0.0,10271.96440377848,10298.644963557052,0.7308,1075.7622186031315,789.658067848509,71.07633233268035
2025-09-23 15:30:00,2025-09-23,93,396.7823261857952,1020.0329333333334,717.7256666666667,94.47505951912851,0.0,0.0,0.0,10298.644963557052,10383.672517124269,0.7533999999999998,1052.7167461638198,729.917217570015,73.98279759199039
2025-09-23 15:40:00,2025-09-23,94,416.5819481585559,1025.60495,672.6557666666665,63.63276482522269,0.0,0.0,0.0,10383.672517124269,10440.94200546697,0.7823,1009.7658514195642,666.8108290380958,73.62692577708742
2025-09-23 15:50:00,2025-09-23,95,460.4072940264149,1084.195,590.6125,0.0,33.17520597358521,0.0,0.0,10440.94200546697,10404.08066549632,0.8054999999999999,998.6488031493332,611.8684349000056,73.62692577708742
2025-09-23 16:00:00,2025-09-23,96,549.2880753595183,1117.4951999999998,528.06255,0.0,40.14457464048155,0.0,0.0,10404.08066549632,10359.475582562452,0.8271,1037.4056472879258,560.5722580570583,72.45468612865086
2025-09-23 16:10:00,2025-09-23,97,624.0047179155013,1108.5640166666667,472.75036666666665,0.0,11.808932084498792,0.0,0.0,10359.475582562452,10346.354546913008,0.8518999999999999,1056.3196283228442,504.22563417283374,71.91072376549073
2025-09-23 16:20:00,2025-09-23,98,662.4903311292107,1085.4916666666666,417.25625,0.0,5.745085537455906,0.0,0.0,10346.354546913008,10339.971118538057,0.8790999999999999,1038.5186152176643,448.4829702171044,72.45468612865086
2025-09-23 16:30:00,2025-09-23,99,703.4000012518632,1086.1258833333331,369.77834999999993,0.0,12.947532081470172,0.0,0.0,10339.971118538057,10325.584971780869,0.9024,1029.8010467119675,398.8557315887553,72.45468612865086
2025-09-23 16:40:00,2025-09-23,100,773.3307805461101,1075.4214333333332,310.59875,8.508097212776873,0.0,0.0,0.0,10325.584971780869,10333.242259272369,0.9163,1047.6137331276248,346.20695185183547,71.92399927032068
2025-09-23 16:50:00,2025-09-23,101,847.5368471193452,1058.285,244.23125,33.48309711934553,0.0,0.0,0.0,10333.242259272369,10363.377046679778,0.9264,1067.9790840825476,289.9692383699248,69.52700140672258
2025-09-23 17:00:00,2025-09-23,102,878.0586381579274,1073.5455166666666,196.4585333333333,0.9716548245942248,0.0,0.0,0.0,10363.377046679778,10364.251536021911,0.9462,1052.3736891479782,238.52771546470856,64.21266447465769
2025-09-23 17:10:00,2025-09-23,103,913.8254342069667,1066.3225166666666,152.9859,0.4888175403000332,0.0,0.0,0.0,10364.251536021911,10364.691471808184,0.9742,1043.4068317873418,190.3836428127161,60.80224523234088
2025-09-23 17:20:00,2025-09-23,104,985.8298653865492,1061.415,105.03125,29.44611538654931,0.0,0.0,0.0,10364.691471808184,10391.192975656077,0.9862,1067.9333336564025,143.72340137501516,61.61993310516209
2025-09-23 17:30:00,2025-09-23,105,1051.4224961315842,1111.272333333333,59.409666666666666,0.0,0.4401705350824158,0.0,0.0,10391.192975656077,10390.703897283764,0.976,1091.5672848839836,98.19366354844168,58.04887479604244
2025-09-23 17:40:00,2025-09-23,106,978.2706673898537,981.0726333333331,21.907316666666667,19.10535072318692,0.0,0.0,0.0,10390.703897283764,10407.898712934631,1.0742,980.5165298265676,54.01142932763952,51.76556689092513
2025-09-23 17:50:00,2025-09-23,107,825.763294207418,752.645,0.0,73.1182942074181,0.0,0.0,0.0,10407.898712934631,10473.705177721307,1.2313,798.7344118703908,20.913738382107965,47.94262071913522
2025-09-23 18:00:00,2025-09-23,108,788.7299066540786,764.3298499999999,0.0,24.40005665407864,0.0,0.0,0.0,10473.705177721307,10495.66522870998,1.2561,756.3839909640915,12.044049266315485,44.389964956302485
2025-09-23 18:10:00,2025-09-23,109,814.0470011479978,830.9645,0.7372333333333333,0.0,16.18026551866899,0.0,0.0,10495.66522870998,10477.687155911455,1.2447,780.1929824384066,8.39569662300164,42.24971533259296
2025-09-23 18:20:00,2025-09-23,110,839.6608222422096,834.4166666666665,0.0,5.2441555755430045,0.0,0.0,0.0,10477.687155911455,10482.406895929444,1.2545,799.9514011773973,0.0,39.709421064812254
2025-09-23 18:30:00,2025-09-23,111,854.8123156748675,836.15965,0.0,18.65266567486742,0.0,0.0,0.0,10482.406895929444,10499.194295036828,1.2522,817.7981437487286,0.0,37.01417192613882
2025-09-23 18:40:00,2025-09-23,112,828.6108228619881,810.4176333333331,0.0529333333333333,18.2461228619884,0.0,0.0,0.0,10499.194295036828,10515.615805612617,1.2881,796.2996791791397,0.0,32.311143682848524
2025-09-23 18:50:00,2025-09-23,113,0.0,777.4266666666667,0.0,0.0,777.4266666666667,0.0,0.0,10515.615805612617,9651.808398205209,1.3466,766.8968830441084,0.0,31.099701694036924
2025-09-23 19:00:00,2025-09-23,114,0.0,799.0988833333333,0.0,0.0,799.0988833333333,0.0,0.0,9651.808398205209,8763.920750057061,1.3523,802.1208562848288,0.0,30.580115574501637
2025-09-23 19:10:00,2025-09-23,115,19.401351000331715,825.5996666666665,0.0038,0.0,806.1945156663348,0.0,0.0,8763.920750057061,7868.149065983355,1.3445,821.634982639628,0.0,31.099701694036924
2025-09-23 19:20:00,2025-09-23,116,1.6910587368076904,817.8166666666666,0.0,0.0,816.1256079298589,0.0,0.0,7868.149065983355,6961.342834950179,1.3483,803.4610064940298,0.0,31.56338557611133
2025-09-23 19:30:00,2025-09-23,117,7.249747438339682,786.83635,0.0,0.0,779.5866025616604,0.0,0.0,6961.342834950179,6095.135498770556,1.349,805.9428293493856,0.0,34.640251422287285
2025-09-23 19:40:00,2025-09-23,118,13.67467331355715,784.2191666666665,0.0002666666666666,0.0,770.5442266864427,0.0,0.0,6095.135498770556,5238.975246896731,1.3473,811.0118951369603,0.0,35.99611150992996
2025-09-23 19:50:00,2025-09-23,119,5.948307526670078,811.9116666666665,0.0,0.0,805.9633591399964,0.0,0.0,5238.975246896731,4343.460403407846,1.3482,800.871704331422,0.0,38.40993652858134
2025-09-23 20:00:00,2025-09-23,120,0.0,827.1781166666666,0.0,0.0,827.1781166666666,0.0,0.0,4343.460403407846,3424.373607111549,1.3513,784.0433858032472,0.0,42.47258140958999
2025-09-23 20:10:00,2025-09-23,121,473.5943213283393,843.5677,0.0,0.0,369.9733786716607,0.0,0.0,3424.373607111549,3013.2920752541486,1.34,780.028806897366,0.0,43.0186572873275
2025-09-23 20:20:00,2025-09-23,122,6.0489018470385645,839.7083333333331,0.0,0.0,833.3333333333331,0.3260981529614355,0.0,3013.2920752541486,2087.3661493282225,1.3489,795.547756902631,0.0,43.83447827774077
2025-09-23 20:30:00,2025-09-23,123,24.615207946381588,784.8952833333332,0.0,0.0,760.2800753869518,0.0,0.0,2087.3661493282225,1242.610510009387,1.3952,813.8860698622788,0.0,44.06247141743602
2025-09-23 20:40:00,2025-09-23,124,843.147314306835,801.6617999999999,0.0,41.48551430683517,0.0,0.0,0.0,1242.610510009387,1279.947472885539,1.2226,799.9667975430259,0.0,43.18051676380921
2025-09-23 20:50:00,2025-09-23,125,825.0402475378971,869.2166666666667,0.0,0.0,44.17641912876957,0.0,0.0,1279.947472885539,1230.8625627424617,0.9332,780.9777761204609,0.0,44.06247141743602
2025-09-23 21:00:00,2025-09-23,126,859.2214697383854,842.5243833333334,0.0,16.697086405052005,0.0,0.0,0.0,1230.8625627424617,1245.8899405070083,0.9068,812.5057490688331,0.0,46.715720669552354
2025-09-23 21:10:00,2025-09-23,127,847.1356948264217,804.5951833333332,0.0,42.540511493088395,0.0,0.0,0.0,1245.8899405070083,1284.176400850788,0.9371,796.8843484983059,0.0,50.25134632811572
2025-09-23 21:20:00,2025-09-23,128,806.3666872694787,813.3816666666665,0.0,0.0,7.014979397187972,0.0,0.0,1284.176400850788,1276.381979298357,0.9371,756.115340941363,0.0,50.25134632811572
2025-09-23 21:30:00,2025-09-23,129,849.054594197059,829.8691333333331,0.0,19.185460863725893,0.0,0.0,0.0,1276.381979298357,1293.6488940757104,0.9871,805.6772291551808,0.0,43.37736504187831
2025-09-23 21:40:00,2025-09-23,130,806.6924098212892,768.1864999999998,0.0,38.50590982128927,0.0,0.0,0.0,1293.6488940757104,1328.3042129148707,0.7763999999999999,769.3042069486338,0.0,37.388202872655434
2025-09-23 21:50:00,2025-09-23,131,1511.1487805805805,639.2433333333332,0.0,833.3333333333331,0.0,0.0,38.57211391391365,1328.3042129148707,2078.3042129148707,0.4209,642.4205321954279,0.0,35.39491505181917
2025-09-23 22:00:00,2025-09-23,132,1467.7626462949695,553.4415666666665,0.0,833.3333333333331,0.0,0.0,80.98774629496982,2078.3042129148707,2828.3042129148707,0.3859,601.2225795094555,0.0,33.20673345218097
2025-09-23 22:10:00,2025-09-23,133,638.616952323128,582.6785666666666,0.0,55.938385656461264,0.0,0.0,0.0,2828.3042129148707,2878.6487600056857,0.4368,607.9859017946284,0.0,30.631050528499514
2025-09-23 22:20:00,2025-09-23,134,1471.7288969424944,647.2066666666666,0.0,824.5222302758278,0.0,0.0,0.0,2878.6487600056857,3620.7187672539303,0.4198,608.3418615456859,0.0,30.05370206347527
2025-09-23 22:30:00,2025-09-23,135,1468.0192959399835,596.69985,0.0,833.3333333333331,0.0,0.0,37.98611260665052,3620.7187672539303,4370.718767253931,0.4186,609.3599796887381,0.0,25.325982917912256
2025-09-23 22:40:00,2025-09-23,136,651.1811548337503,555.3522833333333,0.0,95.828871500417,0.0,0.0,0.0,4370.718767253931,4456.964751604306,0.4240999999999999,621.0838792436936,0.0,30.097275590056853
2025-09-23 22:50:00,2025-09-23,137,1493.6776502024732,569.3499999999999,0.0,833.3333333333331,0.0,0.0,90.99431686914,4456.964751604306,5206.964751604306,0.4237,629.2489213318397,0.0,31.09539553730033
2025-09-23 23:00:00,2025-09-23,138,644.4744134102646,564.6558666666666,0.0,79.81854674359795,0.0,0.0,0.0,5206.964751604306,5278.801443673545,0.4248,613.3790178729643,0.0,31.09539553730033
2025-09-23 23:10:00,2025-09-23,139,654.5262670963664,576.5015666666666,0.0,78.0247004296998,0.0,0.0,0.0,5278.801443673545,5349.023674060275,0.4239999999999999,623.3244059505025,0.0,31.201861145863745
2025-09-23 23:20:00,2025-09-23,140,1508.319845437362,610.3249999999999,0.0,833.3333333333331,0.0,0.0,64.6615121040287,5349.023674060275,6099.023674060275,0.4219999999999999,643.7846509581648,0.0,31.201861145863745
2025-09-23 23:30:00,2025-09-23,141,975.6371012889126,617.0672999999999,0.0,358.5698012889127,0.0,0.0,0.0,6099.023674060275,6421.736495220296,0.4239999999999999,612.3322717070508,0.0,29.971496248528396
2025-09-23 23:40:00,2025-09-23,142,643.4995238180878,568.2980833333334,0.0,75.20144048475447,0.0,0.0,0.0,6421.736495220296,6489.417791656575,0.4270999999999999,611.447034137107,0.0,32.05248968098079
2025-09-23 23:50:00,2025-09-23,143,682.4729844800507,524.6016666666667,0.0,157.87131781338405,0.0,0.0,0.0,6489.417791656575,6631.501977688621,0.4275999999999999,648.3157108784599,0.0,34.1572736015909
2025-12-21 00:00:00,2025-12-21,0,1449.2995207996448,596.0177166666666,0.0,833.3333333333331,0.0,0.0,19.94847079964495,6318.5982944172365,7068.5982944172365,0.4248,615.9661874663116,0.0,0.0
2025-12-21 00:10:00,2025-12-21,1,1420.8845401155836,589.6451666666667,0.0,831.2393734489169,0.0,0.0,0.0,7068.5982944172365,7816.713730521261,0.4244999999999999,587.5512067822503,0.0,0.0
2025-12-21 00:20:00,2025-12-21,2,1432.656658016298,578.6833333333333,0.0,833.3333333333331,0.0,0.0,20.639991349631487,7816.713730521261,8566.71373052126,0.4269,599.3233246829648,0.0,0.0
2025-12-21 00:30:00,2025-12-21,3,1446.3934114815374,564.7100333333333,0.0,833.3333333333331,0.0,0.0,48.3500448148709,8566.71373052126,9316.71373052126,0.4272,633.7248497229102,0.0,0.0
2025-12-21 00:40:00,2025-12-21,4,1476.669288492713,549.9038833333333,0.0,833.3333333333331,0.0,0.0,93.43207182604637,9316.71373052126,10066.713730521262,0.4270999999999999,643.3359551593796,0.0,0.0
2025-12-21 00:50:00,2025-12-21,5,630.0899663445833,558.21,0.0,71.87996634458341,0.0,0.0,0.0,10066.713730521262,10131.405700231388,0.4284999999999999,628.6829612494116,0.0,1.407005095171769
2025-12-21 01:00:00,2025-12-21,6,632.2673728675753,610.3485166666667,0.0,21.91885620090875,0.0,0.0,0.0,10131.405700231388,10151.132670812203,0.4310999999999999,630.8435091277038,0.0,1.4238637398716492
2025-12-21 01:10:00,2025-12-21,7,632.0750094937663,633.23595,0.0,0.0,1.1609405062337146,0.0,0.0,10151.132670812203,10149.842736916387,0.4302,629.3997687044221,0.0,2.6752407893442296
2025-12-21 01:20:00,2025-12-21,8,623.9635356558649,622.6966666666666,0.0,1.2668689891984286,0.0,0.0,0.0,10149.842736916387,10150.982919006668,0.4279,620.9243509104573,0.0,3.0391847454077374
2025-12-21 01:30:00,2025-12-21,9,629.3070416624901,637.4892666666666,0.0,0.0,8.18222500417653,0.0,0.0,10150.982919006668,10141.891557890916,0.4312,626.2678569170823,0.0,3.0391847454077374
2025-12-21 01:40:00,2025-12-21,10,638.6387379013955,622.368,0.0,16.27073790139559,0.0,0.0,0.0,10141.891557890916,10156.535222002172,0.4333,634.3310279887844,0.0,4.307709912611159
2025-12-21 01:50:00,2025-12-21,11,644.0154319830172,597.8583333333333,0.0,46.1570986496838,0.0,0.0,0.0,10156.535222002172,10198.076610786888,0.4310999999999999,638.6869432543766,0.0,5.328488728640592
2025-12-21 02:00:00,2025-12-21,12,647.230189426562,642.7462333333333,0.0,4.483956093228699,0.0,0.0,0.0,10198.076610786888,10202.112171270794,0.4293,641.9017006979216,0.0,5.328488728640592
2025-12-21 02:10:00,2025-12-21,13,660.5584969712863,653.8691166666665,0.0,6.689380304619704,0.0,0.0,0.0,10202.112171270794,10208.132613544953,0.4324,655.5902571200479,0.0,4.968239851238423
2025-12-21 02:20:00,2025-12-21,14,677.7540289411093,621.75,0.0,56.00402894110925,0.0,0.0,0.0,10208.132613544953,10258.536239591947,0.4366999999999999,674.1502358127461,0.0,3.6037931283631215
2025-12-21 02:30:00,2025-12-21,15,686.6516160931684,636.6433333333333,0.0,50.00828275983508,0.0,0.0,0.0,10258.536239591947,10303.5436940758,0.4348,682.3439061805573,0.0,4.307709912611159
2025-12-21 02:40:00,2025-12-21,16,685.1294566994392,631.9107333333333,0.0,53.21872336610579,0.0,0.0,0.0,10303.5436940758,10351.440545105295,0.4335,680.541991868591,0.0,4.587464830847978
2025-12-21 02:50:00,2025-12-21,17,678.0030509946447,625.2883333333333,0.0,52.7147176613114,0.0,0.0,0.0,10351.440545105295,10398.883791000477,0.4356999999999999,672.1699120326072,0.0,5.833138962037538
2025-12-21 03:00:00,2025-12-21,18,666.3352670830053,696.7576833333333,0.0,0.0,30.42241625032796,0.0,0.0,10398.883791000477,10365.081106277888,0.4374,661.9884755255111,0.0,4.346791557494157
2025-12-21 03:10:00,2025-12-21,19,680.7921110141142,685.8887833333333,0.0,0.0,5.096672319219124,0.0,0.0,10365.081106277888,10359.418137034312,0.4370999999999999,674.6788614615666,0.0,6.113249552547585
2025-12-21 03:20:00,2025-12-21,20,697.9067785738523,624.79,0.0,73.11677857385233,0.0,0.0,0.0,10359.418137034312,10425.22323775078,0.4355999999999999,690.4181977420532,0.0,7.48858083179914
2025-12-21 03:30:00,2025-12-21,21,673.9588166542113,703.4143,0.0,0.0,29.455483345788707,0.0,0.0,10425.22323775078,10392.494922922126,0.4353,665.315157307004,0.0,8.64365934720729
2025-12-21 03:40:00,2025-12-21,22,667.9033891382168,737.3209499999998,0.0,0.0,69.41756086178316,0.0,0.0,10392.494922922126,10315.364299742369,0.436,658.2378466349337,0.0,9.665542503282978
2025-12-21 03:50:00,2025-12-21,23,690.8076467878143,679.8583333333333,0.0,10.949313454480944,0.0,0.0,0.0,10315.364299742369,10325.2186818514,0.4378,679.5632535454728,0.0,11.244393242341602
2025-12-21 04:00:00,2025-12-21,24,695.0176504355475,673.1570666666667,0.0,21.86058376888081,0.0,0.0,0.0,10325.2186818514,10344.893207243393,0.4400999999999999,683.212046578303,0.0,11.805603857244447
2025-12-21 04:10:00,2025-12-21,25,705.90152226685,680.3992333333333,0.0,25.50228893351664,0.0,0.0,0.0,10344.893207243393,10367.845267283556,0.4389,694.3582087835189,0.0,11.543313483331076
2025-12-21 04:20:00,2025-12-21,26,735.4032656864334,677.4783333333332,0.0,57.9249323531003,0.0,0.0,0.0,10367.845267283556,10419.977706401349,0.4364,723.1742801517111,0.0,12.228985534722312
2025-12-21 04:30:00,2025-12-21,27,754.3341503890268,686.9797333333332,0.0,67.35441705569372,0.0,0.0,0.0,10419.977706401349,10480.596681751473,0.4393,742.6761325499881,0.0,11.658017839038903
2025-12-21 04:40:00,2025-12-21,28,738.6453879174464,680.6025666666667,0.0,58.04282125077975,0.0,0.0,0.0,10480.596681751473,10532.835220877172,0.4421999999999999,726.9873700784077,0.0,11.658017839038903
2025-12-21 04:50:00,2025-12-21,29,707.7269696818697,672.0516666666665,0.0,35.675303015203205,0.0,0.0,0.0,10532.835220877172,10564.942993590856,0.4395,695.9970400354345,0.0,11.729929646435552
2025-12-21 05:00:00,2025-12-21,30,712.2960909905169,702.9903666666667,0.0003833333333333,9.306107657183587,0.0,0.0,0.0,10564.942993590856,10573.31849048232,0.4333,701.1213770941688,0.0,11.174713896348097
2025-12-21 05:10:00,2025-12-21,31,718.5405933744449,708.8747333333333,0.0,9.665860041111614,0.0,0.0,0.0,10573.31849048232,10582.017764519322,0.4439,707.8030566678216,0.0,10.737536706623333
2025-12-21 05:20:00,2025-12-21,32,712.4946421913943,677.7633333333333,0.0,34.73130885806097,0.0,0.0,0.0,10582.017764519322,10613.275942491577,0.4300999999999999,700.8236742085709,0.0,11.670967982823411
2025-12-21 05:30:00,2025-12-21,33,1554.6157286749358,679.6296833333333,0.0052666666666666,207.47117500935929,0.0,0.0,667.5201369989097,10613.275942491577,10800.0,0.3713,710.457301151563,0.0,10.825094190039463
2025-12-21 05:40:00,2025-12-21,34,793.7493442405981,786.2857666666665,0.0,0.0,0.0,0.0,7.4635775739313885,10800.0,10800.0,0.5707999999999999,783.7661778322655,0.0,9.983166408332579
2025-12-21 05:50:00,2025-12-21,35,892.6327318066926,915.1083333333331,0.0,0.0,22.475601526640617,0.0,0.0,10800.0,10775.027109414845,0.9099,884.3304906264982,0.0,8.302241180194358
2025-12-21 06:00:00,2025-12-21,36,246.97318960449684,906.553,0.0734333333333333,0.0,659.5063770621698,0.0,0.0,10775.027109414845,10042.242246012433,0.9368,913.949401632881,0.0,8.02378797161583
2025-12-21 06:10:00,2025-12-21,37,911.6499250568057,901.3054166666668,0.0,10.34450839013914,0.0,0.0,0.0,10042.242246012433,10051.552303563558,0.8758,903.7184389673997,0.0,7.931486089406177
2025-12-21 06:20:00,2025-12-21,38,907.5754754719587,931.175,0.0,0.0,23.599524528041115,0.0,0.0,10051.552303563558,10025.330609643512,0.8759,896.1761851045421,0.0,11.39929036741674
2025-12-21 06:30:00,2025-12-21,39,916.6584733250301,891.8811,1.0227666666666666,25.800139991696824,0.0,0.0,0.0,10025.330609643512,10048.55073563604,0.8600999999999999,905.0775685277576,0.0,11.580904797272552
2025-12-21 06:40:00,2025-12-21,40,933.2008692054588,872.2081666666666,0.0,60.9927025387924,0.0,0.0,0.0,10048.55073563604,10103.444167920952,0.8442,921.5767550134392,0.0,11.624114192019787
2025-12-21 06:50:00,2025-12-21,41,933.541352147875,895.6999999999998,0.0,37.84135214787512,0.0,0.0,0.0,10103.444167920952,10137.50138485404,0.8334,921.3139427561208,0.0,12.22740939175432
2025-12-21 07:00:00,2025-12-21,42,884.8858285035121,893.4640166666666,28.78048333333333,20.2022951701789,0.0,0.0,0.0,10137.50138485404,10155.683450507202,0.8092,893.5384005668102,25.00982467471817,16.35725261142008
2025-12-21 07:10:00,2025-12-21,43,839.2847096177959,886.8849333333332,70.00593333333333,22.405709617795992,0.0,0.0,0.0,10155.683450507202,10175.84858916322,0.7972,886.472539716973,65.40791785569968,18.220087756522656
2025-12-21 07:20:00,2025-12-21,44,804.1311051330118,871.9533333333335,115.11249999999998,47.29027179967841,0.0,0.0,0.0,10175.84858916322,10218.409833782927,0.7643999999999999,895.2236786302556,108.43285729396652,17.340283796722844
2025-12-21 07:30:00,2025-12-21,45,1582.1840100411507,844.3141166666666,166.12295,646.2112957967454,0.0,0.0,257.78154757773893,10218.409833782927,10800.0,0.6898999999999998,885.9562587149682,153.36005923392574,16.254477226775293
2025-12-21 07:40:00,2025-12-21,46,797.5805635646163,981.5207666666665,212.78541666666663,0.0,0.0,0.0,28.8452135646163,10800.0,10800.0,0.8599999999999999,981.2157811837992,198.086992559362,14.451774940179178
2025-12-21 07:50:00,2025-12-21,47,83.04448775970819,1196.7983333333332,256.64374999999995,0.0,833.3333333333331,23.77676224029176,0.0,10800.0,9874.074074074073,1.1617,1145.8306621798663,242.53497685287576,13.082135766050598
2025-12-21 08:00:00,2025-12-21,48,93.56428296144396,1209.0585,310.0256833333333,0.0,805.4685337052225,0.0,0.0,9874.074074074073,8979.109036623828,1.1683,1204.0286368928412,288.48646812744886,11.355447529384849
2025-12-21 08:10:00,2025-12-21,49,41.72506648680064,1192.14925,368.60343333333327,0.0,781.820750179866,0.0,0.0,8979.109036623828,8110.419314201754,1.0956,1199.4098787927285,335.26516747223536,10.913688499640898
2025-12-21 08:20:00,2025-12-21,50,0.0,1227.835,429.9375,0.0,797.8975,0.0,0.0,8110.419314201754,7223.866536423978,1.0849,1194.3329582021163,381.2433474281376,9.876119371253907
2025-12-21 08:30:00,2025-12-21,51,0.0,1222.1887666666669,492.19645,0.0,729.9923166666667,0.0,0.0,7223.866536423978,6412.7639623499035,1.061,1204.2822453524043,425.48251965541954,8.998106884490142
2025-12-21 08:40:00,2025-12-21,52,0.0,1212.6767166666666,532.6005833333334,0.0,680.0761333333332,0.0,0.0,6412.7639623499035,5657.123814201755,1.043,1206.3561982525678,470.71479853736525,9.621881503941268
2025-12-21 08:50:00,2025-12-21,53,0.0,1209.275,556.93125,0.0,652.3437499999999,0.0,0.0,5657.123814201755,4932.297425312866,1.036,1193.996052206336,516.1540384446163,12.999700622583587
2025-12-21 09:00:00,2025-12-21,54,0.0,1179.4681,595.46445,0.0,584.0036500000001,0.0,0.0,4932.297425312866,4283.404480868421,1.0147,1185.9887210093382,557.414565691132,14.101404891924515
2025-12-21 09:10:00,2025-12-21,55,0.0,1169.02805,641.3426833333333,0.0,527.6853666666666,0.0,0.0,4283.404480868421,3697.0874067943473,0.9922,1197.0015551149047,593.4978035939894,17.251169934106684
2025-12-21 09:20:00,2025-12-21,56,0.0,1191.765,686.1,0.0,505.6649999999999,0.0,0.0,3697.0874067943473,3135.2374067943474,0.97,1208.9234625903362,625.3759061096994,20.201918107215874
2025-12-21 09:30:00,2025-12-21,57,556.9734482930173,1209.90835,728.4494833333333,75.51458162635072,0.0,0.0,0.0,3135.2374067943474,3203.200530258063,0.9422,1187.402037088416,657.3476509198968,26.91906212449811
2025-12-21 09:40:00,2025-12-21,58,497.9457811526409,1190.447,763.84655,71.34533115264094,0.0,0.0,0.0,3203.200530258063,3267.4113282954395,0.9569,1167.3196712514334,701.8119917829836,32.438101684191
2025-12-21 09:50:00,2025-12-21,59,0.0,1152.0383333333332,791.7312499999998,0.0,360.30708333333325,0.0,0.0,3267.4113282954395,2867.070124591736,0.9977,1170.61858256365,751.0396277597603,35.18445382241072
2025-12-21 10:00:00,2025-12-21,60,0.0,1145.5621333333331,814.3685166666666,0.0,331.1936166666667,0.0,0.0,2867.070124591736,2499.077217184328,0.9919,1186.692402685726,785.5393231659082,35.71158072582239
2025-12-21 10:10:00,2025-12-21,61,372.159969524747,1152.1980833333332,826.10465,46.06653619141389,0.0,0.0,0.0,2499.077217184328,2540.5370997566006,0.9588,1194.1469057689224,825.8578875587909,39.85468363650892
2025-12-21 10:20:00,2025-12-21,62,348.87362263395846,1158.5783333333334,826.7937499999998,17.089039300625018,0.0,0.0,0.0,2540.5370997566006,2555.917235127163,0.9549,1176.5701241667452,868.5834860195049,40.88698448671824
2025-12-21 10:30:00,2025-12-21,63,0.0,1173.4486499999998,824.36915,0.0,349.0794999999998,0.0,0.0,2555.917235127163,2168.051124016052,0.9839,1143.3143959213537,887.0831328506652,42.108421152318606
2025-12-21 10:40:00,2025-12-21,64,307.9204518739497,1199.1954,828.1346499999999,0.0,63.14029812605031,0.0,0.0,2168.051124016052,2097.895237209329,0.799,1166.492970900228,898.4272026627872,39.85468363650892
2025-12-21 10:50:00,2025-12-21,65,1167.7993689125535,1211.1033333333332,829.8687499999999,786.5647855792204,0.0,0.0,0.0,2097.895237209329,2805.803544230628,0.5025,1206.718496220729,912.5686758211294,40.31621517962054
2025-12-21 11:00:00,2025-12-21,66,1099.565751140065,1180.0967333333333,817.9991,737.4681178067317,0.0,0.0,0.0,2805.803544230628,3469.5248502566865,0.4662,1150.6911854499367,923.3573043491455,38.898536705940394
2025-12-21 11:10:00,2025-12-21,67,1044.3430208337577,1158.1015666666667,835.8504166666665,722.0918708337576,0.0,0.0,0.0,3469.5248502566865,4119.4075340070685,0.5007,1105.1373803603908,933.5625726167129,39.43487975674668
2025-12-21 11:20:00,2025-12-21,68,1050.3132625511462,1159.0266666666666,876.0562499999999,767.3428458844794,0.0,0.0,0.0,4119.4075340070685,4810.0160953031,0.4827,1123.7106230777254,946.1655736166592,39.43487975674668
2025-12-21 11:30:00,2025-12-21,69,1066.6826405771528,1143.3451,891.3363666666665,814.6739072438195,0.0,0.0,0.0,4810.0160953031,5543.222611822537,0.4784999999999999,1153.8247904865775,959.9103629995049,39.43487975674668
2025-12-21 11:40:00,2025-12-21,70,1046.149056750846,1094.3222833333332,929.6148666666664,833.3333333333331,0.0,0.0,48.10830675084617,5543.222611822537,6293.222611822537,0.4662,1139.8180332817135,965.8959572803096,38.89364741610882
2025-12-21 11:50:00,2025-12-21,71,996.3302611113278,1055.15,981.8,833.3333333333331,0.0,0.0,89.64692777799473,6293.222611822537,7043.222611822537,0.4431999999999999,1090.032435689399,965.0380160661952,38.00250815479034
2025-12-21 12:00:00,2025-12-21,72,967.6130850809976,1083.6438333333333,984.1491333333331,833.3333333333331,0.0,0.0,34.78505174766428,7043.222611822537,7793.222611822537,0.4410999999999999,1064.7447774422471,966.040758283307,35.575732588723895
2025-12-21 12:10:00,2025-12-21,73,976.898947304924,1086.7224,978.0274166666665,833.3333333333331,0.0,0.0,34.87063063825758,7793.222611822537,8543.222611822537,0.4551,1071.7156190195324,962.3231714857811,34.17316643783988
2025-12-21 12:20:00,2025-12-21,74,987.8693938653507,1045.5516666666667,977.45,833.3333333333331,0.0,0.0,86.43439386535078,8543.222611822537,9293.222611822535,0.4462999999999999,1070.8016634044466,951.841335461153,35.575732588723895
2025-12-21 12:30:00,2025-12-21,75,951.3431832223864,1039.1261166666666,953.79435,833.3333333333331,0.0,0.0,32.67808322238648,9293.222611822535,10043.222611822535,0.4113,1025.9213965771764,940.491281467708,32.57973477958478
2025-12-21 12:40:00,2025-12-21,76,978.9836130663437,1085.4605,924.9784,818.5015130663434,0.0,0.0,0.0,10043.222611822535,10779.873973582246,0.5682,1044.963455476597,931.4854866757084,32.172310932122
2025-12-21 12:50:00,2025-12-21,77,226.43785052661207,1139.4066666666663,898.40625,0.0,14.562566140054289,0.0,0.0,10779.873973582246,10763.69334453774,0.8278999999999999,1119.64411091409,918.6292399145952,25.422979527117377
2025-12-21 13:00:00,2025-12-21,78,258.62730542876454,1132.8891,868.5766166666667,0.0,5.685177904568718,0.0,0.0,10763.69334453774,10757.376480199331,0.8636,1129.4638085641689,892.6483672299546,21.81186409455023
2025-12-21 13:10:00,2025-12-21,79,269.4280543416685,1092.3975999999998,867.0114333333331,44.04188767500182,0.0,0.0,0.0,10757.376480199331,10797.014179106833,0.8416,1113.5231904237353,865.907000176617,21.81186409455023
2025-12-21 13:20:00,2025-12-21,80,283.094684507867,1058.3466666666666,881.3249999999998,3.317578770185921,0.0,0.0,102.75543907101432,10797.014179106833,10800.0,0.8618,1105.1957585250334,843.7953953843806,21.69432136721429
2025-12-21 13:30:00,2025-12-21,81,291.6856091752752,1055.568,863.0582999999998,0.0,0.0,0.0,99.17590917527512,10800.0,10800.0,0.8623,1093.5596215573985,819.9893507117009,18.11533832957798
2025-12-21 13:40:00,2025-12-21,82,305.54764345261094,1085.9077333333332,832.2836166666666,0.0,0.0,0.0,51.923526785944205,10800.0,10800.0,0.9026,1079.5138997854729,791.2327203770164,17.266464044154645
2025-12-21 13:50:00,2025-12-21,83,0.0,1109.8016666666667,807.9187499999998,0.0,301.8829166666668,0.0,0.0,10800.0,10464.574537037037,0.9754,1070.482375149078,757.0040624981408,17.76481192180819
2025-12-21 14:00:00,2025-12-21,84,0.0,1079.1305666666667,784.2339833333333,0.0,294.8965833333334,0.0,0.0,10464.574537037037,10136.911666666669,1.0002,1075.8433212813427,719.1425893227201,16.21920598206526
2025-12-21 14:10:00,2025-12-21,85,0.0,1051.8516166666666,734.1358666666665,0.0,317.71575,0.0,0.0,10136.911666666669,9783.894166666667,0.9978,1098.1526527348774,682.0285916247059,19.11514972771147
2025-12-21 14:20:00,2025-12-21,86,0.0,1048.9283333333333,664.7312499999999,0.0,384.19708333333335,0.0,0.0,9783.894166666667,9357.008518518518,1.0271,1109.425083228426,646.9849787506955,19.11514972771147
2025-12-21 14:30:00,2025-12-21,87,0.0,1040.18125,609.7969166666667,0.0,430.3843333333332,0.0,0.0,9357.008518518518,8878.803703703705,1.0906,1078.1650569021213,611.7156337312343,18.35988419773849
2025-12-21 14:40:00,2025-12-21,88,0.0,1044.6055,553.5727499999999,0.0,491.03275,0.0,0.0,8878.803703703705,8333.211759259257,0.9376,1068.8706564496986,573.6117464632805,11.79762322559958
2025-12-21 14:50:00,2025-12-21,89,1397.979492953654,1051.4716666666666,492.93125,833.3333333333331,0.0,0.0,6.105742953654044,8333.211759259257,9083.211759259257,0.6694,1090.2363383664765,530.4469050792466,4.856726333091046
2025-12-21 15:00:00,2025-12-21,90,1442.213223107162,1030.7194166666666,444.26583333333326,833.3333333333331,0.0,0.0,22.42630644049541,9083.211759259257,9833.211759259257,0.66,1086.237163847982,481.7085721315968,4.351298057443643
2025-12-21 15:10:00,2025-12-21,91,1470.7908615826195,1041.5735,400.7674166666666,829.984778249286,0.0,0.0,0.0,9833.211759259257,10580.198059683617,0.7217,1062.4595005388114,432.09949527061696,7.097522981091713
2025-12-21 15:20:00,2025-12-21,92,1506.9098834726235,1068.8316666666665,361.14375,244.22437812931497,0.0,0.0,554.9975886766422,10580.198059683617,10800.0,0.7308,1054.5812795270144,386.0493979982037,5.04466861047959
2025-12-21 15:30:00,2025-12-21,93,1302.2676781266955,1038.2059166666666,329.51135,0.0,0.0,0.0,593.5731114600289,10800.0,10800.0,0.7533999999999998,1086.075428415915,344.29294960152976,1.4440040809500374
2025-12-21 15:40:00,2025-12-21,94,787.7769900825785,1023.3541333333332,286.50898333333333,0.0,0.0,0.0,50.931840082578674,10800.0,10800.0,0.7823,1085.8514057949394,299.5184197933109,1.4440040809500374
2025-12-21 15:50:00,2025-12-21,95,793.180698043476,1031.736666666667,235.80625,0.0,2.7497186231905744,0.0,0.0,10800.0,10796.944757085344,0.8054999999999999,1042.165050524236,250.6298006176337,1.6454481368736538
2025-12-21 16:00:00,2025-12-21,96,812.8552869105907,1001.224,199.8421333333333,3.394714349617263,0.0,0.0,8.078705894306974,10796.944757085344,10800.0,0.8271,1012.8983228117202,203.1946713075908,3.1516354064615366
2025-12-21 16:10:00,2025-12-21,97,853.0279045559646,1003.6383666666668,160.99521666666666,0.0,0.0,0.0,10.384754555964603,10800.0,10800.0,0.8518999999999999,1007.798918158932,156.41302942141925,1.6420158184519096
2025-12-21 16:20:00,2025-12-21,98,916.1021103434498,1038.5466666666666,113.4375,0.0,9.007056323216828,0.0,0.0,10800.0,10789.992159640868,0.8790999999999999,1026.4710436401392,110.3689332966894,0.0
2025-12-21 16:30:00,2025-12-21,99,992.6751387759384,1029.6313666666665,69.83856666666667,11.119822621256189,0.0,0.0,21.76251615468252,10789.992159640868,10800.0,0.9024,1059.718286454131,67.04314767819247,0.0
2025-12-21 16:40:00,2025-12-21,100,1026.9740797176094,1021.8329333333332,28.96875,0.0,0.0,0.0,34.10989638427611,10800.0,10800.0,0.9163,1053.175562147017,26.201482429407577,0.0
2025-12-21 16:50:00,2025-12-21,101,1025.0687853520612,1028.7966666666666,0.0,0.0,3.727881314605384,0.0,0.0,10800.0,10795.857909650438,0.9264,1025.0687853520612,0.0,0.0
2025-12-21 17:00:00,2025-12-21,102,1044.7164403115075,1018.6957,0.0,4.602322610624267,0.0,0.0,21.418417700883285,10795.857909650438,10800.0,0.9462,1044.7164403115075,0.0,0.0
2025-12-21 17:10:00,2025-12-21,103,1055.5342346860075,1026.7837833333333,1.0334833333333333,0.0,0.0,0.0,29.78393468600757,10800.0,10800.0,0.9742,1055.5342346860075,0.0,0.0
2025-12-21 17:20:00,2025-12-21,104,1052.3735698748346,1056.4616666666666,0.0,0.0,4.088096791831958,0.0,0.0,10800.0,10795.457670231295,0.9862,1052.3735698748346,0.0,0.0
2025-12-21 17:30:00,2025-12-21,105,1064.550451280682,1048.3491333333332,0.0,5.047033076336649,0.0,0.0,11.154284871012148,10795.457670231295,10800.0,0.976,1064.550451280682,0.0,0.0
2025-12-21 17:40:00,2025-12-21,106,930.0339410726898,898.8176333333333,0.0741999999999999,0.0,0.0,0.0,31.290507739356368,10800.0,10800.0,1.0742,930.0339410726898,0.0,0.0
2025-12-21 17:50:00,2025-12-21,107,733.6772181323771,712.6333333333333,0.0,0.0,0.0,0.0,21.043884799043667,10800.0,10800.0,1.2313,733.6772181323771,0.0,0.0
2025-12-21 18:00:00,2025-12-21,108,739.9823878114335,715.41445,0.0,0.0,0.0,0.0,24.56793781143358,10800.0,10800.0,1.2561,739.9823878114335,0.0,0.0
2025-12-21 18:10:00,2025-12-21,109,763.8117385863527,748.2732666666667,0.0053333333333333,0.0,0.0,0.0,15.543805253019286,10800.0,10800.0,1.2447,763.8117385863527,0.0,0.0
2025-12-21 18:20:00,2025-12-21,110,718.1257292425423,730.0083333333333,0.0,0.0,11.882604090791006,0.0,0.0,10800.0,10786.797106565788,1.2545,718.1257292425423,0.0,0.0
2025-12-21 18:30:00,2025-12-21,111,704.1232262520211,734.3443833333333,0.0,0.0,30.221157081312185,0.0,0.0,10786.797106565788,10753.218043142107,1.2522,703.0655761224585,0.0,1.0576501295625746
2025-12-21 18:40:00,2025-12-21,112,272.00947508499974,750.0835999999998,0.0003833333333333,0.0,478.07374158166687,0.0,0.0,10753.218043142107,10222.024996940256,1.2881,716.6462784337265,0.0,1.5181367831748958
2025-12-21 18:50:00,2025-12-21,113,0.0,748.46,0.0,0.0,748.46,0.0,0.0,10222.024996940256,9390.402774718032,1.3466,735.3943738273458,0.0,0.2536198668078668
2025-12-21 19:00:00,2025-12-21,114,0.0,722.4832333333333,0.0,0.0,722.4832333333333,0.0,0.0,9390.402774718032,8587.643626569887,1.3523,746.7007667321642,0.0,0.0
2025-12-21 19:10:00,2025-12-21,115,0.0,726.1655166666666,0.0,0.0,726.1655166666666,0.0,0.0,8587.643626569887,7780.793052495811,1.3445,755.003521713534,0.0,0.0
2025-12-21 19:20:00,2025-12-21,116,0.0,744.4316666666666,0.0,0.0,744.4316666666666,0.0,0.0,7780.793052495811,6953.646756199515,1.3483,753.6340310832038,0.0,0.723606795982306
2025-12-21 19:30:00,2025-12-21,117,0.0,716.9287,0.0,0.0,716.9287,0.0,0.0,6953.646756199515,6157.059311755072,1.349,732.8319094526397,0.0,0.723606795982306
2025-12-21 19:40:00,2025-12-21,118,0.0,733.1194999999999,0.0,0.0,733.1194999999999,0.0,0.0,6157.059311755072,5342.4820895328485,1.3473,729.6347100971972,0.0,2.562752176817753
2025-12-21 19:50:00,2025-12-21,119,0.0,780.2683333333332,0.0,0.0,780.2683333333332,0.0,0.0,5342.4820895328485,4475.517274718033,1.3482,753.8711699708105,0.0,4.042131442662593
2025-12-21 20:00:00,2025-12-21,120,0.0,747.5859,0.0,0.0,747.5859,0.0,0.0,4475.517274718033,3644.8662747180338,1.3513,773.43207257816,0.0,4.087804276026161
2025-12-21 20:10:00,2025-12-21,121,0.0,692.8171,0.0,0.0,692.8171,0.0,0.0,3644.8662747180338,2875.0694969402566,1.34,753.361059428694,0.0,5.571708602542174
2025-12-21 20:20:00,2025-12-21,122,0.0,681.7516666666667,0.0,0.0,681.7516666666667,0.0,0.0,2875.0694969402566,2117.567645088405,1.3489,716.123852760281,0.0,4.531525192321766
2025-12-21 20:30:00,2025-12-21,123,0.0,720.3711,0.0,0.0,720.3711,0.0,0.0,2117.567645088405,1317.1553117550716,1.3952,718.7624226215518,0.0,2.5984144533731524
2025-12-21 20:40:00,2025-12-21,124,739.5113762144749,722.8001666666665,0.0,16.711209547808267,0.0,0.0,0.0,1317.1553117550716,1332.1954003480987,1.2226,737.1014179002212,0.0,2.409958314253629
2025-12-21 20:50:00,2025-12-21,125,747.4831337796105,690.7433333333332,0.0,56.739800446277286,0.0,0.0,0.0,1332.1954003480987,1383.2612207497484,0.9332,744.6503791057327,0.0,2.8327546738780143
2025-12-21 21:00:00,2025-12-21,126,740.5118997394882,704.5435,0.0,35.96839973948818,0.0,0.0,0.0,1383.2612207497484,1415.6327805152878,0.9068,738.2951197876763,0.0,2.216779951811929
2025-12-21 21:10:00,2025-12-21,127,736.5832809848325,721.1607166666665,0.0,15.422564318165996,0.0,0.0,0.0,1415.6327805152878,1429.513088401637,0.9371,734.0649780639128,0.0,2.518302920919666
2025-12-21 21:20:00,2025-12-21,128,746.4805767306173,726.3049999999998,0.0,20.17557673061731,0.0,0.0,0.0,1429.513088401637,1447.6711074591926,0.9371,745.6098940430238,0.0,0.8706826875933587
2025-12-21 21:30:00,2025-12-21,129,762.8223797663862,739.5190333333331,0.0,23.303346433053093,0.0,0.0,0.0,1447.6711074591926,1468.6441192489403,0.9871,760.9834276390977,0.0,1.838952127288508
2025-12-21 21:40:00,2025-12-21,130,698.8797505374747,678.4992333333332,0.0,20.380517204141483,0.0,0.0,0.0,1468.6441192489403,1486.9865847326678,0.7763999999999999,698.8277874755278,0.0,0.0519630619469353
2025-12-21 21:50:00,2025-12-21,131,1429.914782785334,572.4,0.0,833.3333333333331,0.0,0.0,24.18144945200072,1486.9865847326678,2236.986584732668,0.4209,596.5814494520007,0.0,0.0
2025-12-21 22:00:00,2025-12-21,132,1414.866379775887,545.0923166666666,0.0,833.3333333333331,0.0,0.0,36.44072977588712,2236.986584732668,2986.986584732668,0.3859,581.5330464425538,0.0,0.0
2025-12-21 22:10:00,2025-12-21,133,593.6439286632544,550.8361333333332,0.0,42.80779532992119,0.0,0.0,0.0,2986.986584732668,3025.5136005295967,0.4368,593.6439286632544,0.0,0.0
2025-12-21 22:20:00,2025-12-21,134,1419.800856631086,542.5999999999999,0.0,833.3333333333331,0.0,0.0,43.86752329775277,3025.5136005295967,3775.5136005295967,0.4198,586.4675232977527,0.0,0.0
2025-12-21 22:30:00,2025-12-21,135,1405.8651696437714,525.919,0.0,833.3333333333331,0.0,0.0,46.612836310438176,3775.5136005295967,4525.513600529597,0.4186,572.5318363104383,0.0,0.0
2025-12-21 22:40:00,2025-12-21,136,570.0133360109735,543.3939166666667,0.0,26.619419344306834,0.0,0.0,0.0,4525.513600529597,4549.471077939474,0.4240999999999999,570.0133360109735,0.0,0.0
2025-12-21 22:50:00,2025-12-21,137,1415.192938890949,584.8283333333333,0.0,830.3646055576158,0.0,0.0,0.0,4549.471077939474,5296.799222941328,0.4237,581.859605557616,0.0,0.0
2025-12-21 23:00:00,2025-12-21,138,598.707085002312,592.4525666666666,0.0,6.254518335645344,0.0,0.0,0.0,5296.799222941328,5302.428289443408,0.4248,597.4027189884987,0.0,1.304366013813194
2025-12-21 23:10:00,2025-12-21,139,613.4033913307669,565.9438,0.0,47.4595913307669,0.0,0.0,0.0,5302.428289443408,5345.141921641099,0.4239999999999999,608.6155594049981,0.0,4.787831925768785
2025-12-21 23:20:00,2025-12-21,140,1436.2606496873275,550.9316666666666,0.0,833.3333333333331,0.0,0.0,51.99564968732784,5345.141921641099,6095.141921641099,0.4219999999999999,602.9273163539946,0.0,0.0
2025-12-21 23:30:00,2025-12-21,141,913.8850500909107,589.9602166666666,0.0,323.9248334242443,0.0,0.0,0.0,6095.141921641099,6386.674271722918,0.4239999999999999,580.5517167575777,0.0,0.0
2025-12-21 23:40:00,2025-12-21,142,597.9462807667916,595.3318333333333,0.0,2.614447433458281,0.0,0.0,0.0,6386.674271722918,6389.027274413032,0.4270999999999999,597.9462807667916,0.0,0.0
2025-12-21 23:50:00,2025-12-21,143,637.7442021081315,577.4,0.0,60.344202108131526,0.0,0.0,0.0,6389.027274413032,6443.337056310349,0.4275999999999999,637.7442021081315,0.0,0.0
